iso3,log_studies_value,log_studies_lisa_I,log_studies_lisa_p,log_studies_lisa_cat_raw,log_studies_lisa_cat_fdr,log_studies_value_missing,log_studies_getis_z,log_studies_getis_p,log_studies_getis_sig_fdr,research_intensity_per_mha_value,research_intensity_per_mha_lisa_I,research_intensity_per_mha_lisa_p,research_intensity_per_mha_lisa_cat_raw,research_intensity_per_mha_lisa_cat_fdr,research_intensity_per_mha_value_missing,research_intensity_per_mha_getis_z,research_intensity_per_mha_getis_p,research_intensity_per_mha_getis_sig_fdr,citation_weighted_value,citation_weighted_lisa_I,citation_weighted_lisa_p,citation_weighted_lisa_cat_raw,citation_weighted_lisa_cat_fdr,citation_weighted_value_missing,citation_weighted_getis_z,citation_weighted_getis_p,citation_weighted_getis_sig_fdr,evidence_gap_value,evidence_gap_lisa_I,evidence_gap_lisa_p,evidence_gap_lisa_cat_raw,evidence_gap_lisa_cat_fdr,evidence_gap_value_missing,evidence_gap_getis_z,evidence_gap_getis_p,evidence_gap_getis_sig_fdr,cell_coverage_pct_value,cell_coverage_pct_lisa_I,cell_coverage_pct_lisa_p,cell_coverage_pct_lisa_cat_raw,cell_coverage_pct_lisa_cat_fdr,cell_coverage_pct_value_missing,cell_coverage_pct_getis_z,cell_coverage_pct_getis_p,cell_coverage_pct_getis_sig_fdr,wb_region,wb_income_group,n_studies_fractional,need_rank_pct,evidence_gap
AFG,0.0,-0.3852848446387148,0.1509,Not significant,Not significant,False,0.24785362369215047,0.1509,False,0.0,0.044231139464133186,0.4651,Not significant,Not significant,False,-0.158414834156292,0.4651,False,0.0,-0.012014604808984993,0.1719,Not significant,Not significant,False,0.020452944755088062,0.1719,False,-77.91683273548558,0.5250254146027463,0.2507,Not significant,Not significant,False,-0.5141552018830127,0.2507,False,0.0,-0.2686527691767665,0.1955,Not significant,Not significant,False,0.1802271163625041,0.1955,False,"Middle East, North Africa, Afghanistan & Pakistan",Low income,0.0,0.9689119170984456,-77.91683273548558
AGO,0.0,0.3488312289574639,0.1607,Not significant,Not significant,False,-0.4656821868490543,0.1602,False,0.0,0.06529915410573862,0.3146,Not significant,Not significant,False,-0.20986383294638555,0.3146,False,0.0,0.03229677711496696,0.3661,Not significant,Not significant,False,-0.1640185850705226,0.3661,False,-74.28988973030424,1.947223827731491,0.0066,Low-Low,Low-Low,False,-1.1324657072967463,0.0066,True,0.0,0.3587741801135213,0.1169,Not significant,Not significant,False,-0.5041962336730528,0.1169,False,Sub-Saharan Africa ,Lower middle income,0.0,0.9326424870466321,-74.28988973030424
ALB,0.6931471805599453,-0.031015855569283577,0.398,Not significant,Not significant,False,0.022385660119480975,0.398,False,6.260407928180601,0.2128790912841732,0.05,Not significant,Not significant,False,0.5285428379441309,0.05,False,1.0,0.03690705113902081,0.1981,Not significant,Not significant,False,-0.18371454474805818,0.1981,False,-4.3828882688986255,-0.08904622241859698,0.0377,Low-High,Not significant,False,0.5992692064249734,0.0377,False,7.6923076923076925,-0.08179604416042513,0.2801,Not significant,Not significant,False,0.12021902051139648,0.2801,False,Europe & Central Asia,Upper middle income,1.0,0.5233160621761658,-4.3828882688986255
ARE,0.0,0.19051137143881264,0.3206,Not significant,Not significant,False,-0.3118006796563927,0.3205,False,0.0,-0.00020661728468076773,0.3197,Not significant,Not significant,False,-0.04989591900947876,0.3197,False,0.0,0.02045093325214292,0.3778,Not significant,Not significant,False,-0.11470346907615371,0.3778,False,7.05726052876312,0.0012137172934844841,0.4913,Not significant,Not significant,False,0.03130578160928662,0.4913,False,0.0,-0.1342545399026384,0.3156,Not significant,Not significant,False,0.0336199513009865,0.3157,False,"Middle East, North Africa, Afghanistan & Pakistan",High income,0.0,0.11917098445595854,7.05726052876312
ARG,2.7880929087757464,0.5535067153366712,0.1341,Not significant,Not significant,False,0.5640748399194148,0.1341,False,0.4188920593447814,0.03637818116466413,0.4785,Not significant,Not significant,False,-0.14667302392458698,0.4785,False,652.75,0.03924165670000764,0.1255,Not significant,Not significant,False,0.14831445831630427,0.1255,False,48.31938355254418,0.5451964218116631,0.1443,Not significant,Not significant,False,0.5515004260588082,0.1443,False,19.047619047619047,0.09321537497529189,0.1105,Not significant,Not significant,False,0.4708747549946978,0.1105,False,Latin America & Caribbean ,Upper middle income,15.25,0.38860103626943004,48.31938355254418
ARM,0.4054651081081644,-0.028147343244489417,0.4305,Not significant,Not significant,False,-0.04086822871054355,0.4305,False,3.618379631706848,0.018727482490168996,0.1312,Not significant,Not significant,False,0.22545557987422785,0.1312,False,0.5,0.03609128077594159,0.2286,Not significant,Not significant,False,-0.1800594148195979,0.2284,False,-20.899428723262922,0.1335426559379171,0.2726,Not significant,Not significant,False,-0.2852633383013176,0.2726,False,10.0,0.00047081781531604065,0.4582,Not significant,Not significant,False,-0.041508419573970244,0.4582,False,Europe & Central Asia,Upper middle income,0.5,0.6269430051813472,-20.899428723262922
ATG,0.0,0.7816947949946764,0.0023,Low-Low,Low-Low,False,-0.8864108243969333,0.0001,True,0.0,0.12383193799472729,0.0001,Low-Low,Low-Low,False,-0.35280341119873404,0.0001,True,0.0,0.04260996645140386,0.0001,Low-Low,Low-Low,False,-0.20695314796767572,0.0001,True,12.756742394048093,0.026119279074132334,0.4321,Not significant,Not significant,False,0.1154215726373475,0.4321,False,0.0,0.6206060486443279,0.0023,Low-Low,Low-Low,False,-0.7898133000241716,0.0001,True,Latin America & Caribbean ,High income,0.0,0.06217616580310881,12.756742394048093
AUS,3.7645168683195562,-0.6782540838771611,0.2054,Not significant,Not significant,False,-0.016344177889544828,0.2054,False,1.8084952722837682,0.025586733507488836,0.3193,Not significant,Not significant,False,-0.17853871254461123,0.3193,False,1819.7857142857142,-0.2384843377709253,0.188,Not significant,Not significant,False,0.030893185101641595,0.188,False,67.38939816660024,-0.7348930242627411,0.1534,Not significant,Not significant,False,-0.10396970604321176,0.1534,False,42.857142857142854,-0.5244871988950859,0.186,Not significant,Not significant,False,-0.12530077228724731,0.186,False,East Asia & Pacific,High income,42.14285714285714,0.29533678756476683,67.38939816660024
AUT,1.2308802572458604,0.021651112909674447,0.131,Not significant,Not significant,False,0.40973675389256903,0.131,False,2.5540063804187394,-0.004242475267107739,0.2407,Not significant,Not significant,False,0.06478789931629464,0.2407,False,11.848484848484848,-0.024652711918249175,0.1222,Not significant,Not significant,False,0.0796309935978197,0.1222,False,52.71422877640494,1.5315155885975429,0.0022,High-High,High-High,False,1.1507144548523598,0.0022,True,42.857142857142854,0.6753793508689079,0.12,Not significant,Not significant,False,0.6166795495884234,0.12,False,Europe & Central Asia,High income,2.4242424242424243,0.10362694300518134,52.71422877640494
AZE,1.0986122886681098,0.010066166076223257,0.3395,Not significant,Not significant,False,-0.1684554486200834,0.3395,False,1.6627884896459826,0.024507511759117355,0.3904,Not significant,Not significant,False,-0.15753158278169635,0.3904,False,14.0,0.03519627444022107,0.1878,Not significant,Not significant,False,-0.18319006003084864,0.1878,False,0.948585093662814,-0.009395306091137817,0.0789,Not significant,Not significant,False,-0.4860447067478673,0.0789,False,6.666666666666667,0.038782602017666916,0.462,Not significant,Not significant,False,-0.13853311275336877,0.462,False,Europe & Central Asia,Upper middle income,2.0,0.5751295336787565,0.948585093662814
BDI,0.0,-0.4895613566304548,0.0973,Not significant,Not significant,False,0.34920684041161504,0.0973,False,0.0,0.03629631371677119,0.4854,Not significant,Not significant,False,-0.13903764806541877,0.4854,False,0.0,0.007193232867659441,0.2416,Not significant,Not significant,False,-0.05951069092961436,0.2416,False,-81.02564102564102,1.4641948014710842,0.0414,Low-Low,Not significant,False,-0.8938876613264062,0.0414,False,0.0,-0.17934802138663675,0.2668,Not significant,Not significant,False,0.08280979196204688,0.2668,False,Sub-Saharan Africa ,Low income,0.0,1.0,-81.02564102564102
BEL,1.890850371872286,0.37722692220251064,0.0529,Not significant,Not significant,False,0.6729080157862136,0.0529,False,11.967932324268201,1.1593865158754746,0.0326,High-High,Not significant,False,1.0918006768659,0.0326,False,89.79166666666666,-0.016750778606701044,0.1208,Not significant,Not significant,False,0.09048299349171068,0.1208,False,63.75581240866214,2.6648682301432367,0.0001,High-High,High-High,False,1.608959667660367,0.0001,True,45.45454545454545,2.201016792901013,0.0017,High-High,High-High,False,1.460970572595316,0.0017,True,Europe & Central Asia,High income,5.625,0.08808290155440414,63.75581240866214
BEN,1.1786549963416462,0.0024671734148267966,0.1812,Not significant,Not significant,False,0.3182274186124895,0.1812,False,0.6520211699972198,0.07747709011716651,0.0738,Not significant,Not significant,False,-0.2815095712687637,0.0738,False,62.25,0.013361335642685723,0.3342,Not significant,Not significant,False,-0.09641652561995888,0.3342,False,-22.148266241530493,0.27603659656015933,0.1213,Not significant,Not significant,False,-0.4853023167978312,0.1213,False,12.5,-0.06822671136972097,0.141,Not significant,Not significant,False,0.362100139744895,0.1409,False,Sub-Saharan Africa ,Lower middle income,2.25,0.844559585492228,-22.148266241530493
BFA,2.163323025660538,-0.1259990006515214,0.367,Not significant,Not significant,False,-0.03665350348966099,0.3669,False,1.1096316023080337,0.06707639650996972,0.0414,Low-Low,Not significant,False,-0.29247841472523284,0.0414,False,164.2,0.010025652056906826,0.4398,Not significant,Not significant,False,-0.13360262759588204,0.4398,False,3.882024711040259,-0.06738462444026269,0.0391,High-Low,Not significant,False,-0.6034978194511915,0.0391,False,42.857142857142854,-0.27523609266422455,0.3571,Not significant,Not significant,False,0.028832548677003,0.3571,False,Sub-Saharan Africa ,Low income,7.699999999999999,0.7150259067357513,3.882024711040259
BGD,3.51650822817315,2.0213977517991837,0.0049,High-High,High-High,False,1.2334312798018217,0.0049,True,2.3844150660501957,0.011883993097352252,0.3654,Not significant,Not significant,False,-0.1547339288559191,0.3654,False,332.66666666666663,0.10562302516599557,0.0341,High-High,Not significant,False,1.295977757298403,0.0341,False,12.499003587086477,-0.012106881162064284,0.4555,Not significant,Not significant,False,0.013568681181400522,0.4555,False,33.333333333333336,0.772803190599982,0.0327,High-High,Not significant,False,0.8629141440203547,0.0327,False,South Asia,Lower middle income,32.66666666666667,0.8134715025906736,12.499003587086477
BGR,1.4388652481292288,-0.0015945789604702595,0.4809,Not significant,Not significant,False,0.022385660119480975,0.4809,False,1.0997001012905396,-0.13189408197985542,0.046,Low-High,Not significant,False,0.47834423923586356,0.046,False,27.30681818181818,0.03377267257523548,0.1696,Not significant,Not significant,False,-0.18431085812162973,0.1696,False,24.69775474956821,0.3515016393983736,0.0885,Not significant,Not significant,False,0.5620995474400649,0.0885,False,26.31578947368421,0.0037597777196139784,0.4452,Not significant,Not significant,False,0.08454817743073534,0.4452,False,Europe & Central Asia,High income,3.2159090909090913,0.41968911917098445,24.69775474956821
BHR,0.0,0.19051137143881264,0.3088,Not significant,Not significant,False,-0.3118006796563927,0.3086,False,0.0,-0.00020661728468076285,0.3199,Not significant,Not significant,False,-0.04989591900947876,0.3199,False,0.0,0.020450933252142915,0.3743,Not significant,Not significant,False,-0.11470346907615371,0.3744,False,6.539125813737213,0.0014934869829567935,0.4996,Not significant,Not significant,False,0.03130578160928662,0.4996,False,0.0,-0.1342545399026384,0.3084,Not significant,Not significant,False,0.0336199513009865,0.3084,False,"Middle East, North Africa, Afghanistan & Pakistan",High income,0.0,0.12435233160621761,6.539125813737213
BHS,0.0,0.7044987780281359,0.006,Low-Low,Low-Low,False,-0.8113789261482748,0.006,True,0.0,0.11649109089665571,0.0105,Low-Low,Not significant,False,-0.3348767465418233,0.0105,False,0.0,0.04258131870324708,0.005,Low-Low,Not significant,False,-0.2068338852929614,0.0034,True,13.793011824099906,-0.16013812918696801,0.1312,Not significant,Not significant,False,-0.3366387293031303,0.1312,False,0.0,0.5761336418772198,0.0055,Low-Low,Low-Low,False,-0.7413009534344723,0.0055,True,Latin America & Caribbean ,High income,0.0,0.05181347150259067,13.793011824099906
BIH,0.7375989431307791,-0.014666081504282119,0.4338,Not significant,Not significant,False,-0.008204594631751232,0.4338,False,3.1200156125581247,0.007436961311501336,0.0636,Not significant,Not significant,False,0.3977883438801076,0.0636,False,8.181818181818182,0.02239632812829322,0.4309,Not significant,Not significant,False,-0.12500884837760423,0.4309,False,5.926664009565563,0.11021535104335237,0.0302,High-High,Not significant,False,0.6621516416523435,0.0302,False,16.666666666666668,-0.00149823434339022,0.4801,Not significant,Not significant,False,-0.013371415847002683,0.4801,False,Europe & Central Asia,Upper middle income,1.0909090909090908,0.47150259067357514,5.926664009565563
BLR,1.6094379124341003,0.08069480370769667,0.2634,Not significant,Not significant,False,0.25629271460211905,0.2634,False,1.3278900464549053,0.040268680814530194,0.2625,Not significant,Not significant,False,-0.20519757823606638,0.2625,False,14.0,0.01336245626729771,0.2918,Not significant,Not significant,False,-0.08685364681911616,0.2918,False,21.049554935565297,0.18023656239952207,0.2158,Not significant,Not significant,False,0.36171445471008823,0.2158,False,36.36363636363637,0.630867188520731,0.0824,Not significant,Not significant,False,0.6633519910036375,0.0826,False,Europe & Central Asia,Upper middle income,4.0,0.47668393782383417,21.049554935565297
BLZ,0.0,0.45979319383413375,0.0872,Not significant,Not significant,False,-0.5735334359841767,0.0854,False,0.0,0.05523246272570678,0.3885,Not significant,Not significant,False,-0.18528053919792264,0.3885,False,0.0,0.041399599091780356,0.0479,Low-Low,Not significant,False,-0.20191429996099594,0.0478,False,-20.403879367609935,0.38581268684642667,0.0402,Low-Low,Not significant,False,-0.6850854717304814,0.0402,False,0.0,0.4034760626637413,0.0814,Not significant,Not significant,False,-0.5529589019685811,0.0813,False,Latin America & Caribbean ,Upper middle income,0.0,0.39378238341968913,-20.403879367609935
BOL,0.6931471805599453,-0.25810523565395743,0.0501,Not significant,Not significant,False,0.5640748399194148,0.0501,False,0.2861506245380456,0.03743112665580247,0.4855,Not significant,Not significant,False,-0.14667302392458698,0.4855,False,1.0,-0.04252696137534988,0.0974,Not significant,Not significant,False,0.14831445831630427,0.0974,False,-27.180815730038525,-0.5528917738287714,0.0258,Low-High,Not significant,False,0.5515004260588082,0.0258,False,5.2631578947368425,-0.33027087075597117,0.0746,Not significant,Not significant,False,0.4708747549946978,0.0746,False,Latin America & Caribbean ,Lower middle income,1.0,0.7512953367875648,-27.180815730038525
BRA,4.546304433121055,-1.202794728242672,0.1169,Not significant,Not significant,False,-0.0395369450122449,0.1169,False,1.1558347214088494,0.05590512448123711,0.1238,Not significant,Not significant,False,-0.2537553103803536,0.1238,False,2101.9500000000003,-0.2984927258318946,0.1024,Not significant,Not significant,False,0.054971538239901106,0.1022,False,65.30091669988043,-0.36784794261957393,0.2969,Not significant,Not significant,False,0.060800733678282856,0.2969,False,76.19047619047619,-1.5082642919341989,0.0993,Not significant,Not significant,False,0.02121829878933411,0.0993,False,Latin America & Caribbean ,Upper middle income,93.28333333333333,0.3316062176165803,65.30091669988043
BRB,0.0,0.7816947949946764,0.0024,Low-Low,Low-Low,False,-0.8864108243969333,0.0001,True,0.0,0.12383193799472729,0.0001,Low-Low,Low-Low,False,-0.35280341119873404,0.0001,True,0.0,0.04260996645140386,0.0001,Low-Low,Low-Low,False,-0.20695314796767572,0.0001,True,6.020991098711308,-0.012997450777365858,0.4094,Not significant,Not significant,False,-0.052820041715396365,0.4094,False,0.0,0.6206060486443279,0.0024,Low-Low,Low-Low,False,-0.7898133000241716,0.0001,True,Latin America & Caribbean ,High income,0.0,0.12953367875647667,6.020991098711308
BRN,0.0,-0.6810790962473342,0.04,Low-High,Not significant,False,0.5353555578768591,0.04,False,0.0,0.0507609840751081,0.4219,Not significant,Not significant,False,-0.17436099582385134,0.4219,False,0.0,0.01717016926010626,0.3234,Not significant,Not significant,False,-0.10104540818230821,0.3234,False,14.82928125415172,0.25960554224374144,0.0446,High-High,Not significant,False,0.6380992105008406,0.0446,False,0.0,-0.18487320678790964,0.2607,Not significant,Not significant,False,0.08883689345359776,0.2607,False,East Asia & Pacific,High income,0.0,0.04145077720207254,14.82928125415172
BTN,0.0,-1.3992891713151467,0.0005,Low-High,Low-High,False,1.2334312798018217,0.0005,True,0.0,0.04272383381025616,0.4766,Not significant,Not significant,False,-0.1547339288559191,0.4766,False,0.0,-0.31840479507582564,0.0339,Low-High,Not significant,False,1.295977757298403,0.0339,False,-54.60077055931977,-0.37223719952056405,0.2777,Not significant,Not significant,False,0.013568681181400522,0.2777,False,0.0,-0.8944879909896502,0.0095,Low-High,Not significant,False,0.8629141440203547,0.0095,False,South Asia,Lower middle income,0.0,0.7357512953367875,-54.60077055931977
BWA,0.4054651081081644,-0.006792661782697341,0.468,Not significant,Not significant,False,-0.0726347354627246,0.468,False,3.2302370864811993,0.001341027573109118,0.2711,Not significant,Not significant,False,0.04369344420453036,0.2711,False,1.0,0.02264149923972459,0.4214,Not significant,Not significant,False,-0.12408546615367977,0.4214,False,-21.93569815331474,0.24301231264401457,0.1488,Not significant,Not significant,False,-0.4399563360659052,0.1488,False,11.11111111111111,0.0529820094960835,0.3066,Not significant,Not significant,False,-0.23590825632092807,0.3066,False,Sub-Saharan Africa ,Upper middle income,0.5,0.6373056994818653,-21.93569815331474
CAF,0.0,0.5369892108006743,0.0514,Not significant,Not significant,False,-0.6485653342328351,0.0496,False,0.0,0.11108135179426613,0.0278,Low-Low,Not significant,False,-0.32166593074981603,0.0278,False,0.0,0.04229484122167939,0.019,Low-Low,Not significant,False,-0.20564125854581827,0.0189,False,-79.9893715955892,2.3547718050098942,0.0026,Low-Low,Low-Low,False,-1.2590331614812549,0.0026,True,0.0,0.5094250317265577,0.0223,Low-Low,Not significant,False,-0.6685324335499235,0.0217,False,Sub-Saharan Africa ,Low income,0.0,0.9896373056994818,-79.9893715955892
CAN,3.665086734117788,0.5983916186390335,0.2051,Not significant,Not significant,False,0.5427772072463749,0.2051,False,1.2764017089912643,0.0469613927178041,0.1904,Not significant,Not significant,False,-0.22928810658763113,0.1904,False,1453.202380952381,1.791232384548576,0.0129,High-High,Not significant,False,1.6774394223721367,0.0129,False,66.88720605819051,0.4029269533779065,0.2903,Not significant,Not significant,False,0.44864932108896133,0.2903,False,69.23076923076923,0.569051195112356,0.2647,Not significant,Not significant,False,0.570101422690046,0.2647,False,North America,High income,38.05952380952381,0.2849740932642487,66.88720605819051
CHE,0.9162907318741551,-0.08058421174246794,0.1593,Not significant,Not significant,False,0.33396734542887413,0.1593,False,7.2779780030392835,0.396529000555738,0.0388,High-High,Not significant,False,0.7451201635314777,0.0388,False,19.0,-0.014959409780354285,0.1604,Not significant,Not significant,False,0.040147820226489835,0.1604,False,39.845888136043584,1.4781584349728747,0.0004,High-High,High-High,False,1.3683651300689832,0.0004,True,9.090909090909092,-0.31338917702963187,0.021,Low-High,Not significant,False,0.7796775848917623,0.021,False,Europe & Central Asia,High income,1.5,0.15025906735751296,39.845888136043584
CHL,1.0986122886681098,-0.03580543454847698,0.0624,Not significant,Not significant,False,0.5640748399194148,0.0624,False,3.490664566682864,-0.010818721122610932,0.3358,Not significant,Not significant,False,-0.14667302392458698,0.3358,False,81.0,-0.02720427486135615,0.0993,Not significant,Not significant,False,0.14831445831630427,0.0993,False,38.254284575528104,0.47509042378879596,0.1213,Not significant,Not significant,False,0.5515004260588082,0.1213,False,13.333333333333334,-0.062498818612915896,0.0941,Not significant,Not significant,False,0.4708747549946978,0.0941,False,Latin America & Caribbean ,High income,2.0,0.20207253886010362,38.254284575528104
CHN,5.534612155232998,1.1360065265982466,0.1817,Not significant,Not significant,False,0.7684081054698075,0.1817,False,1.8751324354971601,0.015219991791713228,0.4879,Not significant,Not significant,False,-0.11879397103940026,0.4879,False,8392.535714285714,-0.568539140123587,0.303,Not significant,Not significant,False,0.89931180495109,0.303,False,44.05207918161287,-0.27370115084239993,0.2796,Not significant,Not significant,False,-0.038915278597155184,0.2796,False,50.0,0.5486201268160195,0.2055,Not significant,Not significant,False,0.5200200578977079,0.2056,False,East Asia & Pacific,Upper middle income,252.3095238095238,0.5492227979274611,44.05207918161287
CIV,0.6931471805599453,0.034167406338707386,0.4285,Not significant,Not significant,False,-0.13309967198393294,0.4284,False,0.09582835776528423,0.08682124051237679,0.1299,Not significant,Not significant,False,-0.26783975245176017,0.1299,False,14.0,0.03139767841756416,0.3331,Not significant,Not significant,False,-0.16642967881099702,0.3331,False,-33.91656702537532,0.6712127573163164,0.0331,Low-Low,Not significant,False,-0.7683384852490409,0.0331,False,6.25,0.04359836202939148,0.4551,Not significant,Not significant,False,-0.1470247077106566,0.4551,False,Sub-Saharan Africa ,Lower middle income,1.0,0.8186528497409327,-33.91656702537532
CMR,1.0986122886681098,0.022606652681486317,0.147,Not significant,Not significant,False,-0.36871631037934305,0.147,False,0.3445087136933463,0.10494166113640067,0.0093,Low-Low,Not significant,False,-0.3343130079259201,0.0092,False,2.0,0.033292224571338944,0.3195,Not significant,Not significant,False,-0.1690514699434667,0.3194,False,-19.776803507373444,0.5639182526532954,0.0042,Low-Low,Low-Low,False,-0.9905287746871682,0.0042,True,5.555555555555555,0.17161853639352473,0.2114,Not significant,Not significant,False,-0.3641412392616145,0.2114,False,Sub-Saharan Africa ,Lower middle income,2.0,0.7823834196891192,-19.776803507373444
COD,0.0,0.022541775650678712,0.498,Not significant,Not significant,False,-0.14853995565419242,0.498,False,0.0,0.07784648372144516,0.2169,Not significant,Not significant,False,-0.24050495206458447,0.2169,False,0.0,0.02987031284608861,0.4302,Not significant,Not significant,False,-0.15391703652222022,0.4302,False,-75.84429387538196,2.068308691493527,0.005,Low-Low,Low-Low,False,-1.1727955397176186,0.005,True,0.0,0.2023536516679542,0.2905,Not significant,Not significant,False,-0.33356623090676213,0.2903,False,Sub-Saharan Africa ,Low income,0.0,0.9481865284974094,-75.84429387538196
COG,0.0,0.6593420028976754,0.0151,Low-Low,Not significant,False,-0.7674880793148843,0.0131,False,0.0,0.12144838608364711,0.0046,Low-Low,Low-Low,False,-0.34698267481348805,0.0045,True,0.0,0.04255267095509031,0.0063,Low-Low,Not significant,False,-0.2067146226182471,0.0051,True,-58.745848279527024,1.934693271026951,0.0011,Low-Low,Low-Low,False,-1.2907452511037372,0.0011,True,0.0,0.5835457096717379,0.0035,Low-Low,Low-Low,False,-0.7493863445327555,0.0033,True,Sub-Saharan Africa ,Lower middle income,0.0,0.7772020725388601,-58.745848279527024
COK,0.0,0.6024511943866643,0.0283,Low-Low,Not significant,False,-0.7121921518406433,0.0275,False,0.0,0.10946952147838639,0.0325,Low-Low,Not significant,False,-0.3177297717247616,0.0323,False,0.0,0.0423807844661497,0.0141,Low-Low,Not significant,False,-0.2059990465699612,0.0138,False,18.45622425933307,-0.09358850230643705,0.3114,Not significant,Not significant,False,-0.0997611576102377,0.3114,False,0.0,0.4617760244760848,0.0431,Low-Low,Not significant,False,-0.6165549193466743,0.0431,False,,,0.0,0.0051813471502590676,18.45622425933307
COL,2.463853240590168,-0.3602943140919685,0.1908,Not significant,Not significant,False,-0.17649806122638495,0.1907,False,2.854362006811384,0.0009893020071057373,0.4155,Not significant,Not significant,False,-0.05818608610913835,0.4155,False,53.75,0.03237265654833529,0.0526,Not significant,Not significant,False,-0.19523559017699438,0.0526,False,16.274744254018863,0.0043573427416319825,0.4995,Not significant,Not significant,False,0.06913757217125423,0.4995,False,21.73913043478261,-0.11514609630832578,0.1963,Not significant,Not significant,False,-0.26706278611720397,0.1963,False,Latin America & Caribbean ,Upper middle income,10.75,0.6321243523316062,16.274744254018863
COM,0.0,-0.13031300879690902,0.344,Not significant,Not significant,False,2.9686720790259534e-05,0.344,False,0.0,0.09027379710704136,0.1237,Not significant,Not significant,False,-0.2708529863818289,0.1237,False,0.0,0.0321444665872668,0.3694,Not significant,Not significant,False,-0.1633845051832915,0.3694,False,-50.97382755413844,0.6524667668979457,0.1125,Not significant,Not significant,False,-0.6083183379781143,0.1125,False,0.0,0.19703268194704437,0.2949,Not significant,Not significant,False,-0.32776189635284747,0.2949,False,Sub-Saharan Africa ,Lower middle income,0.0,0.6994818652849741,-50.97382755413844
CPV,0.0,0.12615755929304037,0.3815,Not significant,Not significant,False,-0.24925096693056975,0.3815,False,0.0,0.03870534558470032,0.4992,Not significant,Not significant,False,-0.14492060760227135,0.4992,False,0.0,0.03854198621314263,0.1458,Not significant,Not significant,False,-0.19001784815824313,0.1456,False,-37.50232496346486,0.6783245342646197,0.0451,Low-Low,Not significant,False,-0.7274217634757753,0.0451,False,0.0,0.10599677033921995,0.4087,Not significant,Not significant,False,-0.22845614662908034,0.4086,False,Sub-Saharan Africa ,Upper middle income,0.0,0.5647668393782384,-37.50232496346486
CRI,1.3862943611198906,-0.09937314176840618,0.0496,High-Low,Not significant,False,-0.49850153773551825,0.0496,False,8.430276833430655,-0.16090036381638614,0.1464,Not significant,Not significant,False,-0.123138645278254,0.1464,False,35.0,0.03639096440384386,0.015,Low-Low,Not significant,False,-0.20179503728628165,0.015,False,15.13086222930783,-0.2522748751716585,0.0566,Not significant,Not significant,False,-0.49939267740358145,0.0566,False,13.333333333333334,0.061792106296061494,0.0569,Not significant,Not significant,False,-0.49698311744200513,0.0569,False,Latin America & Caribbean ,High income,3.0,0.49740932642487046,15.13086222930783
CUB,0.6931471805599453,0.3185186931954327,0.0028,Low-Low,Low-Low,False,-0.8113789261482748,0.0001,True,1.061015612632537,0.07978685540629782,0.0025,Low-Low,Low-Low,False,-0.3348767465418233,0.0001,True,1.0,0.04243807996246324,0.0028,Low-Low,Low-Low,False,-0.2068338852929614,0.0001,True,-5.937292413976351,0.08526214494517677,0.1011,Not significant,Not significant,False,-0.46771068467096577,0.1011,False,6.666666666666667,0.3537716080416794,0.0001,Low-Low,Low-Low,False,-0.7413009534344723,0.0028,True,Latin America & Caribbean ,Upper middle income,1.0,0.538860103626943,-5.937292413976351
CYP,1.3862943611198906,-0.04566882477125438,0.2603,Not significant,Not significant,False,-0.2164316160441059,0.2602,False,102.53605851391073,3.2489050645711126,0.0886,Not significant,Not significant,False,1.9197589557081105,0.0886,False,9.0,0.03781908614276042,0.1195,Not significant,Not significant,False,-0.19186641961631498,0.1195,False,34.819981400292285,-0.2850097902096006,0.2219,Not significant,Not significant,False,-0.13905766347903295,0.2219,False,11.764705882352942,0.032832041606073656,0.3749,Not significant,Not significant,False,-0.17567402694280873,0.3749,False,Europe & Central Asia,High income,3.0,0.3005181347150259,34.819981400292285
CZE,2.6917565616161094,0.5161862398260967,0.1359,Not significant,Not significant,False,0.5503817300183054,0.1359,False,7.360204109159803,-0.03384809885542289,0.4081,Not significant,Not significant,False,0.01762437307900862,0.4081,False,125.68181818181819,-0.015277770325745526,0.1148,Not significant,Not significant,False,0.11443401049172405,0.1148,False,55.615783180550025,1.6330600334498766,0.002,High-High,High-High,False,1.171531470343233,0.002,True,31.25,0.7863276157680548,0.0192,High-High,Not significant,False,0.9592979973781743,0.0192,False,Europe & Central Asia,High income,13.757575757575758,0.27461139896373055,55.615783180550025
DEU,3.6298811133519804,0.6167054830656644,0.1993,Not significant,Not significant,False,0.551332861059341,0.1993,False,4.5623083934045905,0.2348521718248385,0.0343,High-High,Not significant,False,1.109974029228979,0.0343,False,1688.7083333333335,-0.16346875102971248,0.4907,Not significant,Not significant,False,0.0547475593227671,0.4907,False,78.80961870599175,2.7993804380789142,0.0002,High-High,High-High,False,1.4590069300497253,0.0002,True,78.57142857142857,2.516921649748093,0.0378,High-High,Not significant,False,1.1339453790665392,0.0378,False,Europe & Central Asia,High income,36.708333333333336,0.16062176165803108,78.80961870599175
DJI,0.0,0.22241286395510057,0.279,Not significant,Not significant,False,-0.3428078434262532,0.2789,False,0.0,0.0873078886331681,0.1452,Not significant,Not significant,False,-0.26361011019820935,0.1452,False,0.0,0.02555643943614846,0.4757,Not significant,Not significant,False,-0.13595806542148975,0.4757,False,-5.896107346884548,0.20419822760120857,0.0011,Low-Low,Low-Low,False,-1.0940670919756295,0.0011,True,0.0,0.15229812889978056,0.3549,Not significant,Not significant,False,-0.2789635897235508,0.3548,False,"Middle East, North Africa, Afghanistan & Pakistan",Lower middle income,0.0,0.24870466321243523,-5.896107346884548
DMA,0.0,0.7816947949946764,0.0026,Low-Low,Low-Low,False,-0.8864108243969333,0.0001,True,0.0,0.12383193799472729,0.0001,Low-Low,Low-Low,False,-0.35280341119873404,0.0001,True,0.0,0.04260996645140386,0.0001,Low-Low,Low-Low,False,-0.20695314796767572,0.0001,True,-11.595589212169521,-0.03504336609112754,0.4016,Not significant,Not significant,False,0.05086374387408531,0.4016,False,0.0,0.6206060486443279,0.0026,Low-Low,Low-Low,False,-0.7898133000241716,0.0001,True,Latin America & Caribbean ,Upper middle income,0.0,0.30569948186528495,-11.595589212169521
DNK,2.0583881324820035,0.5510351100497163,0.0334,High-High,Not significant,False,0.8012900025052537,0.0334,False,4.16948869865173,0.1857126275100413,0.0343,High-High,Not significant,False,1.160289728494552,0.0343,False,258.8333333333333,0.0009752701835430134,0.1351,Not significant,Not significant,False,0.09332722758262477,0.1351,False,66.06881891855986,2.7371090478751117,0.0001,High-High,High-High,False,1.605332992431475,0.0001,True,33.333333333333336,1.1713736368117633,0.0043,High-High,High-High,False,1.2410505598489927,0.0043,True,Europe & Central Asia,High income,6.833333333333333,0.08290155440414508,66.06881891855986
DOM,0.0,0.7044987780281359,0.0054,Low-Low,Low-Low,False,-0.8113789261482748,0.0054,True,0.0,0.11649109089665571,0.0101,Low-Low,Not significant,False,-0.3348767465418233,0.0101,False,0.0,0.04258131870324708,0.0053,Low-Low,Not significant,False,-0.2068338852929614,0.0032,True,-12.631858642221339,0.1143336360631338,0.2022,Not significant,Not significant,False,-0.3366387293031303,0.2022,False,0.0,0.5761336418772198,0.0054,Low-Low,Low-Low,False,-0.7413009534344723,0.0054,True,Latin America & Caribbean ,Upper middle income,0.0,0.3160621761658031,-12.631858642221339
DZA,1.9459101490553132,0.008865530716043015,0.4604,Not significant,Not significant,False,0.09699947254016499,0.4604,False,1.9767273302320678,0.02193173954231243,0.3195,Not significant,Not significant,False,-0.17576784063559409,0.3195,False,80.0,0.012072512081577272,0.3333,Not significant,Not significant,False,-0.09423004325019645,0.3333,False,25.403215092334264,-0.13942463871485442,0.2996,Not significant,Not significant,False,-0.08650849377243351,0.2996,False,11.764705882352942,0.008977222389626057,0.4991,Not significant,Not significant,False,-0.06781191683439274,0.4991,False,"Middle East, North Africa, Afghanistan & Pakistan",Upper middle income,6.0,0.48186528497409326,25.403215092334264
ECU,1.6094379124341003,0.021507745523344213,0.4106,Not significant,Not significant,False,0.1032148869994936,0.4107,False,2.0758841527937926,-0.0039631362609040465,0.2814,Not significant,Not significant,False,0.016498577047065068,0.2814,False,8.0,0.03614766010853114,0.1852,Not significant,Not significant,False,-0.18411434575988456,0.1852,False,-12.111066826092738,0.000682973640826354,0.4856,Not significant,Not significant,False,-0.048731880841887565,0.4856,False,23.80952380952381,-0.05360595466396457,0.4268,Not significant,Not significant,False,-0.04875722646355746,0.4268,False,Latin America & Caribbean ,Upper middle income,4.0,0.8082901554404145,-12.111066826092738
EGY,2.6210388241125804,-0.5195963475377373,0.1161,Not significant,Not significant,False,-0.2500053124746594,0.1155,False,3.152927519166832,0.04551521548262441,0.0022,High-High,High-High,False,1.9543738183442674,0.0022,True,247.75,2.373517221346965e-05,0.0877,Not significant,Not significant,False,-0.16783499066138066,0.0876,False,17.79726318586421,-0.05544163049008647,0.377,Not significant,Not significant,False,-0.0374355148453944,0.377,False,36.8421052631579,-0.5624162172519493,0.0802,Not significant,Not significant,False,-0.2905716899184122,0.0802,False,"Middle East, North Africa, Afghanistan & Pakistan",Lower middle income,12.75,0.6476683937823834,17.79726318586421
ERI,0.0,0.09287239669695024,0.4207,Not significant,Not significant,False,-0.21689892298790925,0.4207,False,0.0,0.00437778171873978,0.3394,Not significant,Not significant,False,-0.061091218746669236,0.3394,False,0.0,0.0226415310611972,0.4168,Not significant,Not significant,False,-0.12382308826930825,0.4168,False,-60.81838713963066,1.011787998862187,0.0562,Not significant,Not significant,False,-0.770304815386974,0.0562,False,0.0,-0.12060073080747362,0.3205,Not significant,Not significant,False,0.018725809804149108,0.3203,False,Sub-Saharan Africa ,Low income,0.0,0.7979274611398963,-60.81838713963066
ESP,3.1780538303479458,0.6343246702115224,0.1563,Not significant,Not significant,False,0.5765280453814474,0.1563,False,3.2623953363292713,0.031222465412007818,0.035,High-High,Not significant,False,0.8188591282823676,0.035,False,692.0,-0.02989128376031143,0.3126,Not significant,Not significant,False,-0.0164963356239024,0.3126,False,46.18838846818121,1.3517378099734287,0.0021,High-High,High-High,False,1.1338802611204633,0.0021,True,27.272727272727273,0.2822882813269192,0.1347,Not significant,Not significant,False,0.49137992254632157,0.1347,False,Europe & Central Asia,High income,23.0,0.46632124352331605,46.18838846818121
EST,0.6931471805599453,-0.1349449950077193,0.1769,Not significant,Not significant,False,0.2702937317286769,0.1769,False,2.063046707377455,-0.0020013945689055343,0.3021,Not significant,Not significant,False,0.0003039110777426686,0.3021,False,83.0,0.015335306425119478,0.4263,Not significant,Not significant,False,-0.11564266263952895,0.4263,False,21.523847482396707,0.5398490953457398,0.0075,High-High,High-High,False,0.9100647396295544,0.0075,True,21.428571428571427,0.2108610352926545,0.0601,Not significant,Not significant,False,0.6452264988712225,0.0601,False,Europe & Central Asia,High income,1.0,0.26424870466321243,21.523847482396707
ETH,3.700066643504501,-0.16704615580713705,0.4532,Not significant,Not significant,False,0.1988297994729448,0.4532,False,3.2649063582648536,-0.0069904782353558135,0.2577,Not significant,Not significant,False,-0.17589331919941664,0.2577,False,578.0333333333333,-0.03123845525915492,0.4198,Not significant,Not significant,False,-0.05827830995756648,0.4198,False,8.327354855852263,-0.17162466091188447,0.0219,High-Low,Not significant,False,-0.6685973922320475,0.0219,False,50.0,-0.15892965145159077,0.4717,Not significant,Not significant,False,0.1730832762259193,0.4717,False,Sub-Saharan Africa ,Low income,39.45,0.8808290155440415,8.327354855852263
FIN,1.890850371872286,0.01142994868601335,0.4538,Not significant,Not significant,False,0.09607505917238685,0.4538,False,5.500297260509724,0.014670925716287276,0.2683,Not significant,Not significant,False,0.0849870884765814,0.2683,False,213.125,0.004078031936495045,0.4555,Not significant,Not significant,False,-0.12518367661667407,0.4555,False,50.80244453301447,1.0702572410763418,0.0203,High-High,Not significant,False,0.8817235016721007,0.0203,False,38.46153846153846,0.451471343727471,0.168,Not significant,Not significant,False,0.49968945910212476,0.168,False,Europe & Central Asia,High income,5.625,0.21761658031088082,50.80244453301447
FJI,0.0,0.7044987780281359,0.0052,Low-Low,Low-Low,False,-0.8113789261482748,0.0052,True,0.0,0.072596058488549,0.2634,Not significant,Not significant,False,-0.2276831876007751,0.2634,False,0.0,0.04223754572536585,0.0219,Low-Low,Not significant,False,-0.20540273319638966,0.0215,False,-41.64740268367211,0.45103761341616194,0.1534,Not significant,Not significant,False,-0.5087929393384961,0.1533,False,0.0,0.5538974384936658,0.0093,Low-Low,Not significant,False,-0.7170447801396227,0.0088,False,East Asia & Pacific,Upper middle income,0.0,0.6062176165803109,-41.64740268367211
FRA,2.741991434530243,0.5618580599391226,0.1273,Not significant,Not significant,False,0.5765280453814474,0.1273,False,1.217042751738871,-0.08285151200847349,0.0798,Not significant,Not significant,False,0.3119247341179497,0.0798,False,315.9940476190476,-0.0015968911363443662,0.2393,Not significant,Not significant,False,-0.0160789162624023,0.2393,False,61.80151454762854,1.6822444488653407,0.0033,High-High,High-High,False,1.1240987719139086,0.0033,True,62.5,0.4262301572830545,0.286,Not significant,Not significant,False,0.49537819286964835,0.286,False,Europe & Central Asia,High income,14.517857142857142,0.24352331606217617,61.80151454762854
FRO,0.0,-0.31629035984431475,0.1898,Not significant,Not significant,False,0.18079333527006988,0.1898,False,0.0,-0.17821804481209694,0.0563,Not significant,Not significant,False,0.38481565088826053,0.0563,False,0.0,0.019985407344595425,0.367,Not significant,Not significant,False,-0.11276545061204613,0.367,False,,-8.084334070123431e-18,0.0004,Low-High,Low-High,True,1.1868608195818133,0.0004,True,0.0,-0.8616223936809906,0.0111,Low-High,Not significant,False,0.8270629867878573,0.0111,False,Europe & Central Asia,High income,0.0,,
FSM,0.0,0.49603558772939593,0.0663,Not significant,Not significant,False,-0.6087598079900765,0.0659,False,0.0,0.11432447010609526,0.019,Low-Low,Not significant,False,-0.3295857652923608,0.0186,False,0.0,0.04092929855954007,0.0655,Not significant,Not significant,False,-0.19995640438443596,0.0651,False,-21.95828351268766,0.35462901031567384,0.0663,Not significant,Not significant,False,-0.6029911884717752,0.0663,False,0.0,0.4538345232676726,0.0485,Low-Low,Not significant,False,-0.6078920003127993,0.0481,False,East Asia & Pacific,Upper middle income,0.0,0.40932642487046633,-21.95828351268766
GAB,0.0,0.6593420028976754,0.0168,Low-Low,Not significant,False,-0.7674880793148843,0.0144,False,0.0,0.12144838608364711,0.0043,Low-Low,Low-Low,False,-0.34698267481348805,0.0041,True,0.0,0.04255267095509031,0.0074,Low-Low,Not significant,False,-0.2067146226182471,0.0061,False,-40.611133253620295,1.426684455120152,0.0004,Low-Low,Low-Low,False,-1.2907452511037372,0.0004,True,0.0,0.5835457096717379,0.0035,Low-Low,Low-Low,False,-0.7493863445327555,0.0033,True,Sub-Saharan Africa ,Upper middle income,0.0,0.5958549222797928,-40.611133253620295
GBR,2.987364023883474,0.09443872624509621,0.3978,Not significant,Not significant,False,0.25582523351872843,0.3978,False,4.6691056091031715,0.21279914604974473,0.0347,High-High,Not significant,False,0.9478825095136338,0.0347,False,178.33333333333334,0.007021656752652643,0.4584,Not significant,Not significant,False,-0.11246729392526034,0.4584,False,81.97688322040655,2.5384258940705866,0.0014,High-High,High-High,False,1.321689870034628,0.0014,True,85.71428571428571,1.5281343888422385,0.1412,Not significant,Not significant,False,0.8790405009911066,0.1412,False,Europe & Central Asia,High income,18.833333333333332,0.07253886010362694,81.97688322040655
GEO,0.4054651081081644,-0.028147343244489417,0.4286,Not significant,Not significant,False,-0.04086822871054355,0.4286,False,2.840554021656384,-0.004456480120459082,0.1262,Not significant,Not significant,False,0.22545557987422785,0.1262,False,0.5,0.03609128077594159,0.235,Not significant,Not significant,False,-0.1800594148195979,0.235,False,-20.381294008237013,0.13152447122728364,0.2761,Not significant,Not significant,False,-0.2852633383013176,0.2761,False,9.090909090909092,-0.0019602501882498738,0.4454,Not significant,Not significant,False,-0.041508419573970244,0.4454,False,Europe & Central Asia,Upper middle income,0.5,0.6217616580310881,-20.381294008237013
GHA,2.3108838958087405,0.07605597012109162,0.3854,Not significant,Not significant,False,0.1993046735304405,0.3854,False,1.3567040112265984,0.057677194237757426,0.046,Low-Low,Not significant,False,-0.2858276450537799,0.046,False,154.58333333333334,0.010040834439958271,0.4975,Not significant,Not significant,False,-0.12217726335825074,0.4975,False,10.078384482529572,-0.20207428642760483,0.0271,High-Low,Not significant,False,-0.6383048725815937,0.0271,False,18.75,0.030034550174483386,0.2954,Not significant,Not significant,False,0.1801788400335227,0.2954,False,Sub-Saharan Africa ,Lower middle income,9.083333333333332,0.6735751295336787,10.078384482529572
GIN,0.4054651081081644,0.1119356388580081,0.335,Not significant,Not significant,False,-0.24925096693056975,0.335,False,0.10066569823580546,0.05595037495006535,0.3724,Not significant,Not significant,False,-0.19010476909702176,0.3724,False,4.0,0.0377227819220743,0.1524,Not significant,Not significant,False,-0.18870595873638568,0.152,False,-27.635180018599712,0.6809607037267225,0.011,Low-Low,Not significant,False,-0.899575973511141,0.011,False,7.142857142857143,0.09036133157152913,0.3361,Not significant,Not significant,False,-0.2436162549383613,0.3361,False,Sub-Saharan Africa ,Lower middle income,0.5,0.694300518134715,-27.635180018599712
GMB,0.0,0.12615755929304037,0.3818,Not significant,Not significant,False,-0.24925096693056975,0.3818,False,0.0,0.03870534558470032,0.4984,Not significant,Not significant,False,-0.14492060760227135,0.4984,False,0.0,0.03854198621314263,0.1433,Not significant,Not significant,False,-0.19001784815824313,0.1431,False,-61.33652185465657,0.9355512767206453,0.0722,Not significant,Not significant,False,-0.7274217634757753,0.0722,False,0.0,0.10599677033921995,0.411,Not significant,Not significant,False,-0.22845614662908034,0.4108,False,Sub-Saharan Africa ,Low income,0.0,0.8031088082901554,-61.33652185465657
GNB,0.6931471805599453,0.11431608651238755,0.2238,Not significant,Not significant,False,-0.3242828651792283,0.2239,False,3.0035604205224873,-0.0005414231696866032,0.2193,Not significant,Not significant,False,-0.19172386198672808,0.2193,False,1.0,0.03850063849274726,0.1401,Not significant,Not significant,False,-0.19037563618238607,0.14,False,-34.952836455427125,0.8439549661858513,0.0118,Low-Low,Not significant,False,-0.9131145578026751,0.0118,False,8.333333333333334,0.10045616993504136,0.2746,Not significant,Not significant,False,-0.2890965798662044,0.2746,False,Sub-Saharan Africa ,Low income,1.0,0.8290155440414507,-34.952836455427125
GNQ,0.0,0.24906859973109818,0.2533,Not significant,Not significant,False,-0.36871631037934305,0.2532,False,0.0,0.11626024377245134,0.0118,Low-Low,Not significant,False,-0.3343130079259201,0.0118,False,0.0,0.03350571208718261,0.3259,Not significant,Not significant,False,-0.1690514699434667,0.3259,False,-18.331340507506308,0.5264842991219721,0.004,Low-Low,Low-Low,False,-0.9905287746871682,0.004,True,0.0,0.2303824794623501,0.2552,Not significant,Not significant,False,-0.3641412392616145,0.2552,False,Sub-Saharan Africa ,Upper middle income,0.0,0.37305699481865284,-18.331340507506308
GRC,2.0794415416798357,-0.06086482919369577,0.4449,Not significant,Not significant,False,0.022385660119480975,0.4449,False,5.995747130906518,0.17677703402344286,0.0577,Not significant,Not significant,False,0.47834423923586356,0.0577,False,48.0,0.03108252880080675,0.1456,Not significant,Not significant,False,-0.18431085812162973,0.1456,False,42.22930782516275,0.5192073752407507,0.1222,Not significant,Not significant,False,0.5620995474400649,0.1222,False,15.0,-0.0026362294148892526,0.3558,Not significant,Not significant,False,0.08454817743073534,0.3558,False,Europe & Central Asia,High income,7.0,0.32642487046632124,42.22930782516275
GRD,0.0,0.7816947949946764,0.0029,Low-Low,Low-Low,False,-0.8864108243969333,0.0001,True,0.0,0.12383193799472729,0.0001,Low-Low,Low-Low,False,-0.35280341119873404,0.0001,True,0.0,0.04260996645140386,0.0001,Low-Low,Low-Low,False,-0.20695314796767572,0.0001,True,-1.751029626677294,0.002487550388012606,0.4467,Not significant,Not significant,False,-0.046951148191463433,0.4467,False,0.0,0.6206060486443279,0.0029,Low-Low,Low-Low,False,-0.7898133000241716,0.0001,True,Latin America & Caribbean ,Upper middle income,0.0,0.20725388601036268,-1.751029626677294
GTM,0.6931471805599453,0.18735282386164537,0.0843,Not significant,Not significant,False,-0.49850153773551825,0.0843,False,0.4645389112192743,0.02786081369876428,0.465,Not significant,Not significant,False,-0.123138645278254,0.465,False,2.0,0.041094007858528715,0.048,Low-Low,Not significant,False,-0.20179503728628165,0.048,False,-27.698950445064433,0.33832288160565455,0.1291,Not significant,Not significant,False,-0.49939267740358145,0.1291,False,5.882352941176471,0.24291409998919308,0.09,Not significant,Not significant,False,-0.49698311744200513,0.09,False,Latin America & Caribbean ,Upper middle income,1.0,0.7564766839378239,-27.698950445064433
GUY,0.0,0.736538019864216,0.005,Low-Low,Low-Low,False,-0.8425199775635428,0.0035,True,0.0,0.12107226208623134,0.0052,Low-Low,Low-Low,False,-0.34606416381863836,0.0051,True,0.0,0.04259564257732547,0.0038,Low-Low,Low-Low,False,-0.20689351663031857,0.0029,True,11.202338248970374,-0.04763922099335177,0.3417,Not significant,Not significant,False,-0.10164221322688285,0.3417,False,0.0,0.58549625382819,0.0029,Low-Low,Low-Low,False,-0.7515140790323037,0.0029,True,Latin America & Caribbean ,High income,0.0,0.07772020725388601,11.202338248970374
HKG,0.0,-0.48849048510703696,0.0993,Not significant,Not significant,False,0.34816598977786645,0.0993,False,0.0,-0.06580141337948134,0.1666,Not significant,Not significant,False,0.11028939708828228,0.1666,False,0.0,0.008920214619043342,0.2548,Not significant,Not significant,False,-0.06670024250364229,0.2548,False,12.238607679022188,0.06810442560221801,0.3101,Not significant,Not significant,False,0.2312895824743788,0.3101,False,0.0,-0.07014165389863952,0.3741,Not significant,Not significant,False,-0.03631704498031729,0.3741,False,East Asia & Pacific,High income,0.0,0.06735751295336788,12.238607679022188
HND,0.8109302162163288,0.14508267712538822,0.0792,Not significant,Not significant,False,-0.49850153773551825,0.0781,False,1.0202680742121777,0.02424291296714472,0.4854,Not significant,Not significant,False,-0.123138645278254,0.4854,False,5.25,0.040642002891433576,0.0453,Low-Low,Not significant,False,-0.20179503728628165,0.045,False,-18.17457154244719,0.24372810792580454,0.1059,Not significant,Not significant,False,-0.49939267740358145,0.1059,False,13.333333333333334,0.061792106296061494,0.0601,Not significant,Not significant,False,-0.49698311744200513,0.06,False,Latin America & Caribbean ,Lower middle income,1.25,0.7202072538860104,-18.17457154244719
HRV,1.4087672169719492,0.005072737402726218,0.4483,Not significant,Not significant,False,0.05000401477533318,0.4483,False,4.485520081541478,0.06389339865889643,0.0891,Not significant,Not significant,False,0.33516587457852415,0.0891,False,21.18181818181818,0.021238116521949978,0.4296,Not significant,Not significant,False,-0.12371502905797621,0.4296,False,43.355918692706254,0.9442271255074668,0.0174,High-High,Not significant,False,0.8777306476165019,0.0174,False,6.25,-0.16956150630219527,0.1888,Not significant,Not significant,False,0.24251788484591638,0.1888,False,Europe & Central Asia,High income,3.090909090909091,0.22797927461139897,43.355918692706254
HTI,0.0,0.7044987780281359,0.0059,Low-Low,Low-Low,False,-0.8113789261482748,0.0059,True,0.0,0.11649109089665571,0.0105,Low-Low,Not significant,False,-0.3348767465418233,0.0105,False,0.0,0.04258131870324708,0.006,Low-Low,Not significant,False,-0.2068338852929614,0.0038,True,-72.73548558522651,0.13626203056689767,0.4147,Not significant,Not significant,False,-0.3366387293031303,0.4147,False,0.0,0.5761336418772198,0.0054,Low-Low,Low-Low,False,-0.7413009534344723,0.0054,True,Latin America & Caribbean ,Lower middle income,0.0,0.917098445595855,-72.73548558522651
HUN,2.8385466900315786,-0.1917225725257777,0.3824,Not significant,Not significant,False,0.05000401477533318,0.3824,False,4.8008058844318535,-0.012826811112418277,0.3999,Not significant,Not significant,False,-0.0206901348319829,0.3999,False,551.1818181818182,-0.046987063611145165,0.1567,Not significant,Not significant,False,-0.12371502905797621,0.1567,False,45.71808157300385,0.8910078538896689,0.0305,High-High,Not significant,False,0.8112165210119288,0.0305,False,22.22222222222222,0.05261437323901527,0.3143,Not significant,Not significant,False,0.1813678681362114,0.3143,False,Europe & Central Asia,High income,16.09090909090909,0.42487046632124353,45.71808157300385
IDN,3.580040674079785,-0.14099936460994283,0.4588,Not significant,Not significant,False,0.194386563294263,0.4591,False,1.1001916645870546,0.04636946142582811,0.2588,Not significant,Not significant,False,-0.2112151652462841,0.2588,False,161.52083333333334,0.013582353625214105,0.1343,Not significant,Not significant,False,-0.17258313589844432,0.1343,False,43.06363757140958,0.11838021449913398,0.394,Not significant,Not significant,False,0.25166517691387924,0.3939,False,38.46153846153846,-0.410040026506015,0.2086,Not significant,Not significant,False,-0.13506624465270642,0.2086,False,East Asia & Pacific,Upper middle income,34.875,0.5129533678756477,43.06363757140958
IND,5.682193967911914,3.141418397251352,0.0176,High-High,Not significant,False,1.2800237565064359,0.0176,False,1.7274850036669638,-0.009608991586677202,0.2595,Not significant,Not significant,False,0.03453827956684188,0.2595,False,3491.3190476190475,0.17743714658502072,0.1406,Not significant,Not significant,False,0.44327717708974057,0.1406,False,25.393915238474833,0.07046001520372833,0.3947,Not significant,Not significant,False,0.18627466753098224,0.3947,False,95.45454545454545,1.1896566938740196,0.2042,Not significant,Not significant,False,0.8334602193051802,0.2042,False,South Asia,Lower middle income,292.59285714285716,0.7409326424870466,25.393915238474833
IRL,0.6931471805599453,-0.03546922352451277,0.3832,Not significant,Not significant,False,0.03300853131722681,0.3832,False,3.3222812111708384,0.04059619823035256,0.0351,High-High,Not significant,False,0.8774358310655619,0.0351,False,6.0,0.026835048669389402,0.4828,Not significant,Not significant,False,-0.1433364495638153,0.4828,False,42.249236083432976,1.2198278461208445,0.0028,High-High,High-High,False,1.106707785719485,0.0028,True,7.6923076923076925,-0.32027303616186986,0.0374,Low-High,Not significant,False,0.6364787680426103,0.0374,False,Europe & Central Asia,High income,1.0,0.05699481865284974,42.249236083432976
IRN,3.9219733362813143,-1.369585220056365,0.0323,High-Low,Not significant,False,-0.26790983282300207,0.0323,False,5.425924554525018,-0.08819975812088811,0.0383,High-Low,Not significant,False,-0.22173537316721348,0.0384,False,663.5,-0.06480875888462387,0.1463,Not significant,Not significant,False,-0.11136411418415294,0.146,False,21.78291483990965,-0.3844912591117821,0.0461,High-Low,Not significant,False,-0.5029842395942958,0.0461,False,63.1578947368421,-1.6795052202031193,0.0103,High-Low,Not significant,False,-0.2493687371389257,0.0112,False,"Middle East, North Africa, Afghanistan & Pakistan",Upper middle income,49.5,0.7616580310880829,21.78291483990965
IRQ,1.791759469228055,-0.2915532776566811,0.0489,High-Low,Not significant,False,-0.4656821868490544,0.0488,False,2.3315271148209953,-0.019719836152026705,0.1288,Not significant,Not significant,False,0.2094881027983936,0.1288,False,138.0,0.01777838340672139,0.097,Not significant,Not significant,False,-0.1800594148195979,0.097,False,-4.098578450910054,0.0539434740348736,0.125,Not significant,Not significant,False,-0.4145244641288625,0.125,False,11.11111111111111,0.12812082019965143,0.0522,Not significant,Not significant,False,-0.525123128280374,0.0522,False,"Middle East, North Africa, Afghanistan & Pakistan",Upper middle income,5.0,0.7461139896373057,-4.098578450910054
ISL,0.0,-0.31629035984431475,0.1926,Not significant,Not significant,False,0.18079333527006988,0.1926,False,0.0,-0.17821804481209694,0.0567,Not significant,Not significant,False,0.38481565088826053,0.0567,False,0.0,0.019985407344595425,0.3689,Not significant,Not significant,False,-0.11276545061204613,0.3689,False,9.129799388866747,0.31171127157962064,0.0004,High-High,High-High,False,1.1868608195818133,0.0004,True,0.0,-0.8616223936809906,0.011,Low-High,Not significant,False,0.8270629867878573,0.011,False,Europe & Central Asia,High income,0.0,0.09844559585492228,9.129799388866747
ISR,0.6931471805599453,0.07305079995747178,0.3244,Not significant,Not significant,False,-0.2258504364156864,0.3243,False,8.196990065248041,1.3367929108479153,0.0035,High-High,High-High,False,1.9557908751212316,0.0035,True,45.0,0.027858444055612493,0.3079,Not significant,Not significant,False,-0.16589697219727306,0.3077,False,29.295868207785308,-0.215563851252618,0.2457,Not significant,Not significant,False,-0.13312857617536739,0.2457,False,6.666666666666667,0.09821949351857549,0.3259,Not significant,Not significant,False,-0.2522724689265443,0.3259,False,"Middle East, North Africa, Afghanistan & Pakistan",High income,1.0,0.18652849740932642,29.295868207785308
ITA,2.8258332367585934,-0.4022382222099476,0.2256,Not significant,Not significant,False,-0.096914527920747,0.2256,False,4.428807923925494,0.07227706758987468,0.0714,Not significant,Not significant,False,0.38860081611246994,0.0714,False,257.875,-0.001640792245817216,0.0748,Not significant,Not significant,False,-0.16849680815553397,0.0748,False,65.41251494619371,1.4199023521944258,0.0188,High-High,Not significant,False,0.9568654033716864,0.0188,False,26.31578947368421,0.011013686503829773,0.4335,Not significant,Not significant,False,0.09589763478613954,0.4335,False,Europe & Central Asia,High income,15.875,0.22279792746113988,65.41251494619371
JAM,0.0,0.6141852277672151,0.0259,Low-Low,Not significant,False,-0.7235972324814937,0.0259,False,0.0,0.10943216373039784,0.0312,Low-Low,Not significant,False,-0.31763854249582096,0.0312,False,0.0,0.04243091802542404,0.014,Low-Low,Not significant,False,-0.20620775625071125,0.0138,False,-39.05672910854257,0.375217316777075,0.1813,Not significant,Not significant,False,-0.45929358780501744,0.1813,False,0.0,0.48718882834300353,0.0313,Low-Low,Not significant,False,-0.6442762602550739,0.031,False,Latin America & Caribbean ,Upper middle income,0.0,0.5803108808290155,-39.05672910854257
JOR,0.0,0.19443919502438267,0.3084,Not significant,Not significant,False,-0.31561839035173744,0.3076,False,0.0,-0.8158386792164858,0.0015,Low-High,Low-High,False,1.9419126914051372,0.0015,True,0.0,0.03589206950864148,0.2423,Not significant,Not significant,False,-0.17898605074716906,0.2422,False,-45.27434568885346,0.061047675688993316,0.437,Not significant,Not significant,False,-0.21579971648984478,0.437,False,0.0,0.29947763775737707,0.1767,Not significant,Not significant,False,-0.4395131048867871,0.1767,False,"Middle East, North Africa, Afghanistan & Pakistan",Upper middle income,0.0,0.6424870466321243,-45.27434568885346
JPN,2.3978952727983707,0.8358572199173789,0.0229,High-High,Not significant,False,0.9068152544588907,0.0229,False,4.572058940789277,0.09390496551243213,0.0571,Not significant,Not significant,False,0.45734077417775637,0.0571,False,48.0,-0.17348221904298447,0.046,Low-High,Not significant,False,0.871801881316988,0.046,False,67.31898498737877,1.2017245558861633,0.0436,High-High,Not significant,False,0.8376716872044265,0.0436,False,16.666666666666668,0.02048177784185116,0.1983,Not significant,Not significant,False,0.30676786768048836,0.1983,False,East Asia & Pacific,High income,10.0,0.11398963730569948,67.31898498737877
KAZ,2.970414465569701,-0.5624765827047062,0.1566,Not significant,Not significant,False,-0.16027314896628164,0.1558,False,1.0811511592617005,0.05598445830149511,0.1484,Not significant,Not significant,False,-0.24656873721495803,0.1484,False,88.5,0.025132306655117533,0.1288,Not significant,Not significant,False,-0.18172909226559827,0.1288,False,48.30344094592799,-0.9486841812402932,0.0322,High-Low,Not significant,False,-0.46336168408528206,0.0322,False,38.888888888888886,-0.5655732110799505,0.1086,Not significant,Not significant,False,-0.23893658004849375,0.1086,False,Europe & Central Asia,Upper middle income,18.5,0.40414507772020725,48.30344094592799
KEN,3.131864447878571,0.6950247974753962,0.1257,Not significant,Not significant,False,0.6151588049754382,0.1257,False,4.567088177532045,-0.02744841808371846,0.4254,Not significant,Not significant,False,-0.09946397149213568,0.4254,False,642.5833333333334,-0.020816739499320988,0.2834,Not significant,Not significant,False,-0.007359110988290023,0.2834,False,-7.686993490102296,0.1629074547599581,0.0276,Low-Low,Not significant,False,-0.693347067998787,0.0276,False,45.45454545454545,0.3705324832122053,0.2535,Not significant,Not significant,False,0.42719556788624863,0.2535,False,Sub-Saharan Africa ,Lower middle income,21.916666666666664,0.9948186528497409,-7.686993490102296
KGZ,0.6931471805599453,-0.08235554716451847,0.2767,Not significant,Not significant,False,0.14484913868917426,0.2767,False,1.3309992929731755,0.046243106216484337,0.1802,Not significant,Not significant,False,-0.23182308068897317,0.1802,False,1.0,0.004468399818629704,0.237,Not significant,Not significant,False,-0.04812309320564261,0.237,False,-4.901022983924534,0.06317088355858332,0.1281,Not significant,Not significant,False,-0.4140228492977572,0.1281,False,12.5,-0.004530141521983485,0.428,Not significant,Not significant,False,0.003625152900002452,0.428,False,Europe & Central Asia,Lower middle income,1.0,0.5284974093264249,-4.901022983924534
KHM,1.0986122886681098,-0.025970000337131583,0.1247,Not significant,Not significant,False,0.4070113548299372,0.1247,False,0.45788042663283474,0.06447875154535034,0.2304,Not significant,Not significant,False,-0.2286760769789989,0.2304,False,30.0,0.014563987906424549,0.3146,Not significant,Not significant,False,-0.09496549641093471,0.3146,False,-7.859705061777603,-0.06398753666080613,0.245,Not significant,Not significant,False,0.22407134505477241,0.245,False,8.333333333333334,-0.028548219965695187,0.3813,Not significant,Not significant,False,0.015135443826939479,0.3813,False,East Asia & Pacific,Lower middle income,2.0,0.6632124352331606,-7.859705061777603
KIR,0.0,0.2753714570410279,0.2289,Not significant,Not significant,False,-0.394281791486782,0.2287,False,0.0,0.1158350660736323,0.013,Low-Low,Not significant,False,-0.33327470568034845,0.0128,False,0.0,-0.01760616778671705,0.1552,Not significant,Not significant,False,0.04373103114807697,0.1552,False,1.3577786634781468,0.005373746671540046,0.3145,Not significant,Not significant,False,0.17295679376513445,0.3145,False,0.0,0.11234997130594977,0.4003,Not significant,Not significant,False,-0.23538648185618025,0.401,False,East Asia & Pacific,Lower middle income,0.0,0.17616580310880828,1.3577786634781468
KNA,0.0,0.7816947949946764,0.0033,Low-Low,Low-Low,False,-0.8864108243969333,0.0001,True,0.0,0.12383193799472729,0.0001,Low-Low,Low-Low,False,-0.35280341119873404,0.0001,True,0.0,0.04260996645140386,0.0001,Low-Low,Low-Low,False,-0.20695314796767572,0.0001,True,14.311146539125815,0.026865544190536116,0.4321,Not significant,Not significant,False,0.1154215726373475,0.4321,False,0.0,0.6206060486443279,0.0033,Low-Low,Low-Low,False,-0.7898133000241716,0.0001,True,Latin America & Caribbean ,High income,0.0,0.046632124352331605,14.311146539125815
KOR,2.772588722239781,0.7480887080174801,0.0752,Not significant,Not significant,False,0.7041961363006926,0.0752,False,16.622005185622367,0.4054109067680217,0.1225,Not significant,Not significant,False,0.44697381339835823,0.1225,False,123.0,-0.10705503025591392,0.0467,Low-High,Not significant,False,0.8696949073970353,0.0467,False,66.97754749568222,0.7228208911212674,0.1464,Not significant,Not significant,False,0.6051681968387725,0.1464,False,31.25,0.06601316160609103,0.382,Not significant,Not significant,False,0.18548700120624018,0.382,False,East Asia & Pacific,High income,15.0,0.19689119170984457,66.97754749568222
KWT,0.0,-0.00903743762472902,0.4684,Not significant,Not significant,False,-0.11784603632568512,0.4684,False,0.0,-0.01633775037182083,0.2748,Not significant,Not significant,False,-0.01050299752155901,0.2748,False,0.0,0.016497544006508776,0.3252,Not significant,Not significant,False,-0.09824521996557838,0.3252,False,-17.8132057924804,-0.10390226891519694,0.2989,Not significant,Not significant,False,0.11830084176789238,0.2989,False,0.0,-0.2083752178478185,0.249,Not significant,Not significant,False,0.1144738622838187,0.2489,False,"Middle East, North Africa, Afghanistan & Pakistan",High income,0.0,0.36787564766839376,-17.8132057924804
LAO,0.6931471805599453,-0.22746041085629254,0.0759,Not significant,Not significant,False,0.4909760010236015,0.0759,False,0.7605864121237474,0.05872413883395182,0.2153,Not significant,Not significant,False,-0.23003487472079687,0.2153,False,41.0,0.007046388788327604,0.2566,Not significant,Not significant,False,-0.05982276159511684,0.2566,False,-34.43470174040123,-0.2689605981831952,0.24,Not significant,Not significant,False,0.12103464259741666,0.24,False,8.333333333333334,-0.0753001095752811,0.2868,Not significant,Not significant,False,0.12539077698534684,0.2868,False,East Asia & Pacific,Lower middle income,1.0,0.8238341968911918,-34.43470174040123
LBN,1.1786549963416462,-0.001690469099486573,0.281,Not significant,Not significant,False,-0.2164316160441059,0.2809,False,22.667649938948465,4.288850066126375,0.0161,High-High,Not significant,False,1.9197589557081105,0.0161,False,26.25,0.03553012218330569,0.1068,Not significant,Not significant,False,-0.19186641961631498,0.1067,False,10.49422080510164,-0.05538050171960074,0.3083,Not significant,Not significant,False,-0.13905766347903295,0.3083,False,13.333333333333334,0.020530052044992506,0.3683,Not significant,Not significant,False,-0.17567402694280873,0.3683,False,"Middle East, North Africa, Afghanistan & Pakistan",Lower middle income,2.25,0.5181347150259067,10.49422080510164
LBR,0.0,0.17039009417431208,0.3338,Not significant,Not significant,False,-0.29224348373270376,0.3337,False,0.0,0.07593637591154018,0.2357,Not significant,Not significant,False,-0.23584038655746362,0.2357,False,0.0,0.037551251589387706,0.1841,Not significant,Not significant,False,-0.1858933473243731,0.1841,False,-68.07227314999335,1.3778771219237627,0.0263,Low-Low,Not significant,False,-0.914965516529454,0.0263,False,0.0,0.2616501940240983,0.2199,Not significant,Not significant,False,-0.3982493596930277,0.2198,False,Sub-Saharan Africa ,Low income,0.0,0.8704663212435233,-68.07227314999335
LBY,0.0,-0.0659971420926877,0.4082,Not significant,Not significant,False,-0.06248314432873233,0.4082,False,0.0,0.05986400934299153,0.3599,Not significant,Not significant,False,-0.19659097543800239,0.3599,False,0.0,0.028250282687823317,0.4691,Not significant,Not significant,False,-0.14717273226712577,0.4691,False,-30.248438953102163,0.139954049663619,0.3285,Not significant,Not significant,False,-0.2646620171878198,0.3285,False,0.0,0.006797415354179567,0.4673,Not significant,Not significant,False,-0.12024537414468799,0.4673,False,"Middle East, North Africa, Afghanistan & Pakistan",Upper middle income,0.0,0.49222797927461137,-30.248438953102163
LCA,0.0,0.7816947949946764,0.0033,Low-Low,Low-Low,False,-0.8864108243969333,0.0001,True,0.0,0.12383193799472729,0.0001,Low-Low,Low-Low,False,-0.35280341119873404,0.0001,True,0.0,0.04260996645140386,0.0001,Low-Low,Low-Low,False,-0.20695314796767572,0.0001,True,-4.859837916832735,-0.011193976746056716,0.4274,Not significant,Not significant,False,0.05086374387408531,0.4274,False,0.0,0.6206060486443279,0.0033,Low-Low,Low-Low,False,-0.7898133000241716,0.0001,True,Latin America & Caribbean ,Upper middle income,0.0,0.23834196891191708,-4.859837916832735
LKA,2.740840023925201,1.128429450906162,0.017,High-High,Not significant,False,0.9867529342378459,0.017,False,11.302537115583174,-0.22858491697517744,0.2008,Not significant,Not significant,False,-0.059587608770895605,0.2008,False,149.5,-0.029527923252607294,0.0763,Not significant,Not significant,False,0.29796355879532965,0.0763,False,41.343164607413314,0.2457000513480285,0.2842,Not significant,Not significant,False,0.3501321682598651,0.2842,False,14.285714285714286,-0.04674862229087354,0.0476,Low-High,Not significant,False,0.6394108329463835,0.0476,False,South Asia,Upper middle income,14.5,0.44041450777202074,41.343164607413314
LSO,0.0,-0.05339015391898644,0.421,Not significant,Not significant,False,-0.07473670728498162,0.421,False,0.0,-0.03290455670058128,0.2314,Not significant,Not significant,False,0.029953856779314954,0.2314,False,0.0,0.026529030486070776,0.4989,Not significant,Not significant,False,-0.1400070332280407,0.4989,False,-49.41942340906071,0.45934722764981056,0.1886,Not significant,Not significant,False,-0.4888437175054353,0.1886,False,0.0,0.1496161306846589,0.3605,Not significant,Not significant,False,-0.276037954786672,0.3605,False,Sub-Saharan Africa ,Lower middle income,0.0,0.6839378238341969,-49.41942340906071
LTU,0.6931471805599453,-0.03007644503827557,0.3981,Not significant,Not significant,False,0.020144830892471592,0.3981,False,0.5771979119288339,0.03419976891896117,0.4822,Not significant,Not significant,False,-0.1442027818421395,0.4822,False,1.0,0.02328422992759242,0.435,Not significant,Not significant,False,-0.126772038602642,0.435,False,18.933173907267175,0.36365108101841204,0.0331,High-High,Not significant,False,0.7072066857822285,0.0331,False,7.142857142857143,-0.25033470669002084,0.0915,Not significant,Not significant,False,0.4454697776195197,0.0915,False,Europe & Central Asia,High income,1.0,0.29015544041450775,18.933173907267175
LUX,0.6931471805599453,-0.22402105144016907,0.0779,Not significant,Not significant,False,0.4827719019130993,0.0779,False,33.325927571650745,2.263418662248614,0.0372,High-High,Not significant,False,1.056064468899422,0.0372,False,2.5,-0.023753298908660878,0.133,Not significant,Not significant,False,0.07062756516200036,0.133,False,44.83990965856251,1.8168625003527836,0.0002,High-High,High-High,False,1.4984739849610962,0.0002,True,7.142857142857143,-0.5982243566999991,0.0021,Low-High,Low-High,False,1.1491054873758204,0.0021,True,Europe & Central Asia,High income,1.0,0.031088082901554404,44.83990965856251
LVA,0.6931471805599453,-0.1349449950077193,0.1827,Not significant,Not significant,False,0.2702937317286769,0.1827,False,1.0961546893497611,-0.008336281451272295,0.2814,Not significant,Not significant,False,0.0003039110777426686,0.2814,False,46.0,0.01791302494119109,0.4072,Not significant,Not significant,False,-0.11564266263952895,0.4072,False,16.860635047163544,0.43004838203132617,0.008,High-High,High-High,False,0.9100647396295544,0.008,True,7.142857142857143,-0.34909788041732376,0.0345,Low-High,Not significant,False,0.6452264988712225,0.0345,False,Europe & Central Asia,High income,1.0,0.31088082901554404,16.860635047163544
MAR,2.995732273553991,0.6496949986702428,0.1278,Not significant,Not significant,False,0.6022241350383417,0.1278,False,4.129803461349126,-0.0006671667296181265,0.3214,Not significant,Not significant,False,0.015137634493293405,0.3214,False,475.66666666666663,-0.004695363890978068,0.238,Not significant,Not significant,False,0.0058902622755969995,0.238,False,13.059651919755566,0.174238205072862,0.0985,Not significant,Not significant,False,0.49399028567257647,0.0985,False,19.047619047619047,0.07222670658926716,0.1682,Not significant,Not significant,False,0.3706549653148889,0.1682,False,"Middle East, North Africa, Afghanistan & Pakistan",Lower middle income,19.0,0.7668393782383419,13.059651919755566
MDA,0.6931471805599453,-0.24199674738449392,0.0627,Not significant,Not significant,False,0.5256503491076959,0.0627,False,0.7243510900759554,0.028937988731382168,0.4951,Not significant,Not significant,False,-0.13149282319524094,0.4951,False,74.0,0.006320342533909765,0.2659,Not significant,Not significant,False,-0.05824822323735442,0.2659,False,-38.57977946060847,-0.6019368044445556,0.076,Not significant,Not significant,False,0.3575309870186693,0.076,False,14.285714285714286,-0.05088278628129292,0.0353,Low-High,Not significant,False,0.6967413305368839,0.0353,False,Europe & Central Asia,Upper middle income,1.0,0.8652849740932642,-38.57977946060847
MDG,0.8472978603872036,0.03232865272737397,0.3956,Not significant,Not significant,False,-0.1488854171751378,0.3956,False,0.4904218527858058,0.006815026213961866,0.345,Not significant,Not significant,False,-0.06203146758582557,0.345,False,1.3333333333333333,0.028467803539268376,0.4604,Not significant,Not significant,False,-0.1485601547163023,0.4604,False,-42.0140826358443,0.6448039464302487,0.0713,Not significant,Not significant,False,-0.6563429419081434,0.0713,False,5.882352941176471,0.23449077984046432,0.1034,Not significant,Not significant,False,-0.48217787953701935,0.1034,False,Sub-Saharan Africa ,Low income,1.3333333333333333,0.9637305699481865,-42.0140826358443
MDV,0.0,-0.5728673001773558,0.072,Not significant,Not significant,False,0.43017737911737214,0.072,False,0.0,0.013615982551929702,0.3666,Not significant,Not significant,False,-0.08365130291097421,0.3666,False,0.0,-0.07145779551826656,0.0791,Not significant,Not significant,False,0.26791930332354885,0.0791,False,8.093529958814933,0.015927498109399918,0.4262,Not significant,Not significant,False,0.09614953082627882,0.4262,False,0.0,-0.3944621967218082,0.1269,Not significant,Not significant,False,0.31746526012383375,0.1269,False,South Asia,Upper middle income,0.0,0.10880829015544041,8.093529958814933
MEX,3.054001181677967,-0.8649146209016808,0.052,Not significant,Not significant,False,-0.31797536381727115,0.052,False,1.541032821557859,0.05134579856796317,0.0462,Low-Low,Not significant,False,-0.28375288476297217,0.0462,False,561.2,-0.05355402718230802,0.0163,High-Low,Not significant,False,-0.13903901785160952,0.0163,False,45.69151056197689,-0.8572757527204893,0.0394,High-Low,Not significant,False,-0.4446514508850515,0.0394,False,29.166666666666668,-0.39467197860081715,0.0568,Not significant,Not significant,False,-0.38922973222834617,0.0568,False,Latin America & Caribbean ,Upper middle income,20.2,0.45077720207253885,45.69151056197689
MKD,1.0986122886681098,-0.0018844484715112514,0.4353,Not significant,Not significant,False,0.022385660119480975,0.4353,False,10.795009251322929,0.42525821048134305,0.0623,Not significant,Not significant,False,0.5285428379441309,0.0623,False,7.0,0.036177178614981,0.1957,Not significant,Not significant,False,-0.18371454474805818,0.1957,False,24.78278198485453,0.380378319831243,0.069,Not significant,Not significant,False,0.5992692064249734,0.069,False,11.764705882352942,-0.032607760631515534,0.3142,Not significant,Not significant,False,0.12021902051139648,0.3142,False,Europe & Central Asia,Upper middle income,2.0,0.33678756476683935,24.78278198485453
MLI,1.0986122886681098,-0.0008795953136107391,0.4581,Not significant,Not significant,False,0.0063390133124730215,0.4581,False,0.25557145124791836,0.05821181556090586,0.3335,Not significant,Not significant,False,-0.20155863577004057,0.3335,False,216.0,0.004139117789781135,0.3768,Not significant,Not significant,False,-0.13772712842975207,0.3768,False,-27.548824232762044,0.36099392356542875,0.1119,Not significant,Not significant,False,-0.5274630433522384,0.1119,False,25.0,0.07271420390837677,0.3261,Not significant,Not significant,False,0.19862576174095042,0.3261,False,Sub-Saharan Africa ,Low income,2.0,0.8601036269430051,-27.548824232762044
MLT,0.0,-0.17339528413459251,0.3013,Not significant,Not significant,False,0.04190419043849941,0.3013,False,0.0,-0.240099726661531,0.0413,Low-High,Not significant,False,0.5359333821391762,0.0413,False,0.0,0.030490341268127046,0.4171,Not significant,Not significant,False,-0.1564982602751848,0.4171,False,2.394048093529957,0.042128898238008264,0.0285,High-High,Not significant,False,0.6704583832554486,0.0285,False,0.0,0.06858679601137183,0.4574,Not significant,Not significant,False,-0.18764779438477172,0.4574,False,"Middle East, North Africa, Afghanistan & Pakistan",High income,0.0,0.16580310880829016,2.394048093529957
MMR,1.1526795099383853,-0.0074264706438926424,0.0928,Not significant,Not significant,False,0.4909760010236015,0.0928,False,0.16149030367744777,0.07063365112499172,0.2479,Not significant,Not significant,False,-0.23003487472079687,0.2479,False,43.166666666666664,0.0070238589434808915,0.2591,Not significant,Not significant,False,-0.05982276159511684,0.2591,False,-17.21801514547628,0.03502947645039268,0.4178,Not significant,Not significant,False,-0.1313277789316991,0.4178,False,20.0,0.024629334300585882,0.3594,Not significant,Not significant,False,0.12539077698534684,0.3594,False,East Asia & Pacific,Lower middle income,2.1666666666666665,0.7875647668393783,-17.21801514547628
MNE,0.08701137698962977,-0.20809132977472092,0.2569,Not significant,Not significant,False,0.1012993300787176,0.2569,False,21.149518636955822,0.6449520206315976,0.0982,Not significant,Not significant,False,0.5655593982065356,0.0982,False,2.1818181818181817,0.02264971515085374,0.422,Not significant,Not significant,False,-0.12443421912670798,0.422,False,29.135113591072148,0.5074438426776485,0.0501,Not significant,Not significant,False,0.6828883987702399,0.0501,False,14.285714285714286,-0.0025695863736480687,0.4144,Not significant,Not significant,False,0.026758282618741306,0.4144,False,Europe & Central Asia,Upper middle income,0.09090909090909091,0.09326424870466321,29.135113591072148
MNG,0.9808292530117262,-0.0860451557259528,0.0832,Not significant,Not significant,False,0.4972318624498372,0.0832,False,3.636039433865751,-0.014657935048487876,0.3132,Not significant,Not significant,False,-0.15248308371447372,0.3132,False,58.33333333333333,-0.15850539465950272,0.0516,Not significant,Not significant,False,0.840320794573649,0.0516,False,12.379434037465131,0.00047313748085214987,0.4966,Not significant,Not significant,False,0.04680567989044294,0.4966,False,40.0,0.350056400181454,0.2327,Not significant,Not significant,False,0.4199633430564532,0.2327,False,East Asia & Pacific,Upper middle income,1.6666666666666665,0.43005181347150256,12.379434037465131
MOZ,1.4469189829363254,-0.0049116192011618735,0.491,Not significant,Not significant,False,0.00984285414967013,0.491,False,0.6252037923900194,-0.0006824901194863179,0.3162,Not significant,Not significant,False,-0.03772858722225599,0.3162,False,15.5,0.023210985353064748,0.4577,Not significant,Not significant,False,-0.13079001618386948,0.4577,False,-30.74797396040921,0.5528619661552121,0.0467,Low-Low,Not significant,False,-0.6973750350925633,0.0467,False,6.25,0.180149757638987,0.1766,Not significant,Not significant,False,-0.3965678561434325,0.1766,False,Sub-Saharan Africa ,Low income,3.25,0.9792746113989638,-30.74797396040921
MRT,0.6931471805599453,-0.04003119083100835,0.3751,Not significant,Not significant,False,0.04389045070776934,0.3751,False,2.7701184004006696,0.0031331736420117666,0.4798,Not significant,Not significant,False,-0.11079949655617806,0.4798,False,3.0,0.018670465163096155,0.3578,Not significant,Not significant,False,-0.10788561950498542,0.3578,False,-18.89066028962403,0.27849098104070175,0.0856,Not significant,Not significant,False,-0.5450697239240371,0.0856,False,8.333333333333334,-0.020030128430234356,0.4064,Not significant,Not significant,False,-0.004952835555108795,0.4064,False,Sub-Saharan Africa ,Lower middle income,1.0,0.6683937823834197,-18.89066028962403
MUS,0.0,0.1452499932940761,0.3627,Not significant,Not significant,False,-0.2678081622571868,0.3627,False,0.0,0.09366683925989099,0.1078,Not significant,Not significant,False,-0.2791389413987747,0.1078,False,0.0,0.03442769211536131,0.2934,Not significant,Not significant,False,-0.17288974035802235,0.2934,False,-6.9323767769363585,0.125682845520904,0.0515,Not significant,Not significant,False,-0.5921964373063875,0.0515,False,0.0,0.39923362912345806,0.0861,Not significant,Not significant,False,-0.5483310794320638,0.0861,False,Sub-Saharan Africa ,Upper middle income,0.0,0.25906735751295334,-6.9323767769363585
MWI,1.8110172858324696,0.007399264448562977,0.4553,Not significant,Not significant,False,0.08252993549943254,0.4553,False,1.2875294278061533,0.05060669792235085,0.1436,Not significant,Not significant,False,-0.2460776965238228,0.1436,False,59.78333333333333,0.021177579106767784,0.4763,Not significant,Not significant,False,-0.13861762306761896,0.4763,False,-19.909658562508298,0.5077370596131285,0.0078,Low-Low,Low-Low,False,-0.8944996314203547,0.0078,True,15.789473684210526,-0.005615317971111615,0.1737,Not significant,Not significant,False,-0.33226768705777304,0.1737,False,Sub-Saharan Africa ,Low income,5.116666666666667,0.9119170984455959,-19.909658562508298
MYS,2.740840023925201,0.504730466701439,0.1514,Not significant,Not significant,False,0.5353555578768591,0.1514,False,2.4648374784760194,0.011780206212136844,0.3053,Not significant,Not significant,False,-0.17436099582385134,0.3053,False,38.0,0.015459892671765212,0.3489,Not significant,Not significant,False,-0.10104540818230821,0.3489,False,39.788760462335595,0.5921408271323199,0.0761,Not significant,Not significant,False,0.6380992105008406,0.0761,False,18.181818181818183,0.01097552349749315,0.3816,Not significant,Not significant,False,0.08883689345359776,0.3819,False,East Asia & Pacific,Upper middle income,14.5,0.45595854922279794,39.788760462335595
NAM,0.4054651081081644,0.09991065626121799,0.3555,Not significant,Not significant,False,-0.2313630067875325,0.3554,False,1.8346644435426047,-0.006115354547781992,0.2722,Not significant,Not significant,False,0.01939056384096085,0.2722,False,1.0,0.02689279473963532,0.4918,Not significant,Not significant,False,-0.14185560468611258,0.4918,False,-28.671449448651515,0.4836335850269827,0.057,Not significant,Not significant,False,-0.653242962251912,0.057,False,11.11111111111111,0.07522372652300299,0.2193,Not significant,Not significant,False,-0.3215182797145151,0.2193,False,Sub-Saharan Africa ,Lower middle income,0.5,0.7046632124352331,-28.671449448651515
NCL,0.0,0.7044987780281359,0.0058,Low-Low,Low-Low,False,-0.8113789261482748,0.0058,True,0.0,0.072596058488549,0.2641,Not significant,Not significant,False,-0.2276831876007751,0.2641,False,0.0,0.04223754572536585,0.0239,Low-Low,Not significant,False,-0.20540273319638966,0.0235,False,-2.2691643417032026,0.039657692331711875,0.0755,Not significant,Not significant,False,-0.5087929393384961,0.0755,False,0.0,0.5538974384936658,0.0094,Low-Low,Not significant,False,-0.7170447801396227,0.0089,False,East Asia & Pacific,High income,0.0,0.21243523316062177,-2.2691643417032026
NER,1.252762968495368,0.008730860574801349,0.3465,Not significant,Not significant,False,0.12865589013866432,0.3465,False,0.14432093317869207,0.0996223861595039,0.0494,Low-Low,Not significant,False,-0.3036127971128879,0.0494,False,66.5,0.015284495204821362,0.3817,Not significant,Not significant,False,-0.10859125699704512,0.3817,False,-23.975023249634653,0.5173629964607536,0.0218,Low-Low,Not significant,False,-0.785874939744485,0.0218,False,35.714285714285715,0.3500897263267147,0.1972,Not significant,Not significant,False,0.4400664110497687,0.1972,False,Sub-Saharan Africa ,Low income,2.5,0.8756476683937824,-23.975023249634653
NGA,3.6838669122903918,0.23584209681067106,0.3517,Not significant,Not significant,False,0.3788047909748693,0.3517,False,0.7498725854382984,0.0740197446325468,0.0788,Not significant,Not significant,False,-0.2791875897749794,0.0788,False,315.8,-0.008144193181546286,0.4469,Not significant,Not significant,False,-0.11567744758632063,0.4469,False,3.669456622824498,-0.044271405270918364,0.108,Not significant,Not significant,False,-0.4184220113665512,0.108,False,52.94117647058823,0.3598807943780933,0.291,Not significant,Not significant,False,0.43501304161334187,0.291,False,Sub-Saharan Africa ,Lower middle income,38.8,0.9222797927461139,3.669456622824498
NIC,0.0,0.3825971768675932,0.1369,Not significant,Not significant,False,-0.49850153773551825,0.1365,False,0.0,0.029785780346170226,0.4543,Not significant,Not significant,False,-0.123138645278254,0.4543,False,0.0,0.041370951343623584,0.0514,Not significant,Not significant,False,-0.20179503728628165,0.0514,False,-53.56450112926797,0.48919336747193204,0.1913,Not significant,Not significant,False,-0.49939267740358145,0.1913,False,0.0,0.35216174716323195,0.1243,Not significant,Not significant,False,-0.49698311744200513,0.1243,False,Latin America & Caribbean ,Lower middle income,0.0,0.7253886010362695,-53.56450112926797
NIU,0.0,0.4415697340426921,0.0986,Not significant,Not significant,False,-0.5558208539813693,0.0979,False,0.0,0.11316999656664771,0.0221,Low-Low,Not significant,False,-0.32676649120580614,0.0214,False,0.0,0.02653285018582501,0.4977,Not significant,Not significant,False,-0.14002293491800263,0.4984,False,,-8.070393677995479e-19,0.3703,Not significant,Not significant,True,0.1184814231070903,0.3703,False,0.0,0.42603926903823003,0.067,Not significant,Not significant,False,-0.5775717836942373,0.0663,False,,,0.0,,
NLD,2.229117941112173,0.5200851553521371,0.0683,Not significant,Not significant,False,0.6729080157862136,0.0683,False,19.528244711084035,1.8448261825215257,0.035,High-High,Not significant,False,1.0918006768659,0.035,False,256.7916666666667,0.0007707997776868871,0.1398,Not significant,Not significant,False,0.09048299349171068,0.1398,False,53.09419423409061,2.282141967147627,0.0001,High-High,High-High,False,1.608959667660367,0.0001,True,50.0,2.467613335973421,0.002,High-High,High-High,False,1.460970572595316,0.002,True,Europe & Central Asia,High income,8.291666666666666,0.23316062176165803,53.09419423409061
NOR,1.0986122886681098,-0.009542179733171004,0.3132,Not significant,Not significant,False,0.14467308881759855,0.3132,False,6.706174978858784,0.0358238630883348,0.2398,Not significant,Not significant,False,0.13299805600708872,0.2398,False,233.0,0.001359788239678224,0.412,Not significant,Not significant,False,-0.0959841984241195,0.412,False,41.36309286568354,1.1290047814655304,0.0037,High-High,High-High,False,1.051700703340469,0.0037,True,33.333333333333336,0.36670760767834887,0.1642,Not significant,Not significant,False,0.47763839247044315,0.1642,False,Europe & Central Asia,High income,2.0,0.17098445595854922,41.36309286568354
NPL,3.004031076368686,2.23247226664311,0.0003,High-High,High-High,False,1.5824444142906682,0.0003,True,4.813919974532939,-0.039127632971033985,0.3378,Not significant,Not significant,False,-0.12474488297359812,0.3378,False,301.1666666666667,0.07329873530596452,0.0339,High-High,Not significant,False,1.4263636641410724,0.0339,False,30.15278331340508,0.0767507586469357,0.4027,Not significant,Not significant,False,0.19650259393722094,0.4027,False,20.0,0.28184830631038826,0.0055,High-High,High-High,False,1.0933477903214261,0.0055,True,South Asia,Lower middle income,19.166666666666664,0.6010362694300518,30.15278331340508
NZL,0.6931471805599453,0.1476838771182615,0.1549,Not significant,Not significant,False,-0.4038769488756665,0.1549,False,7.405421657303744,-0.16503340471601288,0.0294,High-Low,Not significant,False,-0.19712728635498658,0.0295,False,13.0,-0.009023408049310632,0.1866,Not significant,Not significant,False,0.011629778496223321,0.1866,False,32.40467649794075,-0.43236134596048265,0.1067,Not significant,Not significant,False,-0.3181692712218303,0.1067,False,10.0,0.1188439254232424,0.1416,Not significant,Not significant,False,-0.4051796949201276,0.1416,False,East Asia & Pacific,High income,1.0,0.15544041450777202,32.40467649794075
OMN,0.0,0.6273027610615951,0.0238,Low-Low,Not significant,False,-0.7363470278996165,0.0212,False,0.0,0.037333718640833076,0.4909,Not significant,Not significant,False,-0.14157103555307954,0.4908,False,0.0,0.039458714154159254,0.1134,Not significant,Not significant,False,-0.19383425374910118,0.1133,False,-27.139630662946725,0.1803210127726307,0.2623,Not significant,Not significant,False,-0.3177378824670797,0.2623,False,0.0,0.28706299789101725,0.1881,Not significant,Not significant,False,-0.4259707006014273,0.1875,False,"Middle East, North Africa, Afghanistan & Pakistan",High income,0.0,0.46113989637305697,-27.139630662946725
PAK,3.9173421669057458,0.6174443572399243,0.2168,Not significant,Not significant,False,0.5529338765034241,0.2168,False,2.5355315286895257,0.010405712273310594,0.2897,Not significant,Not significant,False,-0.17695343063920072,0.2897,False,1134.2666666666667,0.23621987811270825,0.0834,Not significant,Not significant,False,0.38074378131453523,0.0834,False,14.016208316726448,-0.11761914674067774,0.2086,Not significant,Not significant,False,-0.2282698611911244,0.2086,False,40.0,0.3680193659125931,0.2243,Not significant,Not significant,False,0.432367068036774,0.2243,False,"Middle East, North Africa, Afghanistan & Pakistan",Lower middle income,49.266666666666666,0.8341968911917098,14.016208316726448
PAN,0.6931471805599453,0.07554248274202785,0.3204,Not significant,Not significant,False,-0.23179398870062606,0.3204,False,3.6779579977196657,-0.00826642772980752,0.4778,Not significant,Not significant,False,-0.07491203117728318,0.4778,False,1.0,0.03969899024439996,0.1001,Not significant,Not significant,False,-0.19538466852038724,0.1001,False,10.124883751826758,-0.1196676330369138,0.1247,Not significant,Not significant,False,-0.36090685483200863,0.1247,False,7.6923076923076925,0.13023531000762673,0.2243,Not significant,Not significant,False,-0.33879068291037717,0.2243,False,Latin America & Caribbean ,High income,1.0,0.37823834196891193,10.124883751826758
PER,2.583997552432231,0.36342485006424197,0.1981,Not significant,Not significant,False,0.4452801234123279,0.1981,False,4.42031996188349,-0.037093100173836185,0.2397,Not significant,Not significant,False,-0.16371580942531463,0.2397,False,93.25,-0.012113697139895116,0.1474,Not significant,Not significant,False,0.062395639740867155,0.1474,False,20.39856516540454,0.10382249312518921,0.3134,Not significant,Not significant,False,0.24437671341791808,0.3134,False,30.0,0.24465702201162323,0.2026,Not significant,Not significant,False,0.39096833499032735,0.2026,False,Latin America & Caribbean ,Upper middle income,12.25,0.6113989637305699,20.39856516540454
PHL,2.5649493574615367,0.2879152739195268,0.2386,Not significant,Not significant,False,0.38566827705483564,0.2386,False,1.374170001319203,-0.03631814592978638,0.1607,Not significant,Not significant,False,0.13726071845508384,0.1607,False,58.666666666666664,0.01190806342602638,0.3131,Not significant,Not significant,False,-0.0875115792412901,0.3131,False,27.14494486515212,0.41978099081954345,0.0693,Not significant,Not significant,False,0.6114333660792787,0.0693,False,25.0,-0.10063791690898856,0.3436,Not significant,Not significant,False,-0.1101881181964504,0.3436,False,East Asia & Pacific,Upper middle income,12.0,0.533678756476684,27.14494486515212
PNG,0.0,0.7816947949946764,0.0034,Low-Low,Low-Low,False,-0.8864108243969333,0.0001,True,0.0,0.12383193799472729,0.0001,Low-Low,Low-Low,False,-0.35280341119873404,0.0001,True,0.0,0.04260996645140386,0.0001,Low-Low,Low-Low,False,-0.20695314796767572,0.0001,True,-58.227713564501116,1.4476299483039345,0.008,Low-Low,Low-Low,False,-1.027056366688262,0.008,True,0.0,0.6206060486443279,0.0034,Low-Low,Low-Low,False,-0.7898133000241716,0.0001,True,East Asia & Pacific,Lower middle income,0.0,0.772020725388601,-58.227713564501116
POL,2.70805020110221,0.17802061437542616,0.3294,Not significant,Not significant,False,0.29809879993552957,0.3294,False,1.6940784697147173,0.004251469366886446,0.3567,Not significant,Not significant,False,-0.04580555549259328,0.3567,False,313.0,-0.005638843947959573,0.3932,Not significant,Not significant,False,-0.08162072591449217,0.3932,False,48.86940348080245,1.1213996342239239,0.0139,High-High,Not significant,False,0.9362841468514327,0.0139,False,53.333333333333336,0.3818856131490575,0.2866,Not significant,Not significant,False,0.4460200446210885,0.2866,False,Europe & Central Asia,High income,14.0,0.35233160621761656,48.86940348080245
PRI,0.0,0.7816947949946764,0.0035,Low-Low,Low-Low,False,-0.8864108243969333,0.0001,True,0.0,0.12383193799472729,0.0001,Low-Low,Low-Low,False,-0.35280341119873404,0.0001,True,0.0,0.04260996645140386,0.0001,Low-Low,Low-Low,False,-0.20695314796767572,0.0001,True,15.347415969177629,-0.1334570783168762,0.2047,Not significant,Not significant,False,-0.23279944311600603,0.2047,False,0.0,0.6206060486443279,0.0035,Low-Low,Low-Low,False,-0.7898133000241716,0.0001,True,Latin America & Caribbean ,High income,0.0,0.03626943005181347,15.347415969177629
PRK,1.0986122886681098,-0.04653001228004751,0.0274,Low-High,Not significant,False,0.7353371877159601,0.0274,False,0.9791904405945722,-0.14562850605063835,0.0451,Low-High,Not significant,False,0.49555677621600536,0.0451,False,148.0,-0.08553768223684359,0.0476,Low-High,Not significant,False,0.8717621270920831,0.0476,False,-35.32084495815066,-1.0020766070537968,0.0036,Low-High,Low-High,False,0.7819222148753747,0.0036,True,16.666666666666668,0.027975951640864253,0.1297,Not significant,Not significant,False,0.4159206475073115,0.1297,False,East Asia & Pacific,Low income,2.0,0.9378238341968912,-35.32084495815066
PRT,1.0986122886681098,-0.044018070142813254,0.0331,Low-High,Not significant,False,0.6952236169330843,0.0331,False,8.165464982403423,0.07188455006419937,0.2132,Not significant,Not significant,False,0.18860551303031411,0.2132,False,2.0,-0.005672476955553683,0.202,Not significant,Not significant,False,-0.005519200272072399,0.202,False,33.07293742526903,1.074257807598648,0.0009,High-High,High-High,False,1.192895246000011,0.0009,True,5.555555555555555,-0.5063450362606522,0.0167,Low-High,Not significant,False,0.7883423638334164,0.0167,False,Europe & Central Asia,High income,2.0,0.2538860103626943,33.07293742526903
PRY,0.0,-0.7106267184663104,0.0366,Low-High,Not significant,False,0.5640748399194148,0.0366,False,0.0,0.03942294813489498,0.4992,Not significant,Not significant,False,-0.14667302392458698,0.4992,False,0.0,-0.04272785560785719,0.1041,Not significant,Not significant,False,0.14831445831630427,0.1041,False,-31.80284309817989,-0.663007921125507,0.0265,Low-High,Not significant,False,0.5515004260588082,0.0265,False,0.0,-0.5350962813917564,0.0661,Not significant,Not significant,False,0.4708747549946978,0.066,False,Latin America & Caribbean ,Upper middle income,0.0,0.5077720207253886,-31.80284309817989
PSE,0.0,0.19443919502438267,0.3081,Not significant,Not significant,False,-0.31561839035173744,0.3076,False,0.0,-0.8158386792164858,0.0016,Low-High,Low-High,False,1.9419126914051372,0.0016,True,0.0,0.035892069508641496,0.2395,Not significant,Not significant,False,-0.17898605074716906,0.2394,False,-24.54895708781719,0.09299994150629888,0.3545,Not significant,Not significant,False,-0.21579971648984478,0.3545,False,0.0,0.29947763775737707,0.1771,Not significant,Not significant,False,-0.4395131048867871,0.1771,False,"Middle East, North Africa, Afghanistan & Pakistan",Lower middle income,0.0,0.43523316062176165,-24.54895708781719
PYF,0.0,0.6024511943866643,0.0285,Low-Low,Not significant,False,-0.7121921518406433,0.0281,False,0.0,0.10946952147838639,0.0322,Low-Low,Not significant,False,-0.3177297717247616,0.0321,False,0.0,0.0423807844661497,0.0141,Low-Low,Not significant,False,-0.2059990465699612,0.014,False,17.419954829281256,-0.08618835881881595,0.3213,Not significant,Not significant,False,-0.0997611576102377,0.3213,False,0.0,0.4617760244760848,0.0431,Low-Low,Not significant,False,-0.6165549193466743,0.0431,False,East Asia & Pacific,High income,0.0,0.015544041450777202,17.419954829281256
QAT,0.0,0.19051137143881264,0.3142,Not significant,Not significant,False,-0.3118006796563927,0.3142,False,0.0,-0.00020661728468076285,0.3172,Not significant,Not significant,False,-0.04989591900947876,0.3172,False,0.0,0.020450933252142915,0.3807,Not significant,Not significant,False,-0.11470346907615371,0.3808,False,-16.77693636242859,-0.05028224328061515,0.4002,Not significant,Not significant,False,0.03130578160928662,0.4002,False,0.0,-0.1342545399026384,0.3185,Not significant,Not significant,False,0.0336199513009865,0.3186,False,"Middle East, North Africa, Afghanistan & Pakistan",High income,0.0,0.35751295336787564,-16.77693636242859
ROU,0.7375989431307791,-0.057530235912993714,0.3201,Not significant,Not significant,False,0.10455738619524627,0.3201,False,0.14893884054885748,-0.16048332824461795,0.0603,Not significant,Not significant,False,0.36461891414929326,0.0603,False,3.1818181818181817,0.020489557674050633,0.3859,Not significant,Not significant,False,-0.11559387336350946,0.3859,False,-3.9178955759266643,-0.06010410436419599,0.092,Not significant,Not significant,False,0.44615629537836765,0.092,False,11.764705882352942,-0.04695298068598633,0.2674,Not significant,Not significant,False,0.18508246344949864,0.2674,False,Europe & Central Asia,High income,1.0909090909090908,0.5699481865284974,-3.9178955759266643
RUS,2.5695176614319166,-0.05711097636191326,0.4779,Not significant,Not significant,False,0.10512258246451701,0.4779,False,0.20015758849145962,0.06220326875605241,0.3076,Not significant,Not significant,False,-0.20984734926882573,0.3076,False,28.20238095238095,0.031267113245295276,0.2592,Not significant,Not significant,False,-0.17307828896757071,0.2592,False,39.574863823568485,-0.15028019678285695,0.3581,Not significant,Not significant,False,0.023405348019376906,0.3581,False,43.75,0.1944694779842158,0.3388,Not significant,Not significant,False,0.32198742739490377,0.3388,False,Europe & Central Asia,High income,12.059523809523808,0.41450777202072536,39.574863823568485
RWA,2.327277705584417,0.18741855331451654,0.2844,Not significant,Not significant,False,0.30940131416885636,0.2844,False,5.013191468144284,-0.04802521985418996,0.2878,Not significant,Not significant,False,-0.13802378436531632,0.2878,False,296.25,-0.0038408464715711287,0.3646,Not significant,Not significant,False,-0.07620746538961834,0.3646,False,-12.724857180815718,0.3629431282257725,0.0036,Low-Low,Low-Low,False,-0.9561280295699616,0.0036,True,22.22222222222222,0.011586446278999817,0.425,Not significant,Not significant,False,0.07805367955129205,0.425,False,Sub-Saharan Africa ,Low income,9.25,0.9067357512953368,-12.724857180815718
SAU,1.3862943611198906,-0.10772967952854554,0.0401,High-Low,Not significant,False,-0.5423923845689088,0.0358,False,12.502094100761878,-0.34368167355531704,0.0406,High-Low,Not significant,False,-0.1021781140651598,0.0406,False,110.0,0.02150331877330054,0.1446,Not significant,Not significant,False,-0.17737600463852582,0.1443,False,36.89252026039591,-0.41376944322015274,0.1457,Not significant,Not significant,False,-0.23074282230847395,0.1457,False,50.0,-1.215757180431814,0.0104,High-Low,Not significant,False,-0.34511678961859527,0.0104,False,"Middle East, North Africa, Afghanistan & Pakistan",High income,3.0,0.27979274611398963,36.89252026039591
SDN,0.0,-0.04464147797181135,0.4291,Not significant,Not significant,False,-0.0832401222184677,0.4291,False,0.0,0.06906184626290476,0.2888,Not significant,Not significant,False,-0.21905248918830963,0.2888,False,0.0,0.018695303752602248,0.3523,Not significant,Not significant,False,-0.10739465482741149,0.3523,False,-75.32615916035606,1.3692440464104942,0.0419,Low-Low,Not significant,False,-0.8756589783640366,0.0419,False,0.0,-0.03282624376712873,0.4251,Not significant,Not significant,False,-0.07702224267552035,0.4251,False,Sub-Saharan Africa ,Low income,0.0,0.9430051813471503,-75.32615916035606
SEN,2.70805020110221,-0.5624717707315311,0.111,Not significant,Not significant,False,-0.24925096693056975,0.1101,False,4.063632773918165,-0.02420581864868565,0.3153,Not significant,Not significant,False,-0.14492060760227135,0.3153,False,131.0,0.01994423830885073,0.0223,Low-Low,Not significant,False,-0.19001784815824313,0.0219,False,15.190647004118503,-0.35740749779351155,0.0123,High-Low,Not significant,False,-0.7274217634757753,0.0123,False,40.0,-0.5889790178968426,0.1126,Not significant,Not significant,False,-0.22845614662908034,0.1126,False,Sub-Saharan Africa ,Lower middle income,14.0,0.689119170984456,15.190647004118503
SGP,0.0,-0.7421730568175273,0.0314,Low-High,Not significant,False,0.5947368059417321,0.0314,False,,-0.0,0.0001,Low-Low,Low-Low,True,-0.17526620232011725,0.2751,False,0.0,0.013493708246654213,0.2948,Not significant,Not significant,False,-0.0857400315939712,0.2948,False,17.93808954430716,0.32029363933498045,0.0446,High-High,Not significant,False,0.6591971302971328,0.0446,False,0.0,-0.18487320678790964,0.274,Not significant,Not significant,False,0.08883689345359776,0.2741,False,East Asia & Pacific,High income,0.0,0.010362694300518135,17.93808954430716
SLB,0.0,0.7816947949946764,0.0029,Low-Low,Low-Low,False,-0.8864108243969333,0.0001,True,0.0,0.12383193799472729,0.0001,Low-Low,Low-Low,False,-0.35280341119873404,0.0001,True,0.0,0.04260996645140386,0.0001,Low-Low,Low-Low,False,-0.20695314796767572,0.0001,True,-54.082635844293875,0.8488765699093013,0.0686,Not significant,Not significant,False,-0.714048712078506,0.0686,False,0.0,0.6206060486443279,0.0029,Low-Low,Low-Low,False,-0.7898133000241716,0.0001,True,East Asia & Pacific,Lower middle income,0.0,0.7305699481865285,-54.082635844293875
SLE,1.3862943611198906,-0.05191742020134653,0.2304,Not significant,Not significant,False,-0.24925096693056975,0.2301,False,2.365867534445848,0.015222280759430854,0.2611,Not significant,Not significant,False,-0.19010476909702176,0.2611,False,3.0,0.037849148378191096,0.1544,Not significant,Not significant,False,-0.18870595873638568,0.1543,False,-25.28364554271289,0.6306566207840465,0.0101,Low-Low,Not significant,False,-0.899575973511141,0.0101,False,13.333333333333334,0.029255095874706392,0.2846,Not significant,Not significant,False,-0.2436162549383613,0.2847,False,Sub-Saharan Africa ,Low income,3.0,0.9015544041450777,-25.28364554271289
SLV,0.0,0.38259717686759315,0.1367,Not significant,Not significant,False,-0.49850153773551825,0.1353,False,0.0,0.029785780346170226,0.4534,Not significant,Not significant,False,-0.123138645278254,0.4534,False,0.0,0.041370951343623584,0.0494,Low-Low,Not significant,False,-0.20179503728628165,0.0492,False,-35.42978610336124,0.39965391152623936,0.1469,Not significant,Not significant,False,-0.49939267740358145,0.1469,False,0.0,0.35216174716323195,0.1254,Not significant,Not significant,False,-0.49698311744200513,0.1254,False,Latin America & Caribbean ,Upper middle income,0.0,0.5440414507772021,-35.42978610336124
SOM,0.22314355131420976,-0.25086339625990717,0.1975,Not significant,Not significant,False,0.1988297994729448,0.1975,False,0.5157201826062022,0.04545540988666215,0.3972,Not significant,Not significant,False,-0.17589331919941664,0.3972,False,8.25,0.006896144868444938,0.2537,Not significant,Not significant,False,-0.05827830995756648,0.2537,False,-48.85744652584031,0.7846161995887371,0.0644,Not significant,Not significant,False,-0.7057670512169562,0.0644,False,9.090909090909092,-0.08334261809101491,0.2591,Not significant,Not significant,False,0.1730832762259193,0.2592,False,Sub-Saharan Africa ,Low income,0.25,0.8860103626943006,-48.85744652584031
SRB,2.2608156801177506,-0.08583216261730793,0.429,Not significant,Not significant,False,0.028646607766701727,0.429,False,3.7433556328791546,0.050041330999228084,0.0503,Not significant,Not significant,False,0.4922895643425088,0.0503,False,101.18181818181819,0.015507694804042634,0.49,Not significant,Not significant,False,-0.12658094727156563,0.49,False,38.58110801115984,0.4224538637114634,0.1506,Not significant,Not significant,False,0.5043987934180131,0.1507,False,33.333333333333336,-0.06623925460419004,0.4741,Not significant,Not significant,False,0.06688798108448517,0.4741,False,Europe & Central Asia,Upper middle income,8.59090909090909,0.38341968911917096,38.58110801115984
SSD,1.0986122886681098,-0.027196557407546396,0.1161,Not significant,Not significant,False,0.42659842378905505,0.1161,False,1.49840816608476,0.015248601820360735,0.454,Not significant,Not significant,False,-0.09990512583072081,0.454,False,9.0,-0.0010557422992573866,0.2171,Not significant,Not significant,False,-0.023930659639843976,0.2171,False,-34.28457552809884,0.7813719657293837,0.0157,Low-Low,Not significant,False,-0.8667001374804946,0.0157,False,11.11111111111111,-0.07810045436950541,0.1965,Not significant,Not significant,False,0.2686378982965393,0.1965,False,Sub-Saharan Africa ,Low income,2.0,0.927461139896373,-34.28457552809884
STP,0.0,0.24906859973109818,0.257,Not significant,Not significant,False,-0.36871631037934305,0.2567,False,0.0,0.11626024377245134,0.0123,Low-Low,Not significant,False,-0.3343130079259201,0.0123,False,0.0,0.03350571208718261,0.3243,Not significant,Not significant,False,-0.1690514699434667,0.3242,False,-46.310615118905275,1.0587492826456257,0.0157,Low-Low,Not significant,False,-0.9161894567173511,0.0157,False,0.0,0.2303824794623501,0.2593,Not significant,Not significant,False,-0.3641412392616145,0.2593,False,Sub-Saharan Africa ,Lower middle income,0.0,0.6528497409326425,-46.310615118905275
SUR,0.0,0.736538019864216,0.0052,Low-Low,Low-Low,False,-0.8425199775635428,0.0041,True,0.0,0.12107226208623134,0.0059,Low-Low,Low-Low,False,-0.34606416381863836,0.0055,True,0.0,0.04259564257732547,0.003,Low-Low,Low-Low,False,-0.20689351663031857,0.0024,True,-20.922014082635844,0.012693124500729843,0.4715,Not significant,Not significant,False,-0.09968591538557187,0.4715,False,0.0,0.58549625382819,0.0024,Low-Low,Low-Low,False,-0.7515140790323037,0.0024,True,Latin America & Caribbean ,Upper middle income,0.0,0.39896373056994816,-20.922014082635844
SVK,0.08701137698962977,-0.4067931095219887,0.1211,Not significant,Not significant,False,0.30995026532239583,0.1211,False,0.08766529949709925,-0.02593272491768261,0.2489,Not significant,Not significant,False,0.016326976226454452,0.2489,False,2.1818181818181817,0.013127290559841827,0.293,Not significant,Not significant,False,-0.08443966186228502,0.293,False,11.518533280191317,0.34190232473695276,0.0019,High-High,High-High,False,1.0376705365144516,0.0019,True,5.882352941176471,-0.2862068621275752,0.092,Not significant,Not significant,False,0.4330256660702761,0.092,False,Europe & Central Asia,High income,0.09090909090909091,0.2694300518134715,11.518533280191317
SVN,0.08701137698962977,-0.48600176371535697,0.0847,Not significant,Not significant,False,0.3931249595695247,0.0847,False,0.8652364020528599,-0.04347629862347731,0.1744,Not significant,Not significant,False,0.11376616920969823,0.1744,False,2.1818181818181817,0.014522224871964378,0.304,Not significant,Not significant,False,-0.0902984407576257,0.304,False,19.29055400557992,0.5862067486964556,0.0017,High-High,High-High,False,1.0790186470424679,0.0017,True,6.25,-0.20916877378802032,0.1495,Not significant,Not significant,False,0.3148988530894761,0.1495,False,Europe & Central Asia,High income,0.09090909090909091,0.19170984455958548,19.29055400557992
SWE,2.3978952727983707,0.012675375974256393,0.4519,Not significant,Not significant,False,0.14467308881759855,0.4519,False,8.640503222907702,0.029054143707919904,0.2675,Not significant,Not significant,False,0.13299805600708872,0.2675,False,95.5,0.011490000719484934,0.3514,Not significant,Not significant,False,-0.0959841984241195,0.3514,False,65.24644612727514,1.6064084386272208,0.0096,High-High,Not significant,False,1.051700703340469,0.0096,False,33.333333333333336,0.36670760767834887,0.1634,Not significant,Not significant,False,0.47763839247044315,0.1634,False,Europe & Central Asia,High income,10.0,0.13471502590673576,65.24644612727514
SWZ,1.0986122886681098,0.004197427621538087,0.4511,Not significant,Not significant,False,-0.07473670728498162,0.4511,False,12.849820295263171,-0.18522645866347653,0.4021,Not significant,Not significant,False,0.029953856779314954,0.4021,False,204.0,0.005732451085954394,0.3713,Not significant,Not significant,False,-0.1400070332280407,0.3713,False,-0.6058190514148976,0.013806576831779827,0.082,Not significant,Not significant,False,-0.4888437175054353,0.082,False,9.090909090909092,0.0869834009050484,0.2838,Not significant,Not significant,False,-0.276037954786672,0.2839,False,Sub-Saharan Africa ,Lower middle income,2.0,0.5906735751295337,-0.6058190514148976
SYC,0.0,0.11654632367617387,0.3944,Not significant,Not significant,False,-0.2399091733875016,0.3944,False,0.0,0.08168594801174942,0.1948,Not significant,Not significant,False,-0.24988108916088078,0.1948,False,0.0,0.019962966608539284,0.3735,Not significant,Not significant,False,-0.1126720281835199,0.3735,False,16.383685399229442,-0.22713304353278924,0.0917,Not significant,Not significant,False,-0.40032374826026934,0.0917,False,0.0,0.09791087819974577,0.4161,Not significant,Not significant,False,-0.21963571997640782,0.4161,False,Sub-Saharan Africa ,High income,0.0,0.025906735751295335,16.383685399229442
SYR,0.22314355131420976,0.17746073529671494,0.2895,Not significant,Not significant,False,-0.31561839035173744,0.2892,False,0.08387055780429296,-0.792336652599735,0.0014,Low-High,Low-High,False,1.9419126914051372,0.0014,True,16.25,0.03397429347836615,0.2292,Not significant,Not significant,False,-0.17898605074716906,0.2291,False,-55.59319782117709,0.00803614069611989,0.4827,Not significant,Not significant,False,-0.21579971648984478,0.4827,False,5.2631578947368425,0.22101493873744282,0.146,Not significant,Not significant,False,-0.4395131048867871,0.146,False,"Middle East, North Africa, Afghanistan & Pakistan",Low income,0.25,0.9533678756476683,-55.59319782117709
TCD,0.0,0.1095479985033787,0.3986,Not significant,Not significant,False,-0.2331070397683049,0.3986,False,0.0,0.11526173075256545,0.0143,Low-Low,Not significant,False,-0.33187459614265935,0.0143,False,0.0,0.031600636834757466,0.3844,Not significant,Not significant,False,-0.16112050207496478,0.3844,False,-79.4712368805633,2.103222577397791,0.0056,Low-Low,Low-Low,False,-1.1605160086521586,0.0056,True,0.0,-0.007862556790014718,0.4472,Not significant,Not significant,False,-0.10425366824536873,0.4472,False,Sub-Saharan Africa ,Low income,0.0,0.9844559585492227,-79.4712368805633
TGO,0.0,-0.3353356141398304,0.1822,Not significant,Not significant,False,0.1993046735304405,0.1822,False,0.0,0.09640581785716046,0.0944,Not significant,Not significant,False,-0.2858276450537799,0.0944,False,0.0,0.022246192136633786,0.4105,Not significant,Not significant,False,-0.12217726335825074,0.4105,False,-60.30025242460475,0.7613769850109577,0.1118,Not significant,Not significant,False,-0.6383048725815937,0.1118,False,0.0,-0.2686085131328807,0.2037,Not significant,Not significant,False,0.1801788400335227,0.2037,False,Sub-Saharan Africa ,Lower middle income,0.0,0.7927461139896373,-60.30025242460475
THA,3.1135153092103742,0.4796332837564423,0.2039,Not significant,Not significant,False,0.4909760010236015,0.2039,False,1.3205940437400403,0.04608616165549943,0.1894,Not significant,Not significant,False,-0.23003487472079687,0.1894,False,187.0,0.0031014269140465477,0.2858,Not significant,Not significant,False,-0.05982276159511684,0.2858,False,32.73282848412383,-0.0013316269365558145,0.4996,Not significant,Not significant,False,0.12103464259741666,0.4996,False,25.0,0.031603875810479166,0.3994,Not significant,Not significant,False,0.12539077698534684,0.3994,False,East Asia & Pacific,Upper middle income,21.5,0.5854922279792746,32.73282848412383
TJK,0.0,-0.2793094374116732,0.2195,Not significant,Not significant,False,0.14484913868917426,0.2195,False,0.0,0.07429131651587591,0.2494,Not significant,Not significant,False,-0.23182308068897317,0.2494,False,0.0,0.004457850381157264,0.2391,Not significant,Not significant,False,-0.04812309320564261,0.2391,False,-52.01009698419024,0.3474556166134215,0.2584,Not significant,Not significant,False,-0.4140228492977572,0.2584,False,0.0,-0.10675760419124146,0.3472,Not significant,Not significant,False,0.003625152900002452,0.3472,False,Europe & Central Asia,Lower middle income,0.0,0.7098445595854922,-52.01009698419024
TKM,0.0,-0.3249819873151083,0.19,Not significant,Not significant,False,0.18924130102828354,0.1901,False,0.0,0.05199800929594733,0.4187,Not significant,Not significant,False,-0.1773818646704387,0.4187,False,0.0,0.01757183456238762,0.3367,Not significant,Not significant,False,-0.10271757026736517,0.3367,False,-42.68367211372393,0.26416485535074485,0.2763,Not significant,Not significant,False,-0.362612345257767,0.2763,False,0.0,-0.22232734546102897,0.2402,Not significant,Not significant,False,0.129693421998234,0.2402,False,Europe & Central Asia,Upper middle income,0.0,0.616580310880829,-42.68367211372393
TLS,0.0,-0.3415190670531481,0.1792,Not significant,Not significant,False,0.2053147790779655,0.1792,False,0.0,0.06601548649963256,0.3121,Not significant,Not significant,False,-0.21161314749233107,0.3121,False,0.0,-0.015238618976101577,0.1626,Not significant,Not significant,False,0.03387475196949948,0.1626,False,-65.99973428988973,-0.9436975258663117,0.096,Not significant,Not significant,False,0.21344212678364946,0.096,False,0.0,-0.043147954453169476,0.4129,Not significant,Not significant,False,-0.06576289238170738,0.4129,False,East Asia & Pacific,Lower middle income,0.0,0.8497409326424871,-65.99973428988973
TON,0.0,0.4415697340426921,0.0989,Not significant,Not significant,False,-0.5558208539813693,0.0985,False,0.0,0.11316999656664771,0.0225,Low-Low,Not significant,False,-0.32676649120580614,0.0221,False,0.0,0.02653285018582501,0.4949,Not significant,Not significant,False,-0.14002293491800263,0.4953,False,-17.295071077454498,-0.09997401226079375,0.3019,Not significant,Not significant,False,0.1184814231070903,0.3019,False,0.0,0.42603926903823003,0.0663,Not significant,Not significant,False,-0.5775717836942373,0.0659,False,East Asia & Pacific,Upper middle income,0.0,0.3626943005181347,-17.295071077454498
TTO,0.0,0.736538019864216,0.0048,Low-Low,Low-Low,False,-0.8425199775635428,0.0036,True,0.0,0.12107226208623134,0.0057,Low-Low,Low-Low,False,-0.34606416381863836,0.0053,True,0.0,0.04259564257732547,0.0026,Low-Low,Low-Low,False,-0.20689351663031857,0.002,True,-13.149993357247244,0.03149446087089626,0.4131,Not significant,Not significant,False,-0.1270740851639255,0.4131,False,0.0,0.58549625382819,0.002,Low-Low,Low-Low,False,-0.7515140790323037,0.002,True,Latin America & Caribbean ,High income,0.0,0.32124352331606215,-13.149993357247244
TUN,1.791759469228055,-0.08686187521018472,0.3535,Not significant,Not significant,False,-0.09147308052982837,0.3535,False,3.9716834854223326,0.03649916280870991,0.1033,Not significant,Not significant,False,0.28563910949036797,0.1033,False,107.0,0.018664873714501436,0.3567,Not significant,Not significant,False,-0.15351669340732693,0.3567,False,20.253753155307557,0.19804395066529168,0.1763,Not significant,Not significant,False,0.39914996955548265,0.1763,False,7.6923076923076925,0.11083872744587317,0.2748,Not significant,Not significant,False,-0.29680057421159517,0.2748,False,"Middle East, North Africa, Afghanistan & Pakistan",Lower middle income,5.0,0.5025906735751295,20.253753155307557
TUR,2.70805020110221,-0.500822697548266,0.1463,Not significant,Not significant,False,-0.20368182062598308,0.1463,False,1.0203261802054624,-0.5182603756939325,0.0023,Low-High,Low-High,False,1.8903931725097405,0.0023,True,30.0,0.036131377664890635,0.0626,Not significant,Not significant,False,-0.1971139773037448,0.0626,False,16.22691643417032,-0.1437626078792658,0.1963,Not significant,Not significant,False,-0.2345902080630523,0.1963,False,47.36842105263158,-0.5974147608503608,0.1954,Not significant,Not significant,False,-0.08526465375291468,0.1954,False,Europe & Central Asia,Upper middle income,14.0,0.6787564766839378,16.22691643417032
TUV,0.0,0.7816947949946764,0.0021,Low-Low,Low-Low,False,-0.8864108243969333,0.0001,True,0.0,0.12383193799472729,0.0001,Low-Low,Low-Low,False,-0.35280341119873404,0.0001,True,0.0,0.04260996645140386,0.0001,Low-Low,Low-Low,False,-0.20695314796767572,0.0001,True,16.901820114255347,-0.39502300161640147,0.0134,High-Low,Not significant,False,-0.714048712078506,0.0134,False,0.0,0.6206060486443279,0.0021,Low-Low,Low-Low,False,-0.7898133000241716,0.0001,True,East Asia & Pacific,Upper middle income,0.0,0.02072538860103627,16.901820114255347
TWN,2.1972245773362196,0.4459872656433273,0.088,Not significant,Not significant,False,0.6047818892076957,0.088,False,22.527000017458427,0.34504458713480335,0.169,Not significant,Not significant,False,0.45881967576942334,0.169,False,275.0,-0.0019322030124399626,0.3266,Not significant,Not significant,False,-0.07033775408242884,0.3266,False,41.70054470572605,0.8323200551876834,0.0249,High-High,Not significant,False,0.8119338302204094,0.0249,False,11.11111111111111,-0.03589552177585907,0.3152,Not significant,Not significant,False,0.10618797312692416,0.3152,False,,,8.0,0.34196891191709844,41.70054470572605
TZA,2.617395832834079,0.29259239084209304,0.2415,Not significant,Not significant,False,0.3865178353900652,0.2415,False,1.0087983419739956,0.02933169787480257,0.4705,Not significant,Not significant,False,-0.14158674081891026,0.4705,False,139.7,0.0060018005961818,0.2936,Not significant,Not significant,False,-0.07015090922537641,0.2936,False,-13.803640228510702,0.32698302294955683,0.0134,Low-Low,Not significant,False,-0.8079510084614328,0.0134,False,23.80952380952381,0.02536786763015291,0.4046,Not significant,Not significant,False,0.11209743154406333,0.4046,False,Sub-Saharan Africa ,Lower middle income,12.7,0.9585492227979274,-13.803640228510702
UGA,1.8718021769015913,0.14410745336117547,0.2409,Not significant,Not significant,False,0.30940131416885636,0.2409,False,0.6245571463997608,0.03178510374909643,0.4923,Not significant,Not significant,False,-0.13802378436531632,0.4923,False,8.75,0.011050272154240924,0.2797,Not significant,Not significant,False,-0.07620746538961834,0.2797,False,-25.614454629998676,0.6828047654299075,0.0067,Low-Low,Low-Low,False,-0.9561280295699616,0.0067,True,16.666666666666668,0.004778798230523229,0.3881,Not significant,Not significant,False,0.07805367955129205,0.3881,False,Sub-Saharan Africa ,Low income,5.5,0.9740932642487047,-25.614454629998676
UKR,3.466256600546456,0.09054157923163657,0.4122,Not significant,Not significant,False,0.293414826534614,0.4122,False,1.2535461007239448,0.041222796590319806,0.2786,Not significant,Not significant,False,-0.20285388788066594,0.2786,False,476.01666666666665,-0.033393453574226864,0.243,Not significant,Not significant,False,-0.12386437845290256,0.243,False,9.395509499136438,0.061834383942581624,0.2606,Not significant,Not significant,False,0.25640042091951404,0.2606,False,60.0,0.6924666119644655,0.2109,Not significant,Not significant,False,0.5870110227744691,0.2109,False,Europe & Central Asia,Upper middle income,31.016666666666666,0.8393782383419689,9.395509499136438
URY,1.6894806201076369,0.2320968331259772,0.0833,Not significant,Not significant,False,0.5640748399194148,0.0833,False,2.4282635954355243,0.010456028764222115,0.3907,Not significant,Not significant,False,-0.14667302392458698,0.3907,False,48.91666666666667,-0.0331716516366877,0.101,Not significant,Not significant,False,0.14831445831630427,0.101,False,35.028563836853984,0.44765681287695946,0.1101,Not significant,Not significant,False,0.5515004260588082,0.1101,False,29.41176470588235,0.3039452659710142,0.1511,Not significant,Not significant,False,0.4708747549946978,0.1511,False,Latin America & Caribbean ,High income,4.416666666666667,0.3471502590673575,35.028563836853984
USA,5.790651645767858,0.4779742525684759,0.3276,Not significant,Not significant,False,0.6178091054950332,0.3276,False,3.4319820593264216,-0.014114848435489142,0.1143,Not significant,Not significant,False,-0.22143936884771015,0.1143,False,13784.95238095238,0.829168801100398,0.1323,Not significant,Not significant,False,1.677677947721565,0.1323,False,86.01036269430051,0.698729765358362,0.2129,Not significant,Not significant,False,0.5893472650657089,0.2129,False,81.81818181818181,0.5110822610441246,0.3108,Not significant,Not significant,False,0.6129064343868392,0.3108,False,North America,High income,326.2261904761905,0.13989637305699482,86.01036269430051
UZB,1.9459101490553132,0.041868549182361,0.3985,Not significant,Not significant,False,0.14535045419489312,0.3985,False,2.212714107748851,0.017973610982368417,0.2905,Not significant,Not significant,False,-0.18298769515466848,0.2905,False,108.0,0.011872564970502769,0.3823,Not significant,Not significant,False,-0.10426798503865124,0.3823,False,7.786634781453429,-0.09455175529018046,0.1176,Not significant,Not significant,False,-0.38469844627133676,0.1176,False,17.647058823529413,0.01982346345032419,0.3048,Not significant,Not significant,False,0.1721417252642208,0.3048,False,Europe & Central Asia,Lower middle income,6.0,0.6580310880829016,7.786634781453429
VCT,0.0,0.7816947949946764,0.0033,Low-Low,Low-Low,False,-0.8864108243969333,0.0001,True,0.0,0.12383193799472729,0.0001,Low-Low,Low-Low,False,-0.35280341119873404,0.0001,True,0.0,0.04260996645140386,0.0001,Low-Low,Low-Low,False,-0.20695314796767572,0.0001,True,0.8396439484522382,-0.0008706426358044081,0.4305,Not significant,Not significant,False,-0.052820041715396365,0.4305,False,0.0,0.6206060486443279,0.0033,Low-Low,Low-Low,False,-0.7898133000241716,0.0001,True,Latin America & Caribbean ,Upper middle income,0.0,0.18134715025906736,0.8396439484522382
VEN,0.4054651081081644,0.3314629556173626,0.0582,Not significant,Not significant,False,-0.5758124285286506,0.058,False,0.3988721172913775,0.09016605808857499,0.0538,Not significant,Not significant,False,-0.2978375497176675,0.0537,False,0.5,0.040987312515085465,0.061,Not significant,Not significant,False,-0.2004831478644242,0.0608,False,-6.90979141756344,-0.00555031286724355,0.4739,Not significant,Not significant,False,-0.0022823474815295334,0.4739,False,5.2631578947368425,0.31415377439709335,0.0357,Low-Low,Not significant,False,-0.5933216445006757,0.0357,False,Latin America & Caribbean ,Lower middle income,0.5,0.48704663212435234,-6.90979141756344
VNM,3.1498829533812494,0.2330542396407684,0.3223,Not significant,Not significant,False,0.34816598977786645,0.3223,False,2.1812673967062612,-0.013629474992861436,0.1949,Not significant,Not significant,False,0.11028939708828228,0.1949,False,599.8333333333334,-0.037059919731939915,0.4638,Not significant,Not significant,False,-0.06670024250364229,0.4638,False,36.34914308489438,0.1052829816319519,0.3898,Not significant,Not significant,False,0.2312895824743788,0.3898,False,30.76923076923077,-0.13301061947971007,0.3781,Not significant,Not significant,False,-0.03631704498031729,0.3781,False,East Asia & Pacific,Upper middle income,22.333333333333332,0.5595854922279793,36.34914308489438
VUT,0.0,0.7816947949946764,0.0016,Low-Low,Low-Low,False,-0.8864108243969333,0.0001,True,0.0,0.12383193799472729,0.0001,Low-Low,Low-Low,False,-0.35280341119873404,0.0001,True,0.0,0.04260996645140386,0.0001,Low-Low,Low-Low,False,-0.20695314796767572,0.0001,True,-25.585226517869,0.4897364826399814,0.0386,Low-Low,Not significant,False,-0.714048712078506,0.0386,False,0.0,0.6206060486443279,0.0016,Low-Low,Low-Low,False,-0.7898133000241716,0.0001,True,East Asia & Pacific,Lower middle income,0.0,0.44559585492227977,-25.585226517869
WSM,0.0,0.4415697340426921,0.0977,Not significant,Not significant,False,-0.5558208539813693,0.0973,False,0.0,0.11316999656664771,0.0223,Low-Low,Not significant,False,-0.32676649120580614,0.0219,False,0.0,0.02653285018582501,0.4988,Not significant,Not significant,False,-0.14002293491800263,0.4992,False,4.466586953633588,0.013075585372886764,0.3892,Not significant,Not significant,False,0.1184814231070903,0.3892,False,0.0,0.42603926903823003,0.0667,Not significant,Not significant,False,-0.5775717836942373,0.0663,False,East Asia & Pacific,Upper middle income,0.0,0.14507772020725387,4.466586953633588
YEM,0.0,0.21522518879395128,0.2928,Not significant,Not significant,False,-0.33582166806995833,0.2925,False,0.0,0.014744816008120748,0.3778,Not significant,Not significant,False,-0.08640796281034123,0.3778,False,0.0,0.02289936079460812,0.4196,Not significant,Not significant,False,-0.1248964523417371,0.4196,False,-70.66294672512288,0.35769212564763064,0.3056,Not significant,Not significant,False,-0.4322766130016817,0.3056,False,0.0,-0.04648005286229345,0.4102,Not significant,Not significant,False,-0.062128101178682955,0.4101,False,"Middle East, North Africa, Afghanistan & Pakistan",Low income,0.0,0.8963730569948186,-70.66294672512288
ZAF,2.532373187026924,-0.2663135436518001,0.2875,Not significant,Not significant,False,-0.07473670728498162,0.2875,False,2.1573344043148373,-0.0049764184065032,0.2689,Not significant,Not significant,False,0.029953856779314954,0.2689,False,130.83333333333331,0.014297603522437244,0.4278,Not significant,Not significant,False,-0.1400070332280407,0.4278,False,24.55958549222798,-0.43151768654095973,0.05,Not significant,Not significant,False,-0.4888437175054353,0.05,False,27.77777777777778,-0.2650844546366108,0.1492,Not significant,Not significant,False,-0.276037954786672,0.1492,False,Sub-Saharan Africa ,Upper middle income,11.583333333333332,0.5544041450777202,24.55958549222798
ZMB,1.4663370687934272,0.0245984586356762,0.3626,Not significant,Not significant,False,0.1264207823328231,0.3626,False,1.4384011745178487,0.03507158877447313,0.3032,Not significant,Not significant,False,-0.19150038746049236,0.3032,False,149.0,0.012141841677518177,0.4297,Not significant,Not significant,False,-0.13849836039290464,0.4297,False,-17.799920286966923,0.3841322165394323,0.0227,Low-Low,Not significant,False,-0.7594298058486095,0.0227,False,11.764705882352942,0.04958266906209201,0.2874,Not significant,Not significant,False,-0.2514137760749409,0.2874,False,Sub-Saharan Africa ,Lower middle income,3.3333333333333335,0.8549222797927462,-17.799920286966923
ZWE,1.6094379124341003,-0.016116380095635617,0.4895,Not significant,Not significant,False,0.005906124038803827,0.4895,False,1.9567832674680088,-0.00801587550674539,0.2557,Not significant,Not significant,False,0.03956072141499567,0.2557,False,209.0,0.004751585141951257,0.4355,Not significant,Not significant,False,-0.13071050773405993,0.4355,False,-20.401222266507233,0.29186066936512545,0.0903,Not significant,Not significant,False,-0.5373599039699475,0.0903,False,5.2631578947368425,0.1230077682122254,0.31,Not significant,Not significant,False,-0.27766504587456176,0.31,False,Sub-Saharan Africa ,Lower middle income,4.0,0.8911917098445595,-20.401222266507233
