iso3,crop_standard_name,n_studies_fractional,res_share_in_crop,prod_share_in_crop,area_share_in_crop,within_gap_pp
AFG,barley,0.0,0.0,0.0006177445939245681,0.0014633385530958248,-0.06177445939245681
AFG,beans,0.0,0.0,0.0007975245002440548,0.00038690338819682437,-0.07975245002440548
AFG,cotton,0.0,0.0,0.000944747659491926,0.0015686260026467446,-0.0944747659491926
AFG,maize,0.0,0.0,0.00019733093805304137,0.000584265868277708,-0.019733093805304136
AFG,millet,0.0,0.0,6.767201618679568e-05,4.057651917086919e-05,-0.006767201618679568
AFG,potato,0.0,0.0,0.002238613801738618,0.0030079322548966637,-0.2238613801738618
AFG,pulses,0.0,0.0,0.0017032648371630454,0.0028683287459454745,-0.17032648371630454
AFG,rice,0.0,0.0,0.0007678106940400781,0.0008051066763548322,-0.0767810694040078
AFG,soybean,0.0,0.0,8.21735540849158e-06,1.4235913427767877e-05,-0.000821735540849158
AFG,sugarbeet,0.0,0.0,2.298285837213599e-05,8.230569905414441e-05,-0.002298285837213599
AFG,sugarcane,0.0,0.0,2.1124871231013277e-05,6.27223375720049e-05,-0.002112487123101328
AFG,sunflower,0.0,0.0,1.302274953554669e-05,2.3453337979037173e-05,-0.001302274953554669
AFG,wheat,0.0,0.0,0.005574774415115742,0.009733304899721342,-0.5574774415115742
AGO,banana_plantain,0.0,0.0,0.02505908390307896,0.013651461063916117,-2.505908390307896
AGO,beans,0.0,0.0,0.008857180847747207,0.014222737219226995,-0.8857180847747207
AGO,cassava,0.0,0.0,0.030195520626824145,0.03232607309516358,-3.0195520626824144
AGO,coffee_cocoa,0.0,0.0,0.0006800911431477353,0.00146693308944251,-0.06800911431477352
AGO,cotton,0.0,0.0,4.5266301803420874e-05,0.00010722616271564709,-0.004526630180342087
AGO,groundnut,0.0,0.0,0.004114721080589862,0.011210810359141258,-0.4114721080589862
AGO,maize,0.0,0.0,0.002533526954696836,0.013446988832156708,-0.2533526954696836
AGO,millet,0.0,0.0,0.0014975318601148388,0.006640778890373767,-0.14975318601148388
AGO,oilpalm,0.0,0.0,0.0007146897288052817,0.000853073657305901,-0.07146897288052817
AGO,potato,0.0,0.0,0.0012814307428965282,0.003898287095263512,-0.12814307428965283
AGO,rice,0.0,0.0,1.3317157599167869e-05,5.1780891464776e-05,-0.0013317157599167869
AGO,sorghum,0.0,0.0,0.0006007862718336957,0.0036829887042297512,-0.06007862718336957
AGO,soybean,0.0,0.0,0.00010477721967105423,0.0002824442605023443,-0.010477721967105422
AGO,sugarcane,0.0,0.0,0.00044683808417568863,0.0008288596814929354,-0.04468380841756886
AGO,sunflower,0.0,0.0,0.00022569178480869322,0.0006124054334892336,-0.022569178480869322
AGO,sweet_potato,0.0,0.0,0.0192726986761223,0.025188288865039078,-1.9272698676122297
AGO,wheat,0.0,0.0,8.246031655584345e-06,4.720737853154402e-05,-0.0008246031655584345
ALB,barley,0.0,0.0,8.524266237090522e-05,8.445755395762587e-05,-0.008524266237090522
ALB,beans,0.0,0.0,0.0006202049697937043,0.00027056772638189136,-0.062020496979370426
ALB,cotton,0.0,0.0,1.0685270304115627e-05,2.2068087711342397e-05,-0.0010685270304115627
ALB,maize,0.0,0.0,0.00034578251025111143,0.0002801015172179642,-0.03457825102511114
ALB,oat_rye,0.0,0.0,0.0007241795310387332,0.0009599605786465467,-0.07241795310387332
ALB,potato,0.0,0.0,0.0006949644307731347,0.000588718884903003,-0.06949644307731347
ALB,pulses,0.0,0.0,1.0634122798913828e-05,1.7443213154423422e-05,-0.0010634122798913828
ALB,rice,0.0,0.0,0.0,0.0,0.0
ALB,sorghum,0.0,0.0,0.0,0.0,0.0
ALB,soybean,0.0,0.0,1.6112350694282526e-06,1.6151687335443423e-06,-0.00016112350694282525
ALB,sugarbeet,0.0,0.0,9.809873667965742e-05,0.00016710012334966685,-0.009809873667965742
ALB,sunflower,0.0,0.0,1.7958581612508422e-05,1.4838994194180321e-05,-0.0017958581612508423
ALB,wheat,1.0,0.001768082325280841,0.00030201751018285394,0.0002632337120765169,0.1466064815097987
ARE,banana_plantain,0.0,0.0,2.1062009105194417e-06,5.909908177756644e-07,-0.00021062009105194415
ARE,barley,0.0,0.0,0.0,0.0,0.0
ARE,maize,0.0,0.0,1.8295676561690498e-05,5.099553780069666e-06,-0.0018295676561690497
ARE,potato,0.0,0.0,4.7558622693148065e-06,4.367088101487822e-06,-0.00047558622693148067
ARE,wheat,0.0,0.0,0.0,0.0,0.0
ARG,banana_plantain,0.0,0.0,0.0010480541117268143,0.0006911145121538247,-0.10480541117268143
ARG,barley,0.0,0.0,0.02874749443638384,0.023609391373001106,-2.8747494436383842
ARG,beans,0.0,0.0,0.016246459341666044,0.009677702986713981,-1.6246459341666044
ARG,cassava,0.0,0.0,0.0006274381141606975,0.0006517299826482265,-0.06274381141606974
ARG,chickpea,0.0,0.0,0.008741089093643241,0.006965502072296931,-0.8741089093643242
ARG,cotton,0.0,0.0,0.013016191947391897,0.011897094404408734,-1.3016191947391897
ARG,groundnut,0.0,0.0,0.023109119843475252,0.013059656065115307,-2.310911984347525
ARG,lentil,0.0,0.0,0.005091631534652039,0.005801728991984438,-0.5091631534652039
ARG,maize,2.4166666666666665,0.005367374296358382,0.04823622422296079,0.03890670752266149,-4.286884992660241
ARG,millet,0.0,0.0,0.0002010171594396572,0.00012601263453619933,-0.02010171594396572
ARG,oat_rye,0.0,0.0,0.014238906315824982,0.020237966972759067,-1.4238906315824982
ARG,potato,0.0,0.0,0.007116653209634862,0.004495386068145046,-0.7116653209634862
ARG,pulses,0.0,0.0,0.010384122916660942,0.007962856707645414,-1.0384122916660943
ARG,rapeseed_canola,0.6388888888888888,0.018000491938910127,0.0004649952928241285,0.0005298336064160583,1.7535496646085997
ARG,rice,0.0,0.0,0.0016713057378849384,0.0011590613725112162,-0.16713057378849383
ARG,sorghum,0.0,0.0,0.037999852167021085,0.012887862009466464,-3.7999852167021086
ARG,soybean,10.055555555555555,0.07605361569813858,0.13115600619714268,0.12763371725340336,-5.51023904990041
ARG,sugarcane,0.0,0.0,0.009027975792373072,0.0162996090685997,-0.9027975792373072
ARG,sunflower,0.0,0.0,0.06510217540186354,0.060974586216721784,-6.510217540186354
ARG,sweet_potato,0.0,0.0,0.00138269467578305,0.0013961074947927042,-0.138269467578305
ARG,wheat,2.138888888888889,0.003781731640184021,0.02373801181072919,0.02881529559685626,-1.9956280170545169
ARM,barley,0.0,0.0,0.0005220568470920668,0.0009916477520613186,-0.052205684709206675
ARM,beans,0.0,0.0,6.736540608320653e-05,2.3619090381044356e-05,-0.0067365406083206535
ARM,chickpea,0.0,0.0,5.007283196266912e-06,5.578721412420035e-06,-0.0005007283196266912
ARM,lentil,0.0,0.0,2.6280006265000304e-05,2.6306087895759544e-05,-0.0026280006265000304
ARM,maize,0.5,0.0011104912337293205,5.249615763877476e-06,5.913248712517231e-06,0.1105241617965443
ARM,oat_rye,0.0,0.0,0.00012974719033257402,0.0002167513160878594,-0.012974719033257401
ARM,potato,0.0,0.0,0.0010611951494716462,0.0012026960631497463,-0.10611951494716462
ARM,pulses,0.0,0.0,4.006581683728578e-06,6.638388549054856e-06,-0.00040065816837285784
ARM,sugarbeet,0.0,0.0,0.00021143303669606323,0.0008085690543148507,-0.021143303669606324
ARM,wheat,0.0,0.0,0.00017308333156706383,0.0002742115925106427,-0.017308333156706383
ATG,banana_plantain,0.0,0.0,3.161673213651369e-08,5.25325171356146e-07,-3.161673213651369e-06
ATG,cassava,0.0,0.0,2.7948860115165816e-07,7.109709813639102e-07,-2.7948860115165815e-05
ATG,cotton,0.0,0.0,1.4043470725966002e-06,1.8490631901743392e-05,-0.00014043470725966
ATG,maize,0.0,0.0,4.213101874700551e-08,1.2265254496452268e-07,-4.2131018747005515e-06
ATG,sugarcane,0.0,0.0,0.0,0.0,0.0
ATG,sweet_potato,0.0,0.0,1.3698531966117486e-06,4.771423320512463e-06,-0.00013698531966117487
ATG,yam,0.0,0.0,1.7655447127307362e-06,4.5567812395443715e-06,-0.00017655447127307362
AUS,banana_plantain,0.0,0.0,0.002174437372805511,0.001039897593111096,-0.21744373728055108
AUS,barley,1.0,0.01855533465871438,0.08114643240443012,0.09797175582284415,-6.259109774571574
AUS,beans,0.0,0.0,0.004240672462293604,0.0020106034960647823,-0.4240672462293604
AUS,chickpea,1.0,0.12903225806451613,0.04206666345110901,0.02883480307863769,8.69655946134071
AUS,cotton,0.5,0.008685581933989578,0.02167457039293211,0.010252433753243152,-1.2988988458942534
AUS,groundnut,0.0,0.0,0.00029849362835738104,0.00017531871397683213,-0.029849362835738105
AUS,lentil,0.0,0.0,0.14143846496784115,0.10349373326781044,-14.143846496784116
AUS,maize,1.25,0.0027762280843233013,0.00029773099482083157,0.0002471039939218583,0.24784970895024697
AUS,millet,0.0,0.0,0.001203271642697083,0.0011595030185355664,-0.1203271642697083
AUS,oat_rye,0.25,0.016656091370558377,0.0293729527692819,0.054465383808080414,-1.2716861398723522
AUS,potato,0.0,0.0,0.0034498783261407645,0.0019034366593263193,-0.34498783261407645
AUS,pulses,0.0,0.0,0.037094069803461006,0.05111098681944963,-3.7094069803461007
AUS,rapeseed_canola,0.5,0.014087341517407927,0.06556321707852711,0.07841218253951399,-5.147587556111918
AUS,rice,4.75,0.012201387105060366,0.0004831910252661112,0.00022067853740025085,1.1718196079794254
AUS,sorghum,0.0,0.0,0.0241022234445868,0.011841357454288298,-2.41022234445868
AUS,soybean,0.0,0.0,8.979765375882323e-05,0.00016222399640653562,-0.008979765375882324
AUS,sugarbeet,0.0,0.0,3.5871584761442884e-05,6.666228325119688e-05,-0.0035871584761442885
AUS,sugarcane,11.0,0.13862633900441085,0.016308757985876974,0.01447402170089826,12.231758101853387
AUS,sunflower,0.0,0.0,0.00033268620831797025,0.0005127037053812766,-0.033268620831797026
AUS,sweet_potato,0.0,0.0,0.0010606698313086835,0.0003320526723453185,-0.10606698313086835
AUS,wheat,21.892857142857142,0.03870837376418412,0.036658442764677356,0.054065169317995744,0.20499309995067674
AUT,banana_plantain,0.0,0.0,0.0,0.0,0.0
AUT,barley,0.4444444444444444,0.008246815403873058,0.005140581686858757,0.0026984717939576176,0.31062337170143
AUT,beans,0.0,0.0,,,
AUT,maize,0.5353535353535354,0.0011890108159122016,0.0019742973950406494,0.0010736784407658604,-0.07852865791284477
AUT,millet,0.0,0.0,,,
AUT,oat_rye,0.0,0.0,0.010990793291104105,0.006560800448666446,-1.0990793291104104
AUT,potato,0.0,0.0,0.0020397586044065778,0.0013690231051123583,-0.20397586044065777
AUT,pulses,0.0,0.0,0.0014551023166115861,0.0011971027999121446,-0.14551023166115862
AUT,rapeseed_canola,0.0,0.0,0.0013213282891447649,0.000899648484665812,-0.13213282891447647
AUT,sorghum,0.0,0.0,0.0005449815707365433,9.848587810993783e-05,-0.054498157073654324
AUT,soybean,0.16666666666666666,0.00126055716626749,0.0006194856687786309,0.0005853234426865611,0.06410714974888591
AUT,sugarbeet,0.16666666666666666,0.020242914979757085,0.008948408262100898,0.006990207021720505,1.1294506717656188
AUT,sunflower,0.16666666666666666,0.0077279752704791345,0.0011688593222105067,0.0008242295714414527,0.6559115948268628
AUT,wheat,0.9444444444444444,0.0016698555294319053,0.0020415519554799035,0.0013174379730137276,-0.037169642604799824
AZE,barley,0.0,0.0,0.00671056389511961,0.007308537592006784,-0.671056389511961
AZE,beans,0.0,0.0,0.00019896955822030097,6.817291441310034e-05,-0.019896955822030098
AZE,cotton,0.0,0.0,0.0039279804099958465,0.0032767849708143907,-0.39279804099958465
AZE,lentil,0.0,0.0,0.00013722493340700772,0.00011485492792094444,-0.013722493340700772
AZE,maize,0.0,0.0,0.00024178086152274627,0.00016024904010921695,-0.02417808615227463
AZE,millet,0.0,0.0,0.00011688055769268379,4.353924914207551e-06,-0.01168805576926838
AZE,oat_rye,0.0,0.0,0.00023923443123778442,0.00033588416032551355,-0.02392344312377844
AZE,potato,0.0,0.0,0.0027316704377140792,0.0033532036825529433,-0.27316704377140794
AZE,pulses,0.0,0.0,0.0006243043948561884,0.0007850243323520457,-0.06243043948561884
AZE,rice,0.0,0.0,1.37765341736743e-05,2.095467466281935e-05,-0.00137765341736743
AZE,sorghum,0.0,0.0,4.242365412402719e-06,2.7114316566925532e-06,-0.0004242365412402719
AZE,soybean,0.0,0.0,8.400591688763518e-08,4.1586311654420384e-07,-8.400591688763519e-06
AZE,sugarbeet,0.0,0.0,0.0008378880869492528,0.0013517333382456027,-0.08378880869492528
AZE,sunflower,0.0,0.0,0.0005009294103100595,0.00043635514846416076,-0.05009294103100595
AZE,wheat,2.0,0.003536164650561682,0.002449949069917478,0.0028176279740803113,0.10862155806442039
BDI,banana_plantain,0.0,0.0,0.007266408558303243,0.014078632510286689,-0.7266408558303243
BDI,beans,0.0,0.0,0.012907984084849798,0.016249459038834138,-1.2907984084849797
BDI,cassava,0.0,0.0,0.008306742664571782,0.010964811715727416,-0.8306742664571782
BDI,coffee_cocoa,0.0,0.0,0.0007253003487658725,0.0005279643019017032,-0.07253003487658725
BDI,cotton,0.0,0.0,1.4272198686255052e-05,7.221341377843028e-05,-0.0014272198686255053
BDI,groundnut,0.0,0.0,0.00025464960876186066,0.0007001813919947911,-0.025464960876186066
BDI,maize,0.0,0.0,0.00040892221887048715,0.0019357742612417831,-0.04089222188704871
BDI,millet,0.0,0.0,0.0003385516873364809,0.0002839132605668389,-0.03385516873364809
BDI,oilpalm,0.0,0.0,0.0002195155349005531,0.00032519101302331253,-0.021951553490055307
BDI,potato,0.0,0.0,0.0009977109255364669,0.0024243594521889274,-0.09977109255364669
BDI,pulses,0.0,0.0,0.0006871282486268203,0.00028353693793755925,-0.06871282486268203
BDI,rice,0.0,0.0,0.000185217575091691,0.0005298420994709695,-0.018521757509169103
BDI,sorghum,0.0,0.0,0.0003715845139037163,0.0008585119603141503,-0.037158451390371626
BDI,soybean,0.0,0.0,6.528182710099513e-06,3.8778067462925254e-05,-0.0006528182710099512
BDI,sugarcane,0.0,0.0,9.451388171598783e-05,0.00011757301037051336,-0.009451388171598782
BDI,sweet_potato,0.0,0.0,0.010606455303649854,0.012274925243588013,-1.0606455303649853
BDI,wheat,0.0,0.0,1.3121505952044748e-05,5.121133677246604e-05,-0.0013121505952044749
BDI,yam,0.0,0.0,3.3331924607022676e-05,2.6466784185846762e-05,-0.0033331924607022676
BEL,banana_plantain,0.0,0.0,0.0,0.0,0.0
BEL,barley,0.0,0.0,0.002281006297919344,0.0008930469027913214,-0.2281006297919344
BEL,beans,0.0,0.0,,,
BEL,maize,0.7916666666666666,0.0017582777867380906,0.0003773626087112475,0.0002648497231103839,0.1380915178026843
BEL,oat_rye,0.0,0.0,0.0010686669654607053,0.0005490896524533854,-0.10686669654607053
BEL,potato,1.0416666666666667,0.020746396054628222,0.00992773200901836,0.005555880300357697,1.0818664045609863
BEL,pulses,0.0,0.0,0.0003830075793408985,0.00018579513897054435,-0.03830075793408985
BEL,rapeseed_canola,0.0,0.0,0.0004472877633890964,0.0002475506199013737,-0.04472877633890964
BEL,rice,0.5,0.0012843565373747755,0.0,0.0,0.12843565373747756
BEL,sugarbeet,0.5,0.06072874493927126,0.018251873230226846,0.012688498994032814,4.247687170904442
BEL,wheat,2.7916666666666665,0.004935896491409014,0.0022774000484780195,0.0009303640574796318,0.26584964429309943
BEN,banana_plantain,0.0,0.0,0.00012403981661842576,0.0003558421379473694,-0.012403981661842577
BEN,beans,0.0,0.0,0.0035698002605153967,0.0030047129791229373,-0.35698002605153967
BEN,cassava,0.0,0.0,0.01333112405494392,0.01117408734070481,-1.3331124054943921
BEN,coffee_cocoa,0.0,0.0,3.3455490235353744e-06,1.1915612621616036e-05,-0.00033455490235353747
BEN,cotton,0.0,0.0,0.009260442732913196,0.019154594292163773,-0.9260442732913197
BEN,groundnut,0.0,0.0,0.003417408445993676,0.0058678007206539005,-0.3417408445993676
BEN,maize,1.75,0.0038867193180526214,0.0013779989904485139,0.006617084857332751,0.25087203276041076
BEN,millet,0.5,0.022271714922048998,0.0008291114250025283,0.0008416342962117715,2.144260349704647
BEN,oilpalm,0.0,0.0,0.0016856671907121974,0.0013805001203361998,-0.16856671907121973
BEN,potato,0.0,0.0,3.551911888749267e-07,6.845705672602532e-07,-3.551911888749267e-05
BEN,rice,0.0,0.0,0.0006009883395156254,0.0007344646313635837,-0.060098833951562534
BEN,sorghum,0.0,0.0,0.003002470337524332,0.004116572168607019,-0.3002470337524332
BEN,soybean,0.0,0.0,0.0007524041862987123,0.0017286728861849502,-0.07524041862987123
BEN,sugarcane,0.0,0.0,3.9462976804653184e-05,8.434469791118398e-05,-0.003946297680465318
BEN,sweet_potato,0.0,0.0,0.0006398291616349644,0.0013588958772873282,-0.06398291616349644
BEN,yam,0.0,0.0,0.03840571602392605,0.02460761744011266,-3.840571602392605
BFA,banana_plantain,0.0,0.0,0.00027324999119693116,0.00014814169832243318,-0.027324999119693116
BFA,beans,0.375,0.02830188679245283,0.01757417485377709,0.02838299512182532,1.0727711938675741
BFA,cassava,0.0,0.0,5.415176089734627e-05,3.6292435372770703e-05,-0.005415176089734627
BFA,cotton,0.3333333333333333,0.005790387955993051,0.008660351310736227,0.01788343952983479,-0.2869963354743176
BFA,groundnut,0.0,0.0,0.0089803171226733,0.01835850408070644,-0.89803171226733
BFA,maize,2.408333333333333,0.00534886610912956,0.0015591409571461476,0.0054173235890440105,0.3789725151983413
BFA,millet,1.0416666666666665,0.046399406087602076,0.030844823522394586,0.03642687448817631,1.5554582565207489
BFA,potato,0.0,0.0,8.917752906583756e-05,0.0010170003953099951,-0.008917752906583755
BFA,rice,1.0,0.002568713074749551,0.0005354138374932795,0.0011671459404787709,0.20332992372562717
BFA,sorghum,2.5416666666666665,0.10861823361823364,0.031556558641867766,0.04577152061218312,7.706167497636588
BFA,soybean,0.0,0.0,0.0002492635340517551,0.0006027803483428436,-0.02492635340517551
BFA,sugarcane,0.0,0.0,0.00026432054423051814,0.00018909488044776984,-0.026432054423051816
BFA,sweet_potato,0.0,0.0,0.0010712246948527315,0.0011795287511984086,-0.10712246948527315
BFA,yam,0.0,0.0,0.0006897927514465816,0.00063330936341558,-0.06897927514465815
BGD,banana_plantain,0.0,0.0,0.005883546535598833,0.004991557696168075,-0.5883546535598834
BGD,barley,0.0,0.0,1.1499296677052696e-06,4.132994306313988e-06,-0.00011499296677052697
BGD,beans,0.0,0.0,0.0019827434044893907,0.0017125911663824957,-0.19827434044893907
BGD,chickpea,0.0,0.0,0.00031429464802168336,0.00032697739085427304,-0.031429464802168336
BGD,cotton,0.0,0.0,0.0011582847814404754,0.0006691853540129295,-0.11582847814404754
BGD,groundnut,0.0,0.0,0.0012440374630430016,0.0011281358307641217,-0.12440374630430016
BGD,lentil,0.0,0.0,0.02796984556783639,0.027358668669127048,-2.796984556783639
BGD,maize,3.0,0.006662947402375922,0.003336891086442969,0.002268911536642537,0.3326056315932953
BGD,millet,0.0,0.0,0.00040659041652575174,0.0003569703172263895,-0.040659041652575174
BGD,potato,5.75,0.11452010622154779,0.026384877666901906,0.027617406139104916,8.813522855464589
BGD,pulses,0.25,0.01832460732984293,0.0004135849292419287,0.0007474466674422306,1.7911022400601002
BGD,rapeseed_canola,0.0,0.0,0.004763127364714281,0.008438459490492165,-0.47631273647142813
BGD,rice,17.666666666666668,0.045380597653908734,0.07248246098264712,0.07054251576065297,-2.710186332873838
BGD,sorghum,0.0,0.0,1.3370866110604522e-06,1.6602606883371065e-06,-0.00013370866110604522
BGD,soybean,0.0,0.0,0.00028507210520936854,0.00046633986516204863,-0.028507210520936854
BGD,sugarcane,1.25,0.015752993068683052,0.001764970295249085,0.0030996334236065614,1.3988022773433968
BGD,sweet_potato,0.0,0.0,0.0028799515955758815,0.0034822889428077998,-0.28799515955758814
BGD,wheat,4.75,0.008398391045083994,0.0013779281504042856,0.001530210917386229,0.7020462894679708
BGR,banana_plantain,0.0,0.0,0.0,0.0,0.0
BGR,barley,0.0,0.0,0.0038377285364780554,0.0024423656919576246,-0.38377285364780556
BGR,beans,0.0,0.0,,,
BGR,chickpea,0.0,0.0,,,
BGR,cotton,0.0,0.0,3.14500945397444e-05,9.333685813289389e-05,-0.00314500945397444
BGR,groundnut,0.0,0.0,,,
BGR,lentil,0.0,0.0,,,
BGR,maize,2.382575757575758,0.005291658984967747,0.0028735726020282324,0.0026729679095870047,0.2418086382939515
BGR,millet,0.0,0.0,,,
BGR,oat_rye,0.0,0.0,0.0016885437577254527,0.001915543033818382,-0.16885437577254528
BGR,potato,0.041666666666666664,0.0008298558421851288,0.0005484280228382392,0.0006302770395120263,0.02814278193468896
BGR,pulses,0.0,0.0,0.0018095424686175214,0.0017865837290279166,-0.18095424686175215
BGR,rapeseed_canola,0.25,0.0070436707587039635,0.004845999644856071,0.0038898395886529866,0.2197671113847893
BGR,rice,0.0,0.0,8.280737767320069e-05,7.031116890229644e-05,-0.008280737767320068
BGR,sorghum,0.0,0.0,0.0002814329762823434,0.00011557968638039089,-0.02814329762823434
BGR,soybean,0.0,0.0,1.78089829190227e-05,3.454623192865334e-05,-0.00178089829190227
BGR,sugarbeet,0.0,0.0,0.0,0.0,0.0
BGR,sunflower,0.25,0.011591962905718702,0.03626087542643244,0.029903864495742644,-2.466891252071374
BGR,wheat,0.2916666666666667,0.0005156906782069119,0.008012150777657063,0.005561079782879294,-0.7496460099450151
BHR,banana_plantain,0.0,0.0,0.0,0.0,0.0
BHR,chickpea,0.0,0.0,0.0,,0.0
BHR,potato,0.0,0.0,1.9638983236790413e-07,2.3605881629663907e-07,-1.963898323679041e-05
BHR,sweet_potato,0.0,0.0,0.0,0.0,0.0
BHS,banana_plantain,0.0,0.0,6.27537580408736e-05,3.591910859147649e-05,-0.006275375804087361
BHS,cassava,0.0,0.0,2.693143963140978e-06,1.1059548598994157e-06,-0.0002693143963140978
BHS,maize,0.0,0.0,5.287992327485586e-07,3.998672400875902e-07,-5.287992327485586e-05
BHS,sugarcane,0.0,0.0,3.2768631089911566e-05,9.54867161654567e-05,-0.0032768631089911565
BHS,sweet_potato,0.0,0.0,1.980458859972449e-05,7.332635608649613e-05,-0.001980458859972449
BIH,barley,0.0,0.0,0.0005520626180711385,0.0004401823628124878,-0.055206261807113854
BIH,beans,0.0,0.0,0.0002645324419366967,0.0001338401584745665,-0.02645324419366967
BIH,chickpea,0.0,0.0,0.0003387336951177033,0.00011564311980482736,-0.03387336951177033
BIH,maize,0.09090909090909091,0.00020190749704169464,0.001007884002044354,0.0008974337138779777,-0.08059765050026593
BIH,oat_rye,0.0,0.0,0.0018349820399776713,0.0014987205960267848,-0.18349820399776715
BIH,potato,0.0,0.0,0.0009915797963862415,0.0018999665947267588,-0.09915797963862415
BIH,pulses,0.0,0.0,0.00010156740682841355,0.00010434031731457393,-0.010156740682841356
BIH,rapeseed_canola,0.0,0.0,9.687152195562155e-05,7.835102586257008e-05,-0.009687152195562154
BIH,soybean,0.0,0.0,8.181160587697123e-05,8.5898317892932e-05,-0.008181160587697123
BIH,sugarbeet,0.0,0.0,5.8402674115628e-06,1.8976529965507377e-05,-0.00058402674115628
BIH,sunflower,0.0,0.0,2.0885096464003585e-05,1.8101569581136073e-05,-0.0020885096464003583
BIH,wheat,1.0,0.001768082325280841,0.00038312200345055013,0.000304345140351015,0.13849603218302908
BLR,barley,0.8333333333333333,0.015462778882261984,0.007914242410900442,0.008136433400837402,0.7548536471361542
BLR,beans,0.0,0.0,0.006424988981758127,0.0019924505844411116,-0.6424988981758126
BLR,maize,0.0,0.0,0.0009415620546897995,0.0010296990274071996,-0.09415620546897996
BLR,millet,0.0,0.0,0.0005461383768475116,0.0003274525097089144,-0.05461383768475116
BLR,oat_rye,0.5,0.033312182741116754,0.046246465445281354,0.05186084499379254,-1.29342827041646
BLR,potato,0.0,0.0,0.010585708432568758,0.010805592315978652,-1.058570843256876
BLR,pulses,0.0,0.0,0.0037718312982401477,0.0030621510854838448,-0.37718312982401475
BLR,rapeseed_canola,0.3333333333333333,0.009391561011605284,0.008569341923531105,0.009938371860409351,0.08222190880741789
BLR,sugarbeet,0.0,0.0,0.016393966582943075,0.02045465499279725,-1.6393966582943076
BLR,sunflower,0.0,0.0,3.257629103264331e-05,5.18577772031914e-05,-0.0032576291032643313
BLR,wheat,2.3333333333333335,0.004125525425655295,0.003191298708774776,0.0033215617084144783,0.09342267168805196
BLZ,banana_plantain,0.0,0.0,0.0005645570855705188,0.0002729392593427276,-0.056455708557051884
BLZ,beans,0.0,0.0,0.00021926658925047307,0.00016987795215430993,-0.021926658925047308
BLZ,cassava,0.0,0.0,2.392851532514197e-06,1.9946685866043033e-06,-0.0002392851532514197
BLZ,coffee_cocoa,0.0,0.0,1.6162194096808266e-05,1.742742495717995e-05,-0.0016162194096808265
BLZ,groundnut,0.0,0.0,2.3644694697121917e-06,4.230663947317378e-06,-0.00023644694697121918
BLZ,maize,0.0,0.0,7.601627639463721e-05,0.00011033144865898086,-0.007601627639463721
BLZ,potato,0.0,0.0,3.4026556161496593e-06,6.338179217564759e-06,-0.0003402655616149659
BLZ,pulses,0.0,0.0,9.843519247418723e-05,0.0002170533769432711,-0.009843519247418723
BLZ,rice,0.0,0.0,1.8527014997182303e-05,1.6745736178356624e-05,-0.0018527014997182303
BLZ,sorghum,0.0,0.0,0.00023643017031972245,0.0001249174247488194,-0.023643017031972247
BLZ,soybean,0.0,0.0,4.3947298973369836e-05,7.857320839065713e-05,-0.004394729897336983
BLZ,sugarcane,0.0,0.0,0.0009132126939676359,0.0015498509364327306,-0.09132126939676359
BLZ,sweet_potato,0.0,0.0,1.8725117411458311e-06,4.4697816163421354e-06,-0.00018725117411458312
BLZ,yam,0.0,0.0,8.779833562404202e-07,1.3732765379448792e-06,-8.779833562404203e-05
BOL,banana_plantain,0.0,0.0,0.004678266755438742,0.005015312243760336,-0.46782667554387425
BOL,barley,0.0,0.0,0.0003135258286448797,0.0011036285034550335,-0.03135258286448797
BOL,beans,0.0,0.0,0.002735383615847241,0.001682064223054726,-0.2735383615847241
BOL,cassava,0.0,0.0,0.0006555839939415645,0.0009679145774158988,-0.06555839939415645
BOL,chickpea,0.0,0.0,3.5024568955008075e-05,2.034345778213321e-05,-0.0035024568955008073
BOL,coffee_cocoa,0.0,0.0,0.0017776491070487772,0.0015054147960234774,-0.17776491070487774
BOL,cotton,0.0,0.0,8.653851815359873e-05,0.0001230169429586982,-0.008653851815359872
BOL,groundnut,0.0,0.0,0.0005060375257184069,0.0006231442558710242,-0.050603752571840695
BOL,maize,0.0,0.0,0.0009428107316948587,0.0021650477660863196,-0.09428107316948586
BOL,oat_rye,0.0,0.0,0.0004466865180406424,0.0008550338329752737,-0.04466865180406424
BOL,potato,0.0,0.0,0.003363920266712096,0.01093363061793795,-0.3363920266712096
BOL,pulses,0.0,0.0,0.0009277074095568455,0.00178626476741595,-0.09277074095568455
BOL,rice,0.0,0.0,0.0007215753918396893,0.0011137070192006068,-0.07215753918396893
BOL,sorghum,0.0,0.0,0.017198554234758426,0.010988897095062998,-1.7198554234758425
BOL,soybean,1.0,0.007563342997604941,0.008787222496658168,0.01100356829192554,-0.12238794990532273
BOL,sugarcane,0.0,0.0,0.005120836128236053,0.006748724259349596,-0.5120836128236053
BOL,sunflower,0.0,0.0,0.003048554943091621,0.0046588360214728595,-0.3048554943091621
BOL,sweet_potato,0.0,0.0,4.965767229879577e-05,0.0001473656834737585,-0.0049657672298795775
BOL,wheat,0.0,0.0,0.0003882474177350549,0.0009398398765676703,-0.03882474177350549
BRA,banana_plantain,0.0,0.0,0.040173683282791445,0.037490947169820495,-4.017368328279145
BRA,barley,2.0,0.03711066931742876,0.0027698095818594858,0.0023127981673736857,3.434085973556927
BRA,beans,1.0,0.07547169811320754,0.0760942265911002,0.0543436039885664,-0.06225284778926532
BRA,cassava,0.1,0.01886792452830189,0.056746805537984175,0.03967482056902773,-3.7878881009682286
BRA,coffee_cocoa,7.166666666666667,0.2779573367808662,0.21638677149073096,0.10298876887873565,6.157056529013524
BRA,cotton,3.333333333333333,0.05790387955993052,0.08245306666425097,0.045277243653061655,-2.454918710432045
BRA,groundnut,2.0,0.0949367088607595,0.012903600471429634,0.006030980683458815,8.203310838932987
BRA,maize,13.75,0.030538508927556312,0.0841542135638143,0.09169242004480026,-5.3615704636257995
BRA,oat_rye,2.833333333333333,0.1887690355329949,0.020989467610201755,0.02876136388123383,16.777956792279312
BRA,oilpalm,0.0,0.0,0.006883264202625673,0.006905436348772346,-0.6883264202625673
BRA,potato,1.1,0.021908194233687405,0.010208631883607353,0.006950079078228092,1.1699562350080053
BRA,pulses,0.5,0.03664921465968586,0.0007812579216955238,0.0035080594190131514,3.5867956737990334
BRA,rapeseed_canola,0.08333333333333333,0.002347890252901321,0.0008313027063686888,0.0013157604565934627,0.15165875465326323
BRA,rice,5.75,0.014770100179809917,0.01441930337178329,0.01042758792181457,0.035079680802662695
BRA,sorghum,0.0,0.0,0.0446338650793518,0.02178878972040459,-4.46338650793518
BRA,soybean,27.333333333333332,0.2067313752678684,0.34506078475106006,0.292882823457783,-13.832940948319166
BRA,sugarcane,19.416666666666668,0.2446964923335434,0.3866332771737121,0.38002008647305163,-14.19367848401687
BRA,sunflower,1.0,0.04636785162287481,0.00175937613420687,0.0021029802538634714,4.460847548866794
BRA,sweet_potato,0.0,0.0,0.008980575091364204,0.007840463128606914,-0.8980575091364204
BRA,wheat,5.916666666666667,0.010461153757911642,0.00923365785630722,0.011573498995959235,0.12274959016044217
BRA,yam,0.0,0.0,0.0030676661069058467,0.002708288597809749,-0.3067666106905847
BRB,banana_plantain,0.0,0.0,6.935638955512867e-06,1.6662657778952757e-05,-0.0006935638955512867
BRB,beans,0.0,0.0,3.1110085297539723e-06,4.182885676147814e-07,-0.0003111008529753972
BRB,cassava,0.0,0.0,1.9889004951868e-06,1.0401242134768315e-06,-0.00019889004951868
BRB,groundnut,0.0,0.0,1.3912838609877929e-07,1.3668298906717683e-07,-1.3912838609877929e-05
BRB,maize,0.0,0.0,5.862219427399516e-08,1.1966101947758308e-07,-5.8622194273995165e-06
BRB,sugarcane,0.0,0.0,5.340753902121087e-05,9.403407078213515e-05,-0.005340753902121087
BRB,sweet_potato,0.0,0.0,2.02733311930268e-05,9.515424667918535e-06,-0.0020273331193026802
BRB,yam,0.0,0.0,4.941353214781312e-06,3.4331913448621978e-06,-0.0004941353214781313
BRN,banana_plantain,0.0,0.0,1.0165846713431646e-05,4.936414969587285e-05,-0.0010165846713431645
BRN,cassava,0.0,0.0,2.7826149780165093e-06,1.7050137423449324e-06,-0.00027826149780165095
BRN,groundnut,0.0,0.0,1.1572138939067604e-08,,-1.1572138939067604e-06
BRN,rice,0.0,0.0,4.209769796330594e-06,8.01036413878239e-06,-0.00042097697963305934
BRN,sugarcane,0.0,0.0,3.3878050882034384e-08,1.6161630573603783e-07,-3.3878050882034385e-06
BRN,sweet_potato,0.0,0.0,3.1072279825583562e-06,4.8536892398316435e-06,-0.0003107227982558356
BTN,banana_plantain,0.0,0.0,1.7763432832359285e-05,3.8742731387515775e-06,-0.0017763432832359285
BTN,barley,0.0,0.0,6.0079402331186094e-06,1.3864205329422693e-05,-0.000600794023311861
BTN,beans,0.0,0.0,2.7185458782108906e-05,1.996820278603767e-05,-0.0027185458782108905
BTN,cassava,0.0,0.0,1.3452974386579816e-06,4.246076694256685e-06,-0.00013452974386579815
BTN,groundnut,0.0,0.0,3.3809661541198905e-06,3.286900451377347e-06,-0.000338096615411989
BTN,lentil,0.0,0.0,6.815691365096095e-06,1.5738685065839042e-05,-0.0006815691365096095
BTN,maize,0.0,0.0,3.455948394949303e-05,5.758387409809992e-05,-0.0034559483949493028
BTN,millet,0.0,0.0,3.6837472171810494e-05,3.0516118703425118e-05,-0.0036837472171810494
BTN,potato,0.0,0.0,0.00010925565610943265,0.0002287882047547026,-0.010925565610943265
BTN,pulses,0.0,0.0,5.039100331487723e-05,5.713399874351718e-05,-0.005039100331487723
BTN,rice,0.0,0.0,6.458175574808974e-05,7.17234745613893e-05,-0.006458175574808975
BTN,soybean,0.0,0.0,3.7331564385032985e-07,1.2382441110585845e-06,-3.7331564385032983e-05
BTN,sugarcane,0.0,0.0,1.3921597377499547e-07,2.2816419633322988e-07,-1.3921597377499548e-05
BTN,sunflower,0.0,0.0,8.186809165515998e-08,1.7171449405030266e-07,-8.186809165515998e-06
BTN,sweet_potato,0.0,0.0,5.017146054383115e-07,3.1261049341288552e-06,-5.017146054383115e-05
BTN,wheat,0.0,0.0,1.6395247300950094e-06,4.413863119632964e-06,-0.00016395247300950093
BTN,yam,0.0,0.0,6.80086391481216e-07,1.7894209433827213e-06,-6.80086391481216e-05
BWA,cotton,0.0,0.0,1.3102357684236526e-05,1.5486056579541844e-05,-0.0013102357684236525
BWA,groundnut,0.0,0.0,1.2991821454532893e-05,5.941804796163129e-05,-0.0012991821454532892
BWA,maize,0.0,0.0,3.312030041327249e-05,0.000356766338046927,-0.0033120300413272494
BWA,millet,0.5,0.022271714922048998,9.110747484115181e-05,0.0002430662312681639,2.2180607447207845
BWA,potato,0.0,0.0,1.1996427175574927e-05,4.6928492679771846e-05,-0.0011996427175574927
BWA,sorghum,0.0,0.0,0.001008581534571934,0.0017201037533253049,-0.1008581534571934
BWA,sunflower,0.0,0.0,1.247223028462543e-05,5.556394836644377e-05,-0.0012472230284625429
BWA,sweet_potato,0.0,0.0,1.3714183793449687e-05,1.0667147538387059e-05,-0.0013714183793449687
BWA,wheat,0.0,0.0,1.7513397832845093e-06,4.096279159550608e-06,-0.00017513397832845094
CAF,banana_plantain,0.0,0.0,0.0005907151521400214,0.004929076833599904,-0.05907151521400214
CAF,cassava,0.0,0.0,0.003976834488353594,0.007904838693389643,-0.3976834488353594
CAF,coffee_cocoa,0.0,0.0,0.014431125176601825,0.026520939173103275,-1.4431125176601824
CAF,cotton,0.0,0.0,0.00047895475121108983,0.002404476917179442,-0.047895475121108984
CAF,groundnut,0.0,0.0,0.00906276001795529,0.0067700125879175095,-0.9062760017955289
CAF,maize,0.0,0.0,0.00014346681365728738,0.0010672426722682913,-0.014346681365728737
CAF,millet,0.0,0.0,0.00032608305395266066,0.00031992331115165306,-0.03260830539526607
CAF,oilpalm,0.0,0.0,1.4635406033088617e-05,2.3625774211323318e-05,-0.0014635406033088618
CAF,potato,0.0,0.0,3.690842898655339e-06,7.662469176988904e-05,-0.0003690842898655339
CAF,rice,0.0,0.0,4.542019223457271e-05,0.00018792667041884207,-0.004542019223457271
CAF,sorghum,0.0,0.0,0.00038518774123325305,0.000894895247055313,-0.03851877412332531
CAF,sugarcane,0.0,0.0,6.450115048601561e-05,0.0006928129766926414,-0.006450115048601561
CAF,yam,0.0,0.0,0.002721723032319388,0.003598088565516943,-0.2721723032319388
CAN,barley,1.95,0.03618290258449304,0.061176942206613655,0.055728523624620246,-2.4994039622120616
CAN,beans,0.5,0.03773584905660377,0.009484325151665187,0.003042135592235269,2.8251523904938582
CAN,chickpea,0.0,0.0,0.012698319967237,0.008871425403961184,-1.2698319967237
CAN,lentil,0.0,0.0,0.35104078158242114,0.3028797521741682,-35.10407815824211
CAN,maize,5.45,0.012104354447649594,0.012133801000130394,0.007175373315457039,-0.0029446552480799637
CAN,oat_rye,0.3333333333333333,0.022208121827411165,0.08816754568052458,0.07775080975331898,-6.595942385311342
CAN,potato,9.0,0.17924886191198783,0.01521797262636924,0.008539404073649288,16.40308892856186
CAN,pulses,0.5,0.03664921465968586,0.1844500429447316,0.1530955932137435,-14.780082828504575
CAN,rapeseed_canola,7.033333333333333,0.1981619373448715,0.24292432445282613,0.23707090425808305,-4.476238710795463
CAN,soybean,3.4499999999999997,0.026093533341737047,0.01848610148784353,0.017209879849975754,0.7607431853893516
CAN,sugarbeet,0.0,0.0,0.004412502605823659,0.0035064360990129557,-0.4412502605823659
CAN,sunflower,0.0,0.0,0.001413842990217003,0.0012520848524501236,-0.1413842990217003
CAN,wheat,9.842857142857143,0.017402981744549992,0.04088743312666553,0.04511187832051225,-2.348445138211554
CHE,barley,0.0,0.0,0.0012150109340307936,0.0005733041804145675,-0.12150109340307935
CHE,maize,0.0,0.0,0.00013047078279422686,7.473528688988683e-05,-0.013047078279422687
CHE,millet,0.0,0.0,3.2490915495843104e-05,8.688527676428976e-06,-0.0032490915495843103
CHE,oat_rye,0.0,0.0,0.0012406433598293964,0.0006470501652000525,-0.12406433598293963
CHE,potato,0.0,0.0,0.0011164643598161592,0.0006433074861716008,-0.11164643598161593
CHE,pulses,0.0,0.0,0.0007047482297009208,0.0004652254461540336,-0.07047482297009208
CHE,rapeseed_canola,0.0,0.0,0.0010488825084465601,0.0006547435688334592,-0.10488825084465601
CHE,soybean,0.0,0.0,1.4898693109518388e-05,1.6648542519629197e-05,-0.0014898693109518387
CHE,sugarbeet,0.0,0.0,0.004857331251940244,0.003811793797825605,-0.4857331251940244
CHE,sunflower,0.0,0.0,0.0002670951135511263,0.0001848721171569071,-0.026709511355112632
CHE,wheat,1.5,0.0026521234879212613,0.0006436556649587324,0.0004040037255922071,0.20084678229625288
CHL,barley,0.0,0.0,0.0011106619723912463,0.0005407327376986709,-0.11106619723912463
CHL,beans,0.0,0.0,0.00035468481943763436,0.00017695636937132506,-0.03546848194376344
CHL,chickpea,0.0,0.0,1.8761038315613054e-05,3.638053412310008e-05,-0.0018761038315613053
CHL,lentil,0.0,0.0,0.00016743443220590854,0.00030023415416072,-0.016743443220590855
CHL,maize,0.0,0.0,0.000706967887646035,0.00035539821372423334,-0.0706967887646035
CHL,oat_rye,0.5,0.033312182741116754,0.012018142603908304,0.007000562429247416,2.129404013720845
CHL,potato,0.0,0.0,0.0030416737842884002,0.0023620753335090593,-0.30416737842884
CHL,pulses,0.0,0.0,4.866869352615754e-05,9.37547788174324e-05,-0.004866869352615754
CHL,rapeseed_canola,0.0,0.0,0.002173841410440168,0.0011676446692077838,-0.21738414104401682
CHL,rice,0.0,0.0,0.00020295930620719706,0.00015307276710762064,-0.020295930620719705
CHL,soybean,0.0,0.0,0.0,0.0,0.0
CHL,sugarbeet,0.0,0.0,0.004775130773133543,0.0026663580054813725,-0.4775130773133543
CHL,sunflower,0.0,0.0,7.815136205062107e-05,0.00013051017024881545,-0.007815136205062106
CHL,sweet_potato,0.0,0.0,0.00017070174851058909,0.00019667039111905397,-0.017070174851058908
CHL,wheat,1.5,0.0026521234879212613,0.0017003696840057689,0.0009955047744547795,0.09517538039154924
CHN,banana_plantain,0.0,0.0,0.06865479695452996,0.026958374481069025,-6.865479695452996
CHN,barley,0.2,0.0037110669317428767,0.006476896549543405,0.00546120816075363,-0.2765829617800528
CHN,beans,0.0,0.0,0.03476966391151496,0.015407598472279654,-3.476966391151496
CHN,cassava,0.0,0.0,0.015997625131173712,0.010105313629904873,-1.5997625131173712
CHN,chickpea,0.0,0.0,0.0009793274518958004,0.0002010157337001575,-0.09793274518958003
CHN,coffee_cocoa,0.0,0.0,0.006871918828990063,0.0014670593141524846,-0.6871918828990062
CHN,cotton,4.666666666666667,0.08106543138390274,0.26244941666979205,0.09801674321233678,-18.13839852858893
CHN,groundnut,0.5,0.023734177215189875,0.3358357322238071,0.1519247695266083,-31.21015550086172
CHN,lentil,0.0,0.0,0.025824670642524514,0.012490632671906352,-2.582467064252451
CHN,maize,58.852777777777774,0.13071098760568395,0.2302555335921416,0.21046792803474598,-9.954454598645764
CHN,millet,0.0,0.0,0.08517772624329455,0.027584561804089747,-8.517772624329455
CHN,oat_rye,1.5333333333333332,0.10215736040609136,0.02772202539409153,0.029208217509734773,7.443533501199982
CHN,oilpalm,0.0,0.0,0.0016978110376524105,0.0018531333287568053,-0.16978110376524105
CHN,potato,4.0,0.07966616084977238,0.247078938581985,0.2671560244614768,-16.741277773221263
CHN,pulses,0.0,0.0,0.16363757014270153,0.1780745136720868,-16.363757014270153
CHN,rapeseed_canola,7.0,0.19722278124371098,0.18517958364980688,0.18625462072670243,1.2043197593904098
CHN,rice,47.602777777777774,0.12227787767217513,0.2730841265699724,0.18165419644359368,-15.080624889779726
CHN,sorghum,0.0,0.0,0.05255836340136459,0.01611887175737273,-5.255836340136459
CHN,soybean,8.875,0.06712466910374386,0.05109464499212528,0.07204309833387473,1.603002411161858
CHN,sugarbeet,0.0,0.0,0.03922899713451639,0.042298551968549446,-3.9228997134516392
CHN,sugarcane,3.6666666666666665,0.04620877966813695,0.0559957478868406,0.0513765686904066,-0.9786968218703652
CHN,sunflower,0.8333333333333333,0.03863987635239567,0.04319387272433453,0.02887744110755696,-0.45539963719388593
CHN,sweet_potato,0.0,0.0,0.5649899208839554,0.3176441256402413,-56.49899208839554
CHN,wheat,114.57896825396826,0.20258504861875584,0.17467853823326399,0.10936759773759465,2.7906510385491856
CIV,banana_plantain,0.0,0.0,0.014971147197902462,0.04430129552410478,-1.4971147197902464
CIV,beans,0.0,0.0,0.0009974919065595268,0.0009169900665629636,-0.09974919065595267
CIV,cassava,0.0,0.0,0.019630682618448966,0.035767686124007006,-1.9630682618448965
CIV,coffee_cocoa,0.0,0.0,0.14082077026803955,0.21183293375358647,-14.082077026803955
CIV,cotton,0.0,0.0,0.006580061405392482,0.012853426961019732,-0.6580061405392481
CIV,groundnut,0.0,0.0,0.004248414940034445,0.005057270595485542,-0.4248414940034445
CIV,maize,0.0,0.0,0.0009831619723035835,0.0026600943782415414,-0.09831619723035835
CIV,millet,0.0,0.0,0.0021986149912758147,0.0024695513639123863,-0.21986149912758146
CIV,oilpalm,0.0,0.0,0.00621015273092589,0.013927220990164954,-0.621015273092589
CIV,potato,0.0,0.0,0.0,0.0,0.0
CIV,rice,0.0,0.0,0.002261029703536961,0.003920620115995984,-0.2261029703536961
CIV,sorghum,0.0,0.0,0.0011859992176314615,0.00240639068330077,-0.11859992176314615
CIV,soybean,0.0,0.0,1.6221217928703354e-06,3.0449902353704815e-06,-0.00016221217928703355
CIV,sugarcane,1.0,0.012602394454946441,0.0010825417938309715,0.0009906433076396176,1.151985266111547
CIV,sweet_potato,0.0,0.0,0.0006290168661426349,0.004389846564736998,-0.06290168661426349
CIV,yam,0.0,0.0,0.09160085009698918,0.14170749043284012,-9.160085009698918
CMR,banana_plantain,0.0,0.0,0.0321473512335906,0.045121919107409494,-3.2147351233590604
CMR,beans,0.0,0.0,0.015557266045679783,0.014640116110733568,-1.5557266045679783
CMR,cassava,0.0,0.0,0.018527591452567094,0.013901240363923926,-1.8527591452567094
CMR,coffee_cocoa,0.0,0.0,0.020683285757856492,0.02918524827634689,-2.068328575785649
CMR,cotton,0.0,0.0,0.006089648954377855,0.0071731950390085605,-0.6089648954377855
CMR,groundnut,0.0,0.0,0.012166077781625305,0.017124373846277602,-1.2166077781625306
CMR,maize,2.0,0.004441964934917282,0.0019073548532385514,0.00610192821367916,0.2534610081678731
CMR,millet,0.0,0.0,0.0032608305395266067,0.002318658238335382,-0.3260830539526607
CMR,oilpalm,0.0,0.0,0.006914682368101718,0.008357321477329743,-0.6914682368101718
CMR,potato,0.0,0.0,0.0009295749205625843,0.0018591402224482551,-0.09295749205625843
CMR,pulses,0.0,0.0,2.0212373078222177e-05,2.802875165156495e-05,-0.0020212373078222177
CMR,rice,0.0,0.0,0.00040617139119553103,0.0008604785465497046,-0.0406171391195531
CMR,sorghum,0.0,0.0,0.02028174079194576,0.0180712990307462,-2.0281740791945757
CMR,soybean,0.0,0.0,0.0002446207112796351,0.00041911993218725227,-0.02446207112796351
CMR,sugarcane,0.0,0.0,0.0006730875384959407,0.0008648792026207412,-0.06730875384959407
CMR,sweet_potato,0.0,0.0,0.005788563443162787,0.010569031718612383,-0.5788563443162786
CMR,wheat,0.0,0.0,7.99635344451249e-07,2.1298435927616076e-06,-7.99635344451249e-05
CMR,yam,0.0,0.0,0.00647804919539479,0.0073752232614735175,-0.647804919539479
COD,banana_plantain,0.0,0.0,0.03362884658563844,0.10652397718696646,-3.3628846585638437
COD,barley,0.0,0.0,6.601824116498474e-06,3.0301784472210695e-05,-0.0006601824116498474
COD,beans,0.0,0.0,0.008850257425114184,0.013418599783784877,-0.8850257425114184
COD,cassava,0.0,0.0,0.13159729071336074,0.1680835660018785,-13.159729071336074
COD,coffee_cocoa,0.0,0.0,0.004849534748061286,0.007834330169137914,-0.48495347480612855
COD,cotton,0.0,0.0,0.00039880115143580894,0.0021574252542259247,-0.03988011514358089
COD,groundnut,0.0,0.0,0.008739199260092818,0.0165516591046586,-0.8739199260092818
COD,maize,0.0,0.0,0.0019133192194994392,0.014296757573276116,-0.19133192194994392
COD,millet,0.0,0.0,0.0013073557231035023,0.0019281833095650468,-0.13073557231035024
COD,oat_rye,0.0,0.0,0.0,0.0,0.0
COD,oilpalm,0.0,0.0,0.004957569507491976,0.01090455665473164,-0.49575695074919757
COD,potato,0.0,0.0,0.0002789418948630012,0.0013412035736117993,-0.027894189486300118
COD,pulses,0.0,0.0,7.396923149231524e-05,0.0003564196662719273,-0.0073969231492315235
COD,rice,0.0,0.0,0.0019194493353505177,0.008752716272207608,-0.19194493353505176
COD,sorghum,0.0,0.0,0.0001386320922848787,0.0002985865871655257,-0.01386320922848787
COD,soybean,0.0,0.0,7.267015145007117e-05,0.0003769246224857578,-0.007267015145007117
COD,sugarcane,0.0,0.0,0.0013198398153721203,0.0023367968550592516,-0.13198398153721203
COD,sweet_potato,0.0,0.0,0.006103835083921144,0.01518472565385364,-0.6103835083921144
COD,wheat,0.0,0.0,1.2581418588085292e-05,3.861322421640843e-05,-0.0012581418588085292
COD,yam,0.0,0.0,0.001393405541405251,0.0026137405888942713,-0.1393405541405251
COG,banana_plantain,0.0,0.0,0.0010118356982372356,0.001982987606988217,-0.10118356982372356
COG,beans,0.0,0.0,0.00011402268228056507,0.00010765042087701579,-0.011402268228056506
COG,cassava,0.0,0.0,0.005030225058933669,0.005040856671581188,-0.5030225058933668
COG,coffee_cocoa,0.0,0.0,0.0007943403481204687,0.0019528561479419577,-0.07943403481204687
COG,groundnut,0.0,0.0,0.0004937003245256315,0.0016168100602481045,-0.049370032452563155
COG,maize,0.0,0.0,1.1406724588765393e-05,6.612467936331241e-05,-0.0011406724588765393
COG,millet,0.0,0.0,0.00044126445806780794,0.0004998576311638075,-0.044126445806780795
COG,oilpalm,0.0,0.0,0.0003854394802540744,0.00044639542865181737,-0.03854394802540744
COG,potato,0.0,0.0,1.9119125899154188e-05,4.8628116157107644e-05,-0.0019119125899154188
COG,pulses,0.0,0.0,0.00035550184003753404,0.0009401792214730484,-0.035550184003753406
COG,rice,0.0,0.0,1.3884790278406963e-06,1.1476047879312538e-05,-0.00013884790278406964
COG,sugarcane,0.0,0.0,0.0003534368043790129,0.0006905009128364648,-0.03534368043790129
COG,sweet_potato,0.0,0.0,0.00010342799942957801,0.00018029947317453704,-0.0103427999429578
COG,yam,0.0,0.0,0.00019280229097981677,0.00034829206013120204,-0.019280229097981678
COK,banana_plantain,0.0,0.0,5.65329940340438e-08,2.7907899728295257e-07,-5.6532994034043805e-06
COK,cassava,0.0,0.0,5.060220000030022e-09,0.0,-5.060220000030022e-07
COK,coffee_cocoa,0.0,0.0,1.7984862717781243e-08,4.2074903324915383e-08,-1.7984862717781244e-06
COK,sweet_potato,0.0,0.0,3.2810883927561874e-06,1.5082085208516406e-06,-0.00032810883927561875
COL,banana_plantain,1.0,0.08108108108108109,0.028486705670733657,0.029605488019532642,5.2594375410347425
COL,barley,0.0,0.0,5.007201727571432e-05,6.545480953038279e-05,-0.005007201727571432
COL,beans,0.0,0.0,0.002444096521353995,0.0016841394216765818,-0.2444096521353995
COL,cassava,0.0,0.0,0.003251001395685763,0.0032402436645013783,-0.3251001395685763
COL,chickpea,0.0,0.0,6.652175726240593e-06,6.823097867821998e-06,-0.0006652175726240592
COL,coffee_cocoa,4.25,0.16483516483516483,0.05045534085758023,0.04253309060714305,11.43798239775846
COL,cotton,0.3333333333333333,0.005790387955993051,0.0004564445648868665,0.0003709827769027435,0.5333943391106185
COL,groundnut,0.0,0.0,6.444170130267316e-05,6.604391857450681e-05,-0.006444170130267316
COL,lentil,0.0,0.0,0.00020237179956638689,0.0008465538912437377,-0.02023717995663869
COL,maize,4.833333333333333,0.010734748592716763,0.0013239947742620024,0.0019577769311982236,0.9410753818454761
COL,oat_rye,0.0,0.0,0.0,0.0,0.0
COL,oilpalm,0.0,0.0,0.020201943203002132,0.017946324978079388,-2.020194320300213
COL,potato,0.0,0.0,0.007474071356978517,0.00739933441446304,-0.7474071356978517
COL,pulses,0.0,0.0,0.0024917573237957804,0.0030729559100892132,-0.24917573237957805
COL,rapeseed_canola,0.0,0.0,0.0,0.0,0.0
COL,rice,0.3333333333333333,0.0008562376915831836,0.0035873101372197167,0.0037290465098614146,-0.2731072445636533
COL,sorghum,0.0,0.0,8.846494199997456e-05,4.2749256717745084e-05,-0.008846494199997456
COL,soybean,0.0,0.0,0.00033377137696131667,0.0003499293433249183,-0.03337713769613167
COL,sugarbeet,0.0,0.0,0.00011512474498975591,0.00026220498078804105,-0.011512474498975592
COL,sugarcane,0.0,0.0,0.018185478791397015,0.01739431046071369,-1.8185478791397016
COL,sunflower,0.0,0.0,0.0,0.0,0.0
COL,wheat,0.0,0.0,9.919869903891169e-06,1.4622710301582622e-05,-0.000991986990389117
COL,yam,0.0,0.0,0.004843982466074186,0.0034299662257200546,-0.48439824660741865
COM,banana_plantain,0.0,0.0,0.0004583797501515957,0.0011455700346117057,-0.04583797501515957
COM,cassava,0.0,0.0,0.0001786027862769846,0.00031556578669129996,-0.01786027862769846
COM,coffee_cocoa,0.0,0.0,1.1185977013746496e-05,4.672838763265102e-05,-0.0011185977013746496
COM,groundnut,0.0,0.0,8.549775230559733e-05,0.00016950643258459457,-0.008549775230559734
COM,maize,0.0,0.0,1.571632601401656e-05,5.1000523676508224e-05,-0.001571632601401656
COM,potato,0.0,0.0,8.746627415527727e-06,1.2770781961648173e-05,-0.0008746627415527728
COM,rice,0.0,0.0,6.730413015421608e-09,1.0704814642564166e-07,-6.730413015421608e-07
COM,sweet_potato,0.0,0.0,0.0001227634502987043,0.0003502882844610702,-0.01227634502987043
COM,yam,0.0,0.0,0.00035641028089995774,0.0005535344808931458,-0.03564102808999577
CPV,banana_plantain,0.0,0.0,3.4689461054957314e-05,2.2014407962143495e-05,-0.0034689461054957316
CPV,cassava,0.0,0.0,8.858547637552557e-06,8.74889290956145e-06,-0.0008858547637552557
CPV,coffee_cocoa,0.0,0.0,2.694448385414618e-06,8.297170935673312e-06,-0.00026944483854146183
CPV,groundnut,0.0,0.0,0.0,0.0,0.0
CPV,maize,0.0,0.0,4.267529340703018e-07,0.0001334030903894212,-4.267529340703018e-05
CPV,potato,0.0,0.0,7.450438380269503e-06,1.2062605512758256e-05,-0.0007450438380269503
CPV,sugarcane,0.0,0.0,1.1985245803055596e-05,0.000119101710485946,-0.0011985245803055595
CPV,sweet_potato,0.0,0.0,4.089231971168176e-05,2.8655961896181175e-05,-0.004089231971168176
CRI,banana_plantain,0.0,0.0,0.01524304644545465,0.004625012057854324,-1.524304644545465
CRI,beans,0.0,0.0,0.0002468475473870306,0.00028028582873433963,-0.024684754738703057
CRI,cassava,0.0,0.0,0.0003167422633809042,0.00029897646379280874,-0.03167422633809042
CRI,coffee_cocoa,0.0,0.0,0.0052105581430036615,0.004088266886430058,-0.5210558143003662
CRI,cotton,0.0,0.0,9.389668864792657e-06,2.6882721594789094e-05,-0.0009389668864792657
CRI,groundnut,0.0,0.0,4.220052565776326e-06,6.716992605586975e-06,-0.0004220052565776326
CRI,maize,0.0,0.0,1.010224036410702e-05,3.033905431337888e-05,-0.001010224036410702
CRI,oilpalm,1.0,0.13333333333333333,0.002896459558814811,0.0027457402420070975,13.043687377451851
CRI,potato,0.0,0.0,0.00016700426387514548,0.00017611167989810755,-0.01670042638751455
CRI,rice,0.0,0.0,0.00019143334448726802,0.00020676836064596434,-0.019143334448726804
CRI,sorghum,2.0,0.08547008547008549,0.0,0.0,8.547008547008549
CRI,soybean,0.0,0.0,0.0,0.0,0.0
CRI,sugarcane,0.0,0.0,0.002101773546898101,0.0022471815642127703,-0.21017735468981008
CRI,sweet_potato,0.0,0.0,1.3132958783246661e-05,5.5008478051425295e-05,-0.0013132958783246662
CRI,yam,0.0,0.0,0.00018671368199267867,0.00012251291296090072,-0.018671368199267867
CUB,banana_plantain,0.0,0.0,0.005441101618444041,0.008099118747325357,-0.5441101618444041
CUB,beans,0.0,0.0,0.0024598375100573938,0.0018638654299130842,-0.24598375100573938
CUB,cassava,0.0,0.0,0.0023993046413219848,0.004107490017407861,-0.23993046413219848
CUB,chickpea,0.0,0.0,8.345471993778187e-06,9.321171950576502e-06,-0.0008345471993778188
CUB,coffee_cocoa,0.0,0.0,0.0005543833932756068,0.0010961269664400304,-0.05543833932756068
CUB,cotton,0.0,0.0,0.0,0.0,0.0
CUB,groundnut,0.0,0.0,8.749550381993558e-06,1.4586027547597296e-05,-0.0008749550381993559
CUB,maize,0.0,0.0,0.00022809279582961713,0.0006209609170756712,-0.022809279582961712
CUB,potato,0.0,0.0,0.0003068341796369545,0.0003366552808614518,-0.030683417963695447
CUB,rice,1.0,0.002568713074749551,0.0003854209454293983,0.0005412670561894881,0.21832921293201527
CUB,sorghum,0.0,0.0,5.726799646726201e-05,5.603625423831276e-05,-0.005726799646726201
CUB,soybean,0.0,0.0,1.8851469163779718e-06,2.076719683117123e-06,-0.0001885146916377972
CUB,sugarcane,0.0,0.0,0.006345688276187618,0.012639535929539826,-0.6345688276187619
CUB,sweet_potato,0.0,0.0,0.004218564644867503,0.0054963506015530805,-0.42185646448675035
CUB,yam,0.0,0.0,0.00040503162051700115,0.0006608581230555653,-0.04050316205170011
CYP,banana_plantain,0.0,0.0,3.3893706093832006e-05,1.7729724533269927e-05,-0.0033893706093832006
CYP,barley,0.0,0.0,0.00015259342249526414,0.000247938615734288,-0.015259342249526414
CYP,beans,0.0,0.0,,,
CYP,chickpea,0.0,0.0,,,
CYP,cotton,0.0,0.0,,,
CYP,groundnut,0.0,0.0,,,
CYP,lentil,0.0,0.0,,,
CYP,oat_rye,0.0,0.0,3.543491106625477e-05,5.5638652491123765e-05,-0.003543491106625477
CYP,potato,1.0,0.019916540212443094,0.00024936128167371276,0.00023605881629663907,1.9667178930769382
CYP,pulses,0.0,0.0,1.3875607562696376e-05,1.0565603396393616e-05,-0.0013875607562696375
CYP,rapeseed_canola,0.0,0.0,0.0,0.0,0.0
CYP,rice,0.0,0.0,0.0,0.0,0.0
CYP,sorghum,0.0,0.0,0.0,0.0,0.0
CYP,soybean,0.0,0.0,0.0,0.0,0.0
CYP,sugarbeet,0.0,0.0,0.0,0.0,0.0
CYP,sunflower,0.0,0.0,0.0,0.0,0.0
CYP,wheat,2.0,0.003536164650561682,3.537358535801895e-05,5.482939357352054e-05,0.3500791065203663
CZE,banana_plantain,0.0,0.0,0.0,0.0,0.0
CZE,barley,4.527777777777778,0.08401443192695678,0.011574233540358038,0.006720527832049493,7.244019838659874
CZE,beans,0.0,0.0,,,
CZE,chickpea,0.0,0.0,,,
CZE,lentil,0.0,0.0,,,
CZE,maize,1.952020202020202,0.004335402644811943,0.0006174952020271019,0.0004255943592752705,0.37179074427848413
CZE,millet,0.0,0.0,,,
CZE,oat_rye,0.25,0.016656091370558377,0.00983389027506983,0.006535261395063964,0.6822201095488547
CZE,potato,0.0,0.0,0.0017376464757045105,0.0013474237234212157,-0.17376464757045104
CZE,pulses,0.0,0.0,0.004614659779858508,0.003480269888570561,-0.46146597798585076
CZE,rapeseed_canola,1.5,0.04226202455222378,0.015647227765182105,0.01007042249628314,2.661479678704168
CZE,rice,0.0,0.0,0.0,0.0,0.0
CZE,soybean,0.0,0.0,0.0001148733124964081,0.00013992937224843174,-0.01148733124964081
CZE,sugarbeet,0.0,0.0,0.014439730034022547,0.013471114199401864,-1.4439730034022547
CZE,sunflower,0.0,0.0,0.0008075694506392561,0.0005993551319414106,-0.08075694506392561
CZE,wheat,5.527777777777778,0.009773566186969092,0.006293540891493089,0.0037823234115703574,0.34800252954760036
DEU,banana_plantain,0.0,0.0,0.0,0.0,0.0
DEU,barley,6.427777777777778,0.11926956777851412,0.0707153936009914,0.03349161880673625,4.855417417752273
DEU,beans,0.0,0.0,,,
DEU,lentil,0.0,0.0,,,
DEU,maize,5.597222222222222,0.012431332422025449,0.003350391871385645,0.002127572926311427,0.9080940550639803
DEU,oat_rye,1.5833333333333333,0.10548857868020305,0.11221822667218895,0.06254673846333111,-0.6729647991985901
DEU,potato,0.27499999999999997,0.0054770485584218495,0.028642569261205647,0.015603487757207843,-2.3165520702783797
DEU,pulses,0.25,0.01832460732984293,0.024343529150436437,0.014440986981787803,-0.6018921820593506
DEU,rapeseed_canola,2.8055555555555554,0.07904563851434447,0.04647529381166292,0.027994822086202284,3.257034470268155
DEU,rice,0.2777777777777778,0.000713531409652653,0.0,0.0,0.07135314096526531
DEU,soybean,0.4722222222222222,0.0035715786377578888,0.00026037649209012547,0.0002686756090032778,0.33112021456677637
DEU,sugarbeet,1.2333333333333334,0.14979757085020245,0.10848799942674453,0.08868750163739232,4.1309571423457925
DEU,sunflower,0.06666666666666667,0.0030911901081916537,0.0014879702178268747,0.0013887409706318228,0.1603219890364779
DEU,wheat,17.719444444444445,0.03132943653601801,0.02839235635967598,0.013764864325685749,0.29370801763420296
DJI,beans,0.0,0.0,0.0003158999355312913,0.0007907440791703355,-0.03158999355312913
DJI,maize,0.0,0.0,1.4688482385506653e-08,3.9887006492527696e-08,-1.4688482385506653e-06
DJI,sugarcane,0.0,0.0,2.9162878514421454e-08,3.8027366055538314e-08,-2.9162878514421453e-06
DMA,banana_plantain,0.0,0.0,0.00012016230785770311,0.00012417373737930903,-0.012016230785770311
DMA,beans,0.0,0.0,2.1356757146877797e-06,1.6366047839685134e-06,-0.00021356757146877796
DMA,cassava,0.0,0.0,2.4453513150145077e-07,2.5673952104807867e-07,-2.445351315014508e-05
DMA,coffee_cocoa,0.0,0.0,8.275746731521306e-05,0.00046546624050287385,-0.008275746731521306
DMA,maize,0.0,0.0,1.665047119978031e-07,5.85341820277844e-07,-1.665047119978031e-05
DMA,potato,0.0,0.0,3.994999633831373e-07,5.901470407415976e-07,-3.994999633831373e-05
DMA,sugarcane,0.0,0.0,2.550263776038859e-06,9.522052460306794e-06,-0.0002550263776038859
DMA,sweet_potato,0.0,0.0,2.57053055518933e-05,5.41583968851271e-05,-0.00257053055518933
DMA,yam,0.0,0.0,0.00016956971459083732,9.75442486346302e-05,-0.016956971459083734
DNK,banana_plantain,0.0,0.0,0.0,0.0,0.0
DNK,barley,0.0,0.0,0.02483504819656008,0.013411915386467577,-2.483504819656008
DNK,maize,0.0,0.0,3.830722925651369e-05,3.260762780764139e-05,-0.0038307229256513693
DNK,oat_rye,0.0,0.0,0.02059825916748846,0.010745214762348278,-2.059825916748846
DNK,potato,0.0,0.0,0.006440833225597899,0.003386263719775287,-0.6440833225597898
DNK,pulses,0.25,0.01832460732984293,0.005757867005888015,0.0030321288237574887,1.2566740323954915
DNK,rapeseed_canola,1.3333333333333333,0.037566244046421136,0.008647632917911778,0.004442055305986968,2.891861112850936
DNK,rice,0.0,0.0,0.0,0.0,0.0
DNK,soybean,0.25,0.0018908357494012353,0.0,0.0,0.18908357494012354
DNK,sugarbeet,0.0,0.0,0.008901161845800344,0.0071728616778287835,-0.8901161845800344
DNK,sunflower,0.0,0.0,0.0,0.0,0.0
DNK,wheat,5.0,0.008840411626404204,0.0050667892019129815,0.0023419970637701113,0.37736224244912225
DOM,banana_plantain,0.0,0.0,0.013882658440330719,0.0068389621597115926,-1.388265844033072
DOM,beans,0.0,0.0,0.0010118093367792625,0.0007697240633841789,-0.10118093367792624
DOM,cassava,0.0,0.0,0.0005364510383973327,0.0008192426455351345,-0.05364510383973327
DOM,chickpea,0.0,0.0,2.101807121633036e-07,2.0972636888797126e-07,-2.101807121633036e-05
DOM,coffee_cocoa,0.0,0.0,0.00572504661455555,0.00929063513800055,-0.572504661455555
DOM,cotton,0.0,0.0,0.0,0.0,0.0
DOM,groundnut,0.0,0.0,0.00012399371727324295,0.00014499461654521418,-0.012399371727324294
DOM,maize,0.0,0.0,4.562227895388653e-05,0.00014797082233565463,-0.004562227895388653
DOM,oilpalm,0.0,0.0,0.0007409137791811027,0.0007725650240389126,-0.07409137791811027
DOM,potato,0.0,0.0,0.0002447953956290897,0.00019993001446243845,-0.024479539562908968
DOM,pulses,0.0,0.0,0.0006729021799466396,0.000998170429548726,-0.06729021799466396
DOM,rice,0.0,0.0,0.0012508115359547163,0.0011477750918005673,-0.12508115359547162
DOM,sorghum,0.0,0.0,8.77746455848583e-06,8.782680801025878e-06,-0.000877746455848583
DOM,sugarcane,0.0,0.0,0.0028567982763450478,0.004598748248247993,-0.2856798276345048
DOM,sweet_potato,0.0,0.0,0.0006260875157994494,0.0009484712058039373,-0.06260875157994494
DOM,yam,0.0,0.0,0.0004056190228252561,0.000502972935632448,-0.04056190228252561
DZA,banana_plantain,0.0,0.0,1.3847678024697278e-06,7.87987757034219e-07,-0.00013847678024697278
DZA,barley,1.5,0.027833001988071572,0.008414652023432863,0.01868830851880679,1.941834996463871
DZA,beans,0.0,0.0,7.000624564597067e-05,5.672074197937526e-05,-0.007000624564597067
DZA,chickpea,0.0,0.0,0.002443889437388243,0.002453784534231338,-0.2443889437388243
DZA,cotton,0.0,0.0,1.0815717135018545e-06,7.922815251241401e-06,-0.00010815717135018545
DZA,groundnut,0.0,0.0,0.0002506438972300768,0.0001645988624057064,-0.02506438972300768
DZA,lentil,0.0,0.0,0.00251986159731216,0.003175542023450791,-0.251986159731216
DZA,maize,0.0,0.0,7.729393515866328e-06,8.884830696210544e-06,-0.0007729393515866328
DZA,oat_rye,0.0,0.0,0.0016075374046402094,0.0038961422461438033,-0.16075374046402094
DZA,potato,0.0,0.0,0.012383731421837255,0.008560531337707839,-1.2383731421837254
DZA,pulses,0.0,0.0,0.003024351298572432,0.004874092262663106,-0.3024351298572432
DZA,rapeseed_canola,0.0,0.0,0.0003001129680466829,0.00032320139109556165,-0.03001129680466829
DZA,rice,0.0,0.0,4.004595744175856e-07,1.0327713217655655e-06,-4.004595744175856e-05
DZA,sorghum,0.0,0.0,2.094352739838304e-05,3.399113598607331e-06,-0.0020943527398383037
DZA,sugarbeet,0.0,0.0,0.0,0.0,0.0
DZA,sunflower,0.0,0.0,1.6452401968938909e-06,7.025984714891551e-06,-0.00016452401968938907
DZA,wheat,4.5,0.007956370463763783,0.004181494509668205,0.008253650763794501,0.37748759540955784
ECU,banana_plantain,1.0,0.08108108108108109,0.04233440554014983,0.023648497573293206,3.8746675540931252
ECU,barley,0.0,0.0,8.854461081812019e-05,0.0001936186756706677,-0.008854461081812018
ECU,beans,0.0,0.0,0.00036451666507780696,0.0004564218651866532,-0.03645166650778069
ECU,cassava,0.0,0.0,0.000286875219345052,0.0005035451975509893,-0.028687521934505203
ECU,coffee_cocoa,1.0,0.0387847446670976,0.018439059853535993,0.023239820402097062,2.034568481356161
ECU,cotton,0.0,0.0,5.225454010306934e-05,9.289805605744051e-05,-0.005225454010306934
ECU,groundnut,0.5,0.023734177215189875,0.00014074223034001143,0.00017093184089915224,2.3593434984849866
ECU,lentil,0.0,0.0,0.0004306322930468779,0.0006949004187164744,-0.04306322930468779
ECU,maize,1.0,0.002220982467458641,0.0012912312632219643,0.0017531256754615252,0.09297512042366768
ECU,oat_rye,0.0,0.0,1.8646685343037723e-05,7.356159546572348e-05,-0.0018646685343037723
ECU,oilpalm,0.0,0.0,0.0062137355099789356,0.006675322338040755,-0.6213735509978936
ECU,potato,0.0,0.0,0.0007796635237654579,0.0012236108742736285,-0.07796635237654578
ECU,pulses,0.5,0.03664921465968586,0.00013225535348384052,0.00039375810997276735,3.6516959306202024
ECU,rice,0.0,0.0,0.0014231976045187098,0.0018813991519234677,-0.14231976045187097
ECU,sorghum,0.0,0.0,0.0002413806486566528,0.00020498325084318287,-0.02413806486566528
ECU,soybean,0.0,0.0,8.018706355546026e-05,0.00017250687391749006,-0.008018706355546025
ECU,sugarbeet,0.0,0.0,1.7432218015965224e-05,0.00016194490677824095,-0.0017432218015965223
ECU,sugarcane,0.0,0.0,0.004901679674099535,0.004590815739688807,-0.4901679674099535
ECU,sunflower,0.0,0.0,4.288468410764324e-06,4.621981798187313e-06,-0.0004288468410764324
ECU,sweet_potato,0.0,0.0,4.6186083825269786e-05,0.00028749196604742913,-0.004618608382526979
ECU,wheat,0.0,0.0,1.1261015538617928e-05,2.1570782637570425e-05,-0.0011261015538617928
EGY,banana_plantain,0.0,0.0,0.007551735927710014,0.0025353506082575997,-0.7551735927710014
EGY,barley,1.0,0.01855533465871438,0.0006310077322044385,0.0005106443749781268,1.7924326926509941
EGY,beans,0.5,0.03773584905660377,0.004038713935641483,0.0007533133439498942,3.3697135120962294
EGY,chickpea,0.0,0.0,0.000258851504831018,0.00010335315458799224,-0.0258851504831018
EGY,cotton,0.0,0.0,0.004270201906072979,0.0034067800856674513,-0.4270201906072979
EGY,groundnut,0.0,0.0,0.004178618053164227,0.002092597036477182,-0.4178618053164227
EGY,lentil,0.0,0.0,0.0001573588340817682,8.172874316332131e-05,-0.015735883408176818
EGY,maize,2.0,0.004441964934917282,0.006099820623538619,0.005115408865150445,-0.1657855688621337
EGY,oat_rye,0.0,0.0,0.0018563669697809235,0.0027128403634708994,-0.18563669697809235
EGY,potato,0.0,0.0,0.01637372517569135,0.012765529652985573,-1.637372517569135
EGY,pulses,0.5,0.03664921465968586,0.0061915307554853746,0.003034261879537515,3.0457683904200485
EGY,rice,1.25,0.0032108913434369386,0.005507154237179793,0.0028661691116668078,-0.22962628937428547
EGY,sorghum,0.0,0.0,0.014092624784530786,0.004014073175164621,-1.4092624784530785
EGY,soybean,0.5,0.0037816714988024706,0.00016906600793090894,0.00015388648605874116,0.36126054908715616
EGY,sugarbeet,0.0,0.0,0.04471864379940716,0.05069311109076183,-4.471864379940716
EGY,sugarcane,0.0,0.0,0.008210741593884588,0.005912396003163353,-0.8210741593884587
EGY,sunflower,0.0,0.0,0.0005368101546835911,0.00039823453078499356,-0.053681015468359114
EGY,sweet_potato,0.0,0.0,0.005015705998460264,0.0019575175501998976,-0.5015705998460264
EGY,wheat,7.0,0.012376576276965886,0.01178634618473566,0.006412621163243021,0.05902300922302258
ERI,barley,0.0,0.0,0.0004290782342183842,0.0009234595024038205,-0.04290782342183842
ERI,beans,0.0,0.0,3.13165186971139e-06,3.806019859889059e-05,-0.000313165186971139
ERI,chickpea,0.0,0.0,0.00023686164512837213,0.0006056478080746834,-0.023686164512837213
ERI,groundnut,0.0,0.0,4.2842798134512224e-05,9.944663761701879e-05,-0.004284279813451222
ERI,lentil,0.0,0.0,2.1915653596875738e-05,9.750490128884092e-05,-0.002191565359687574
ERI,maize,0.0,0.0,1.7333587898874973e-05,9.971751623131924e-05,-0.0017333587898874974
ERI,millet,0.0,0.0,0.0008152076348816517,0.002415268998266023,-0.08152076348816517
ERI,potato,0.0,0.0,1.5675675003305533e-07,5.3113233666743785e-06,-1.5675675003305534e-05
ERI,pulses,0.0,0.0,4.9118426453630824e-05,0.00020094581553895783,-0.004911842645363082
ERI,sorghum,0.0,0.0,0.0023755345881784685,0.006631218725606787,-0.23755345881784684
ERI,wheat,0.0,0.0,3.239814016524302e-05,0.00011540114828573948,-0.0032398140165243025
ESP,banana_plantain,0.0,0.0,0.002328051701246284,0.0007426784610047515,-0.2328051701246284
ESP,barley,2.875,0.053346587143803845,0.05950232511218038,0.053045853248814875,-0.6155737968376533
ESP,beans,0.0,0.0,,,
ESP,chickpea,0.0,0.0,,,
ESP,coffee_cocoa,0.0,0.0,,,
ESP,cotton,0.0,0.0,0.0024056882602373443,0.0018440230607798956,-0.24056882602373442
ESP,groundnut,0.0,0.0,,,
ESP,lentil,0.0,0.0,,,
ESP,maize,1.5,0.003331473701187961,0.0035410786718611683,0.0016907503747085103,-0.020960497067320713
ESP,millet,0.0,0.0,,,
ESP,oat_rye,0.0,0.0,0.04250569780803821,0.04991300189798494,-4.250569780803821
ESP,potato,1.125,0.02240610773899848,0.005533948024069738,0.003810933530292941,1.6872159714928738
ESP,pulses,0.0,0.0,0.011308314084018958,0.01506575303922738,-1.1308314084018958
ESP,rapeseed_canola,0.0,0.0,0.0026423699221838856,0.002414027673533603,-0.26423699221838853
ESP,rice,2.25,0.00577960441818649,0.0008502297786546967,0.0005488163834249146,0.49293746395317933
ESP,sorghum,0.0,0.0,0.0003560926347679524,0.00013174021201538817,-0.035609263476795244
ESP,soybean,0.0,0.0,1.2837850500533989e-05,1.1525794241300033e-05,-0.0012837850500533989
ESP,sugarbeet,0.0,0.0,0.009420632481395661,0.00654979153704093,-0.9420632481395661
ESP,sugarcane,0.0,0.0,,,
ESP,sunflower,1.625,0.07534775888717156,0.015732497896517775,0.025406089514918385,5.961526099065378
ESP,sweet_potato,0.0,0.0,,,
ESP,wheat,13.625,0.024090121681951456,0.009740337554053883,0.009416364416441827,1.4349784127897574
EST,banana_plantain,0.0,0.0,0.0,0.0,0.0
EST,barley,0.3333333333333333,0.006185111552904793,0.003058931737760878,0.002587779781602813,0.3126179815143915
EST,beans,0.0,0.0,,,
EST,maize,0.0,0.0,0.0,0.0,0.0
EST,oat_rye,0.3333333333333333,0.022208121827411165,0.003598711810544805,0.003513558102088035,1.860941001686636
EST,potato,0.0,0.0,0.00019662657627541612,0.0001921518764654642,-0.019662657627541612
EST,pulses,0.0,0.0,0.0051493808036533004,0.00471963510206828,-0.5149380803653301
EST,rapeseed_canola,0.0,0.0,0.0024565125271424596,0.002080123454843363,-0.24565125271424595
EST,rice,0.0,0.0,0.0,0.0,0.0
EST,sorghum,0.0,0.0,0.0,0.0,0.0
EST,soybean,0.0,0.0,0.0,0.0,0.0
EST,sugarbeet,0.0,0.0,0.0,0.0,0.0
EST,sunflower,0.0,0.0,0.0,0.0,0.0
EST,wheat,0.3333333333333333,0.0005893607750936136,0.0009661799278590907,0.0007852540375792114,-0.03768191527654772
ETH,banana_plantain,0.3333333333333333,0.02702702702702703,0.0052300437079933655,0.0067812256400972305,2.1796983319033663
ETH,barley,3.0833333333333335,0.057212281864369344,0.015390119737102742,0.02153161570112142,4.182216212726661
ETH,beans,1.0,0.07547169811320754,0.021454420840214674,0.011873498669772638,5.401727727299287
ETH,chickpea,1.0,0.12903225806451613,0.028253864075679532,0.01589144235041106,10.07783939888366
ETH,coffee_cocoa,0.0,0.0,0.03485565955503469,0.036237035733525366,-3.485565955503469
ETH,cotton,0.3333333333333333,0.005790387955993051,0.0021781079338351926,0.0024926395675059485,0.3612280022157859
ETH,groundnut,0.0,0.0,0.0032300604957175203,0.0032114254065572054,-0.32300604957175205
ETH,lentil,0.0,0.0,0.02038170454861983,0.0204646374605137,-2.0381704548619832
ETH,maize,17.28333333333333,0.03838598031257684,0.009872603407332791,0.016137851050031425,2.8513376905244048
ETH,millet,1.25,0.0556792873051225,0.03606430733810751,0.01438357095640704,1.9614979967014987
ETH,oat_rye,0.0,0.0,0.000947301731629831,0.0014704224125261763,-0.0947301731629831
ETH,potato,0.0,0.0,0.010968350147466763,0.018349489149541754,-1.0968350147466763
ETH,pulses,0.0,0.0,0.07445555480503746,0.07485616376270614,-7.445555480503746
ETH,rapeseed_canola,0.0,0.0,0.00045634940590249666,0.0009144044217930314,-0.04563494059024967
ETH,rice,1.5833333333333335,0.004067129035020122,0.0003116015865069656,0.00050613093503769,0.3755527448513157
ETH,sorghum,1.8333333333333333,0.07834757834757836,0.08540733930551396,0.04603228960455721,-0.7059760957935604
ETH,soybean,0.0,0.0,0.0006580107460684796,0.0007530829354084454,-0.06580107460684796
ETH,sugarcane,3.1666666666666665,0.039907582440663725,0.0006320563228552312,0.0010246701947861131,3.927552611780849
ETH,sunflower,0.0,0.0,0.00011550669828837268,0.00018970874207265728,-0.01155066982883727
ETH,sweet_potato,0.0,0.0,0.01914842555988045,0.00891112664657294,-1.914842555988045
ETH,wheat,8.583333333333334,0.015176039958660553,0.007536033010124382,0.00935375144621873,0.764000694853617
ETH,yam,0.0,0.0,0.0005342197362613302,0.0006014743163995852,-0.05342197362613302
FIN,banana_plantain,0.0,0.0,0.0,0.0,0.0
FIN,barley,1.3333333333333333,0.024740446211619173,0.00914256137139561,0.008011606301699137,1.5597884840223564
FIN,maize,0.5416666666666666,0.0012030321698734304,0.0,0.0,0.12030321698734303
FIN,oat_rye,1.3333333333333333,0.08883248730964466,0.0221505658387246,0.018934927973598095,6.668192147092006
FIN,potato,0.041666666666666664,0.0008298558421851288,0.001579555350920024,0.0012144045804380597,-0.07496995087348952
FIN,pulses,0.0,0.0,0.0035889871120071354,0.0031017023253677033,-0.35889871120071354
FIN,rapeseed_canola,0.0,0.0,0.0006303828359579493,0.0010059676028208973,-0.06303828359579493
FIN,rice,0.0,0.0,0.0,0.0,0.0
FIN,sorghum,0.0,0.0,0.0,0.0,0.0
FIN,soybean,0.0,0.0,0.0,0.0,0.0
FIN,sugarbeet,0.0,0.0,0.0015457323813194825,0.0022865163155160527,-0.15457323813194826
FIN,sunflower,0.0,0.0,0.0,0.0,0.0
FIN,wheat,2.375,0.004199195522541997,0.0009418268938596808,0.00092897001160834,0.3257368628682316
FJI,banana_plantain,0.0,0.0,8.652015994919732e-05,7.643481243231925e-05,-0.008652015994919732
FJI,cassava,0.0,0.0,0.0002532004230119272,0.00012856066939866484,-0.02532004230119272
FJI,coffee_cocoa,0.0,0.0,3.9350393549134605e-06,2.0027653982659723e-06,-0.000393503935491346
FJI,groundnut,0.0,0.0,6.758104119574532e-06,1.3941664884852034e-05,-0.0006758104119574532
FJI,maize,0.0,0.0,1.2887331933346655e-06,2.197774057738276e-06,-0.00012887331933346654
FJI,potato,0.0,0.0,3.658769479730816e-08,5.901470407415977e-08,-3.658769479730816e-06
FJI,rice,0.0,0.0,1.1962237446070222e-05,1.5121767138831264e-05,-0.0011962237446070223
FJI,sorghum,0.0,0.0,4.003793867332796e-07,1.7192048547869448e-07,-4.003793867332796e-05
FJI,sugarcane,0.0,0.0,0.0008660947359643752,0.0014220409591200662,-0.08660947359643753
FJI,sweet_potato,0.0,0.0,0.00010388047553753227,0.0001502175686768234,-0.010388047553753227
FJI,yam,0.0,0.0,5.512959078684734e-05,2.6425169745302977e-05,-0.005512959078684734
FRA,banana_plantain,0.0,0.0,0.0012620483935617593,0.0008083441074242697,-0.12620483935617594
FRA,barley,0.06666666666666667,0.0012370223105809587,0.07590358316823759,0.03810074883248965,-7.466656085765663
FRA,beans,0.0,0.0,,,
FRA,lentil,0.0,0.0,,,
FRA,maize,5.291666666666667,0.011752698890301975,0.011333972053636236,0.0076462892858594434,0.041872683666573964
FRA,millet,0.0,0.0,,,
FRA,oat_rye,0.08333333333333333,0.005552030456852791,0.04032207995142894,0.024861014532063547,-3.4770049494576147
FRA,potato,0.10833333333333334,0.002157625189681335,0.02275839090923203,0.012350597268640157,-2.0600765719550695
FRA,pulses,0.0,0.0,0.036934112615690455,0.02424068380744662,-3.6934112615690453
FRA,rapeseed_canola,0.08333333333333333,0.002347890252901321,0.05112084265973567,0.032985874624160916,-4.877295240683434
FRA,rice,0.08333333333333333,0.0002140594228957959,9.22273672744004e-05,8.088217336182856e-05,0.01218320556213955
FRA,sorghum,0.0,0.0,0.005987908227796258,0.0017426842810894635,-0.5987908227796258
FRA,soybean,1.0833333333333333,0.008193621580738686,0.0011587941540567902,0.0013130215950484243,0.7034827426681896
FRA,sugarbeet,0.06666666666666667,0.008097165991902834,0.12744304269789083,0.09611012466980226,-11.9345876705988
FRA,sunflower,2.066666666666667,0.09582689335394128,0.029197067559930193,0.025057795282819685,6.662982579401108
FRA,wheat,5.58452380952381,0.009873897842729077,0.04597997703571404,0.02328766552921448,-3.610607919298496
FRO,potato,0.0,0.0,4.0820299225587935e-06,5.972288052304968e-06,-0.00040820299225587933
FSM,banana_plantain,0.0,0.0,1.3934819715522147e-05,8.071949586119282e-05,-0.0013934819715522148
FSM,cassava,0.0,0.0,2.7642122229313995e-05,2.691156825755245e-05,-0.0027642122229313993
FSM,coffee_cocoa,0.0,0.0,1.908339757567815e-06,3.433312111313095e-06,-0.0001908339757567815
FSM,maize,0.0,0.0,7.852115318190363e-08,3.1012147547940284e-07,-7.852115318190363e-06
FSM,rice,0.0,0.0,2.3538842935319904e-07,5.960635425973228e-07,-2.3538842935319903e-05
FSM,sorghum,0.0,0.0,2.954486303525964e-07,1.7192048547869448e-07,-2.9544863035259638e-05
FSM,sweet_potato,0.0,0.0,3.425148865221246e-05,7.763160586419992e-05,-0.003425148865221246
GAB,banana_plantain,0.0,0.0,0.0021857156517487257,0.004457695990777392,-0.21857156517487258
GAB,cassava,0.0,0.0,0.0009558632616710711,0.0018967520831153514,-0.09558632616710712
GAB,coffee_cocoa,0.0,0.0,1.2399226131140603e-05,8.51259444069688e-05,-0.0012399226131140602
GAB,groundnut,0.0,0.0,0.0006074353593950217,0.0010194533283144208,-0.06074353593950217
GAB,maize,0.0,0.0,3.977552975368675e-05,0.00014655682795549453,-0.003977552975368675
GAB,oilpalm,0.0,0.0,0.0009150183971027275,0.0014849067650134584,-0.09150183971027276
GAB,rice,0.0,0.0,2.275777850488023e-06,3.828187690926071e-06,-0.0002275777850488023
GAB,soybean,0.0,0.0,1.135300322096738e-05,3.633273003605484e-05,-0.001135300322096738
GAB,sugarcane,0.0,0.0,0.0001393782423994856,0.00016056675043290498,-0.01393782423994856
GAB,sweet_potato,0.0,0.0,4.129143033261696e-05,0.0002589731140167799,-0.004129143033261696
GAB,yam,0.0,0.0,0.002781150944213331,0.003836019129326029,-0.2781150944213331
GBR,barley,3.25,0.06030483764082174,0.048876631719996316,0.024387539392371118,1.1428205920825427
GBR,oat_rye,0.08333333333333333,0.005552030456852791,0.023884952537011207,0.013548490738843684,-1.8332922080158416
GBR,potato,0.041666666666666664,0.0008298558421851288,0.014026798340613775,0.008141491529958859,-1.3196942498428648
GBR,pulses,1.0,0.07329842931937172,0.036883966578064975,0.022351434309566955,3.641446274130675
GBR,rapeseed_canola,1.0833333333333333,0.030522573287717174,0.0186173694254955,0.01181174854367356,1.1905203862221672
GBR,sugarbeet,0.0,0.0,0.025707704141186748,0.02272877212362858,-2.570770414118675
GBR,wheat,13.375,0.023648101100631248,0.017874961077089205,0.007893438542744581,0.5773140023542043
GEO,barley,0.0,0.0,0.00036108583710377874,0.0005306813940480622,-0.036108583710377874
GEO,beans,0.0,0.0,0.0001247960098181406,8.446992433385877e-05,-0.01247960098181406
GEO,groundnut,0.5,0.023734177215189875,4.174076770531923e-06,7.68679095658742e-06,2.373000313841934
GEO,maize,0.0,0.0,0.00018065065308207496,0.0003747384259972977,-0.018065065308207496
GEO,oat_rye,0.0,0.0,6.314606520134219e-05,0.00012332854590091922,-0.006314606520134219
GEO,potato,0.0,0.0,0.000578085577797469,0.000990266734364401,-0.0578085577797469
GEO,pulses,0.0,0.0,4.131972284423828e-06,8.213261508139944e-06,-0.00041319722844238276
GEO,soybean,0.0,0.0,7.917617048787482e-06,7.787698811689211e-06,-0.0007917617048787481
GEO,sugarbeet,0.0,0.0,0.0,0.0,0.0
GEO,sunflower,0.0,0.0,4.608099575687624e-05,0.00010517512760581038,-0.0046080995756876235
GEO,wheat,0.0,0.0,0.00015623679113286796,0.00021990842817330516,-0.015623679113286796
GHA,banana_plantain,0.0,0.0,0.027055099007838496,0.03358187123846657,-2.7055099007838495
GHA,beans,0.0,0.0,0.01154768402258521,0.006100742819715641,-1.154768402258521
GHA,cassava,0.0,0.0,0.07499805530226598,0.03396077312406456,-7.499805530226598
GHA,coffee_cocoa,0.0,0.0,0.05165501687199283,0.06626602887620811,-5.165501687199283
GHA,cotton,0.0,0.0,0.0003315090926191705,0.00045708549526392696,-0.03315090926191705
GHA,groundnut,0.0,0.0,0.01036625480559629,0.010654764433474687,-1.0366254805596289
GHA,maize,7.083333333333333,0.015731959144498705,0.002556201879039955,0.005909260011867978,1.317575726545875
GHA,millet,1.0,0.044543429844097995,0.006729521417463122,0.004462946936430615,3.7813908426634875
GHA,oat_rye,0.0,0.0,7.591578468853016e-07,2.5082999073867273e-06,-7.591578468853016e-05
GHA,oilpalm,0.0,0.0,0.006891718450338316,0.014146195349026116,-0.6891718450338316
GHA,rice,1.0,0.002568713074749551,0.0013184881349310668,0.0018465805258423185,0.12502249398184842
GHA,sorghum,0.0,0.0,0.005914182120467596,0.00736722505998269,-0.5914182120467596
GHA,soybean,0.0,0.0,0.0005947827035864139,0.0009220635393040026,-0.059478270358641394
GHA,sugarcane,0.0,0.0,8.074829220090999e-05,0.0002401884494799911,-0.008074829220090998
GHA,sweet_potato,0.0,0.0,0.001564480398628975,0.01075983380748667,-0.1564480398628975
GHA,yam,0.0,0.0,0.11256353540857919,0.05423832673328306,-11.25635354085792
GIN,banana_plantain,0.0,0.0,0.004766029728095258,0.012351691675099778,-0.47660297280952585
GIN,cassava,0.0,0.0,0.007771310305387931,0.009228113683259294,-0.7771310305387931
GIN,coffee_cocoa,0.0,0.0,0.01649426174125567,0.0270246262557865,-1.6494261741255671
GIN,cotton,0.0,0.0,0.0005835554823647621,0.0014066349031252089,-0.05835554823647621
GIN,groundnut,0.0,0.0,0.015921902496784518,0.024926421106217476,-1.5921902496784517
GIN,maize,0.5,0.0011104912337293205,0.0006929168063548985,0.0027888017707916298,0.04175744273744221
GIN,millet,0.0,0.0,0.0070096964121487805,0.0054183887078406824,-0.700969641214878
GIN,oilpalm,0.0,0.0,0.002227066047345485,0.01201841147534241,-0.2227066047345485
GIN,potato,0.0,0.0,0.0007673448074236089,0.0013571021348893779,-0.07673448074236089
GIN,rice,0.0,0.0,0.003412498272487742,0.011323286524994518,-0.3412498272487742
GIN,sorghum,0.0,0.0,0.0010684301081985426,0.0010555770447975717,-0.10684301081985426
GIN,sugarcane,0.0,0.0,0.0001656210059377475,0.00022376062734399854,-0.016562100593774748
GIN,sweet_potato,0.0,0.0,0.003540233722209005,0.008535116551338073,-0.3540233722209005
GIN,yam,0.0,0.0,0.003283069309995536,0.0032898295971888615,-0.3283069309995536
GLP,banana_plantain,0.0,0.0,,,
GLP,cassava,0.0,0.0,,,
GLP,coffee_cocoa,0.0,0.0,,,
GLP,cotton,0.0,0.0,,,
GLP,potato,0.0,0.0,,,
GLP,sugarcane,0.0,0.0,,,
GLP,sweet_potato,0.0,0.0,,,
GLP,yam,0.0,0.0,,,
GMB,beans,0.0,0.0,7.87213229932831e-05,0.00010348784047114053,-0.00787213229932831
GMB,cassava,0.0,0.0,3.862486166902915e-05,9.23801461248125e-05,-0.003862486166902915
GMB,cotton,0.0,0.0,7.078930666673441e-06,4.845715697124645e-05,-0.0007078930666673441
GMB,groundnut,0.0,0.0,0.0007077349157685859,0.0015514430479051683,-0.07077349157685858
GMB,maize,0.0,0.0,1.7149631730580585e-05,0.00014876058506420667,-0.0017149631730580585
GMB,millet,0.0,0.0,0.001283497921677667,0.002041913496155397,-0.12834979216776668
GMB,oilpalm,0.0,0.0,8.917073963794517e-05,0.0001292170185921084,-0.008917073963794517
GMB,rice,0.0,0.0,4.756797057260937e-05,0.00031695739700423107,-0.004756797057260937
GMB,sorghum,0.0,0.0,0.00012777437208752498,0.00024859210998832136,-0.012777437208752497
GNB,banana_plantain,0.0,0.0,0.0003907791684208254,0.0015356075579320394,-0.03907791684208254
GNB,beans,0.0,0.0,1.7089305592809055e-05,8.770658441530517e-05,-0.0017089305592809054
GNB,cassava,0.0,0.0,0.00016587474533288413,0.0001561173779911586,-0.016587474533288415
GNB,cotton,0.0,0.0,7.345195042052068e-05,0.00015204491914459268,-0.007345195042052068
GNB,groundnut,0.0,0.0,0.002176428504693842,0.0031832491846680716,-0.2176428504693842
GNB,maize,0.0,0.0,1.1690985030154203e-05,7.62370326843305e-05,-0.0011690985030154203
GNB,millet,1.0,0.044543429844097995,0.0007537018492451007,0.0008322630524984993,4.37897279948529
GNB,oilpalm,0.0,0.0,0.00020507514825333418,0.0003509946848262122,-0.020507514825333417
GNB,rice,0.0,0.0,0.0002586187087379658,0.0007464394262887429,-0.02586187087379658
GNB,sorghum,0.0,0.0,0.0003840221342832507,0.0005548414387923261,-0.03840221342832507
GNB,sugarcane,0.0,0.0,3.6130587144275303e-06,9.871904228017748e-06,-0.00036130587144275305
GNB,sweet_potato,0.0,0.0,0.0003493647452111272,0.0008382074519431291,-0.03493647452111272
GNQ,banana_plantain,0.0,0.0,0.0004310361865786068,0.001198972621562379,-0.04310361865786068
GNQ,cassava,0.0,0.0,0.0002413448398991319,0.0007899282586831576,-0.02413448398991319
GNQ,coffee_cocoa,0.0,0.0,0.0003038394302571062,0.0008446789291896711,-0.030383943025710618
GNQ,oilpalm,0.0,0.0,0.00010513843161398238,0.00014937728683845716,-0.010513843161398239
GNQ,sweet_potato,0.0,0.0,0.0011218849182795241,0.0025639270634746827,-0.11218849182795242
GRC,banana_plantain,0.0,0.0,2.0196284631839014e-05,8.208205802439782e-06,-0.0020196284631839013
GRC,barley,0.0,0.0,0.0023282049036833664,0.002578750399801531,-0.23282049036833663
GRC,beans,0.0,0.0,,,
GRC,chickpea,0.0,0.0,,,
GRC,cotton,3.0,0.05211349160393747,0.01142146546030465,0.008333284120461677,4.069202614363282
GRC,groundnut,0.0,0.0,,,
GRC,lentil,0.0,0.0,,,
GRC,maize,0.0,0.0,0.0010935500601581738,0.0005908960859319284,-0.10935500601581738
GRC,millet,0.0,0.0,,,
GRC,oat_rye,0.0,0.0,0.0025701237588121213,0.0053455291435375776,-0.2570123758812121
GRC,potato,0.0,0.0,0.0011623587804503652,0.0008743618555627511,-0.11623587804503652
GRC,pulses,0.0,0.0,0.0018417828508955514,0.0019319106134801987,-0.18417828508955514
GRC,rapeseed_canola,0.0,0.0,0.00017475598585919836,0.00015410544319554445,-0.017475598585919835
GRC,rice,1.0,0.002568713074749551,0.0003083357519588071,0.00019459649981488515,0.2260377322790744
GRC,sorghum,0.0,0.0,0.00012732865392636592,5.786352339825774e-05,-0.012732865392636593
GRC,soybean,0.0,0.0,5.649785308384782e-06,7.367163075857994e-06,-0.0005649785308384782
GRC,sugarbeet,0.0,0.0,0.00019828348399489874,0.00023776214359593552,-0.019828348399489874
GRC,sunflower,0.0,0.0,0.004582197596621057,0.003323104746108482,-0.4582197596621057
GRC,sweet_potato,0.0,0.0,,,
GRC,wheat,3.0,0.0053042469758425225,0.0014280478140547954,0.0017858189215840242,0.3876199161787727
GRD,banana_plantain,0.0,0.0,3.534764883949464e-05,0.00010918555358405398,-0.0035347648839494637
GRD,beans,0.0,0.0,3.3953354387896362e-06,2.038649135365245e-06,-0.0003395335438789636
GRD,cassava,0.0,0.0,4.70600460002792e-08,5.9247581780325845e-08,-4.70600460002792e-06
GRD,coffee_cocoa,0.0,0.0,3.776821170734061e-05,4.399351891653152e-05,-0.003776821170734061
GRD,cotton,0.0,0.0,6.920951273379502e-07,4.771972570555397e-06,-6.920951273379502e-05
GRD,maize,0.0,0.0,3.3448277896701064e-07,1.927539588751401e-06,-3.344827789670106e-05
GRD,sugarcane,0.0,0.0,2.7035358871943944e-06,4.4187799356535525e-06,-0.00027035358871943944
GRD,sweet_potato,0.0,0.0,1.2839766909685774e-05,5.733934576546874e-05,-0.0012839766909685775
GRD,yam,0.0,0.0,3.9233520720594645e-06,2.6009025339865136e-06,-0.00039233520720594647
GTM,banana_plantain,0.0,0.0,0.02666116040760026,0.007343323573448307,-2.6661160407600257
GTM,barley,0.0,0.0,1.2154136074505984e-07,1.6417057820512364e-07,-1.2154136074505985e-05
GTM,beans,0.0,0.0,0.0042263988666723165,0.0039045044817650407,-0.4226398866672316
GTM,cassava,0.0,0.0,1.0328541547561279e-05,0.00010482213829868093,-0.001032854154756128
GTM,coffee_cocoa,0.0,0.0,0.014901237093071675,0.013290258618105677,-1.4901237093071675
GTM,cotton,0.0,0.0,3.480153164356062e-05,2.8576985163900713e-05,-0.003480153164356062
GTM,groundnut,0.0,0.0,0.00019136454587375244,7.49152954363431e-05,-0.019136454587375243
GTM,maize,1.0,0.002220982467458641,0.0017224902836031448,0.004958370729063877,0.04984921838554963
GTM,oilpalm,0.0,0.0,0.008873170201039289,0.007181175842495034,-0.8873170201039289
GTM,potato,0.0,0.0,0.0015998502223914899,0.0013615636465173844,-0.15998502223914898
GTM,pulses,0.0,0.0,0.001383487041131672,0.0021278726538321783,-0.1383487041131672
GTM,rice,0.0,0.0,3.3899796048483366e-05,5.329781235787571e-05,-0.0033899796048483368
GTM,sorghum,0.0,0.0,0.0008698427129116293,0.0008106984172955901,-0.08698427129116293
GTM,soybean,0.0,0.0,0.0001148054472074185,0.00012304564122468954,-0.01148054472074185
GTM,sugarcane,0.0,0.0,0.014276787167032543,0.009745379575677759,-1.4276787167032543
GTM,sweet_potato,0.0,0.0,3.7482679985324746e-05,7.34634659520281e-05,-0.0037482679985324746
GTM,wheat,0.0,0.0,4.938772486789647e-07,6.083948537624186e-07,-4.938772486789647e-05
GUF,banana_plantain,0.0,0.0,,,
GUF,cassava,0.0,0.0,,,
GUF,maize,0.0,0.0,,,
GUF,rice,0.0,0.0,,,
GUF,soybean,0.0,0.0,,,
GUF,sugarcane,0.0,0.0,,,
GUY,banana_plantain,0.0,0.0,0.000792124788660698,0.0003173784855571366,-0.0792124788660698
GUY,beans,0.0,0.0,3.8444450791226696e-06,1.8112301083125487e-06,-0.00038444450791226694
GUY,cassava,0.0,0.0,0.00021713878415753827,5.492250831036206e-05,-0.021713878415753826
GUY,coffee_cocoa,0.0,0.0,6.478038183536385e-05,7.888202875355136e-05,-0.006478038183536385
GUY,groundnut,0.0,0.0,8.912923962972244e-06,9.437634959400304e-07,-0.0008912923962972244
GUY,maize,0.0,0.0,3.4667175797749946e-06,1.4619585054673712e-05,-0.00034667175797749945
GUY,pulses,0.0,0.0,5.86707619952853e-05,9.02262659850519e-05,-0.0058670761995285306
GUY,rice,0.0,0.0,0.0012583542580486913,0.0010221881527439395,-0.12583542580486912
GUY,soybean,0.0,0.0,0.0,0.0,0.0
GUY,sugarcane,0.0,0.0,0.0005312054648248066,0.0006707951317464848,-0.05312054648248066
GUY,sweet_potato,0.0,0.0,0.00021055621816250657,3.0877141717799045e-05,-0.021055621816250657
GUY,yam,0.0,0.0,1.9097976200297302e-05,4.53597401927248e-06,-0.0019097976200297302
HKG,rice,0.0,0.0,0.0,0.0,0.0
HKG,sweet_potato,0.0,0.0,6.662453850384054e-07,6.855493276598367e-07,-6.662453850384054e-05
HND,banana_plantain,0.0,0.0,0.003889254910377162,0.0016882473530342094,-0.38892549103771623
HND,beans,0.0,0.0,0.003374102957669202,0.0032643117985035903,-0.3374102957669202
HND,cassava,0.0,0.0,8.103712090038079e-05,9.759393332148117e-05,-0.008103712090038078
HND,coffee_cocoa,0.25,0.0096961861667744,0.025179824314195322,0.015519967629925578,-1.5483638147420922
HND,cotton,0.0,0.0,4.437985447792812e-05,6.0792370870102285e-05,-0.004437985447792812
HND,groundnut,0.0,0.0,1.527409746172652e-06,4.894552751357951e-06,-0.0001527409746172652
HND,maize,1.0,0.002220982467458641,0.0005751641606091785,0.0017980294701956502,0.16458183068494625
HND,oilpalm,0.0,0.0,0.005824195274750109,0.007409266468639856,-0.5824195274750109
HND,potato,0.0,0.0,7.256385855933944e-05,0.00010790248492919372,-0.007256385855933944
HND,rice,0.0,0.0,7.422945075332351e-05,9.044351916757337e-05,-0.007422945075332351
HND,sorghum,0.0,0.0,0.0003257876006644757,0.00042606317114104227,-0.03257876006644757
HND,soybean,0.0,0.0,6.196830436607757e-06,8.532202818086699e-06,-0.0006196830436607756
HND,sugarcane,0.0,0.0,0.0027480983796263165,0.0025401596032510595,-0.27480983796263164
HND,sweet_potato,0.0,0.0,0.000238190583993004,0.00048408009124716386,-0.0238190583993004
HND,wheat,0.0,0.0,1.641704476965327e-06,1.0929873556438958e-05,-0.0001641704476965327
HRV,banana_plantain,0.0,0.0,0.0,0.0,0.0
HRV,barley,0.0,0.0,0.001935420086876254,0.0011924119521483643,-0.1935420086876254
HRV,beans,0.0,0.0,,,
HRV,lentil,0.0,0.0,,,
HRV,maize,3.090909090909091,0.006864854899417617,0.001865130458453535,0.0013318969490468617,0.4999724440964082
HRV,millet,0.0,0.0,,,
HRV,oat_rye,0.0,0.0,0.0021748762045400638,0.0017805508933481143,-0.21748762045400638
HRV,potato,0.0,0.0,0.00040941630478187835,0.0005210998369748307,-0.040941630478187836
HRV,pulses,0.0,0.0,0.0002097665378595864,0.00023344002975805517,-0.02097665378595864
HRV,rapeseed_canola,0.0,0.0,0.0013313873124882857,0.0010404435816172104,-0.13313873124882858
HRV,rice,0.0,0.0,0.0,0.0,0.0
HRV,sorghum,0.0,0.0,,,
HRV,soybean,0.0,0.0,0.0006662787855369649,0.0006518926921288805,-0.06662787855369649
HRV,sugarbeet,0.0,0.0,0.002653320048515764,0.0024473946257622748,-0.26533200485157643
HRV,sunflower,0.0,0.0,0.0022839822574335592,0.0014609326058388041,-0.22839822574335591
HRV,wheat,0.0,0.0,0.0011358165897643031,0.0006819469296338175,-0.11358165897643031
HTI,banana_plantain,0.0,0.0,0.003059781712463608,0.007682371722323885,-0.30597817124636084
HTI,beans,0.0,0.0,0.0030747835239990236,0.0063196214500916975,-0.30747835239990234
HTI,cassava,0.0,0.0,0.0020230791376253275,0.004706608147435158,-0.20230791376253274
HTI,coffee_cocoa,0.0,0.0,0.0004414554681159169,0.0006041451218617949,-0.04414554681159169
HTI,cotton,0.0,0.0,1.2433987424490839e-05,5.883604495037268e-05,-0.001243398742449084
HTI,groundnut,0.0,0.0,0.00025927721329544026,0.001300955198655154,-0.025927721329544025
HTI,maize,0.0,0.0,0.00016376115170516919,0.001314332705737877,-0.01637611517051692
HTI,potato,0.0,0.0,9.425026229427046e-05,0.00016288058324468094,-0.009425026229427046
HTI,rice,0.0,0.0,0.00020839326047242113,0.00046417657683230415,-0.020839326047242115
HTI,sorghum,0.0,0.0,0.00023270058101628225,0.0006276915165104553,-0.023270058101628226
HTI,sugarcane,0.0,0.0,0.000795539619862159,0.0008582852573467109,-0.07955396198621591
HTI,sweet_potato,0.0,0.0,0.001154604305971012,0.005622299724030747,-0.1154604305971012
HTI,yam,0.0,0.0,0.000596291635774761,0.0015281238712083003,-0.059629163577476094
HUN,banana_plantain,0.0,0.0,0.0,0.0,0.0
HUN,barley,0.0,0.0,0.009657719300601806,0.005550319950603372,-0.9657719300601806
HUN,beans,0.0,0.0,,,
HUN,chickpea,0.0,0.0,,,
HUN,groundnut,0.0,0.0,,,
HUN,lentil,0.0,0.0,,,
HUN,maize,4.840909090909091,0.010751574217470238,0.005844176895755577,0.00480527741791942,0.4907397321714661
HUN,millet,0.0,0.0,,,
HUN,oat_rye,0.0,0.0,0.008447167665126772,0.006828162416067441,-0.8447167665126771
HUN,potato,0.0,0.0,0.0007426548767784201,0.0006377128922253704,-0.07426548767784201
HUN,pulses,0.0,0.0,0.0015847780314070794,0.0013601719240300687,-0.15847780314070795
HUN,rapeseed_canola,0.25,0.0070436707587039635,0.010504122096648624,0.007654976507166145,-0.34604513379446605
HUN,rice,0.0,0.0,1.4460033501594269e-05,1.6568133571786808e-05,-0.0014460033501594268
HUN,sorghum,0.0,0.0,0.0014289179909977513,0.00048746825654016115,-0.14289179909977515
HUN,soybean,0.0,0.0,0.00045674470578155335,0.00047881887373789946,-0.04567447057815534
HUN,sugarbeet,0.0,0.0,0.0027820498493486344,0.002866033764579791,-0.27820498493486345
HUN,sunflower,3.75,0.17387944358578053,0.030766497086385354,0.022379550009575946,14.311294649939517
HUN,wheat,7.25,0.012818596858286097,0.006583942268827048,0.004477758427415812,0.6234654589459049
IDN,banana_plantain,0.0,0.0,0.048284143317333016,0.011068026786067827,-4.828414331733302
IDN,beans,0.0,0.0,0.005188154915837044,0.0034613663243906975,-0.5188154915837043
IDN,cassava,0.0,0.0,0.053289596205024485,0.02178629036499894,-5.328959620502449
IDN,coffee_cocoa,2.0,0.0775694893341952,0.08939027143992245,0.11627071349594431,-1.1820782105727248
IDN,cotton,0.0,0.0,2.632661485650603e-06,5.1187480996289635e-05,-0.00026326614856506033
IDN,groundnut,0.0,0.0,0.013852788591599524,0.010828644721709432,-1.3852788591599525
IDN,maize,4.791666666666666,0.010642207656572653,0.01410280402408321,0.014138542770498018,-0.34605963675105567
IDN,oilpalm,0.0,0.0,0.579522195582786,0.4851708350964371,-57.95221955827859
IDN,potato,1.0,0.019916540212443094,0.0036303840197337124,0.004143316146579423,1.6286156192709382
IDN,rice,26.958333333333332,0.06924822330678997,0.07186477205254845,0.06517476649365816,-0.2616548745758479
IDN,soybean,0.125,0.0009454178747006176,0.0012368357865759811,0.0023412065485195533,-0.02914179118753635
IDN,sugarcane,0.0,0.0,0.01594199725221089,0.01689574887530595,-1.594199725221089
IDN,sweet_potato,0.0,0.0,0.01862111499216085,0.010914795377510897,-1.8621114992160852
IND,banana_plantain,4.0,0.32432432432432434,0.19147334910355657,0.07443201021652394,13.285097522076777
IND,barley,0.375,0.006958250497017893,0.010777666301540615,0.011786462491658647,-0.3819415804522722
IND,beans,0.25,0.018867924528301886,0.1974750415054304,0.24687953716610947,-17.86071169771285
IND,cassava,0.1,0.01886792452830189,0.018431851350109354,0.005687767850911281,0.043607317819253574
IND,chickpea,3.333333333333333,0.4301075268817204,0.7241844661820176,0.7066692248933791,-29.407693930029723
IND,coffee_cocoa,5.2,0.20168067226890757,0.0211990493318712,0.022219933160481774,18.048162293703637
IND,cotton,10.166666666666666,0.17660683265778807,0.22140560342761975,0.3954684873101091,-4.479877076983168
IND,groundnut,7.566666666666666,0.3591772151898734,0.1774372603178833,0.17107459000944852,18.17399548719901
IND,lentil,1.0,0.75,0.20740295836362338,0.265865737474686,54.25970416363766
IND,maize,14.025,0.03114927910610744,0.026722450284529044,0.048308591489684354,0.44268288215783963
IND,millet,4.283333333333333,0.19079435783221974,0.39264655875397075,0.2831499969190828,-20.1852200921751
IND,potato,5.725,0.1140221927162367,0.1401459365950774,0.12794387843277838,-2.6123743878840697
IND,pulses,3.65,0.2675392670157068,0.04638293204386618,0.06835251655960642,22.115633497184064
IND,rapeseed_canola,4.483333333333333,0.1263164956060911,0.12764600936999282,0.18355480246311523,-0.1329513763901724
IND,rice,114.25833333333334,0.29349687473242575,0.238925215064264,0.27333015240577196,5.4571659668161745
IND,sorghum,5.516666666666667,0.2357549857549858,0.07201081884667786,0.10532485046221095,16.374416690830795
IND,soybean,3.975,0.030064288415479642,0.03680296034268611,0.09574649695899629,-0.673867192720647
IND,sugarcane,20.066666666666666,0.2528880487292586,0.20914279328989932,0.1857824687001361,4.374525543935926
IND,sunflower,1.125,0.052163833075734155,0.004637670902689706,0.009686836740842112,4.752616217304445
IND,sweet_potato,0.0,0.0,0.013395154331151068,0.01541114888579313,-1.3395154331151067
IND,wheat,77.99285714285715,0.1378977922124393,0.1370194662509818,0.1402447813454284,0.08783259614575101
IND,yam,5.5,1.0,0.010229009695006964,0.0036331487316750813,98.9770990304993
IRL,banana_plantain,0.0,0.0,0.0,0.0,0.0
IRL,barley,0.0,0.0,0.009327355465068063,0.003824887173667522,-0.9327355465068063
IRL,maize,0.0,0.0,0.0,0.0,0.0
IRL,oat_rye,0.0,0.0,0.0037276511785656265,0.001409094479790571,-0.37276511785656263
IRL,potato,0.0,0.0,0.0009313612932388896,0.0005100050726088887,-0.09313612932388896
IRL,pulses,0.0,0.0,0.002395684861615247,0.001015693383106141,-0.2395684861615247
IRL,rapeseed_canola,0.0,0.0,0.0006513608509619241,0.0003120294283463767,-0.06513608509619241
IRL,rice,0.0,0.0,0.0,0.0,0.0
IRL,sorghum,0.0,0.0,0.0,0.0,0.0
IRL,soybean,0.0,0.0,0.0,0.0,0.0
IRL,sugarbeet,0.0,0.0,0.0,0.0,0.0
IRL,sunflower,0.0,0.0,0.0,7.154770585429278e-07,0.0
IRL,wheat,1.0,0.001768082325280841,0.0007192594464781009,0.0002751255696050658,0.104882287880274
IRN,banana_plantain,0.0,0.0,0.0008024250005560902,0.00034648478333258807,-0.08024250005560901
IRN,barley,5.416666666666667,0.1005080627347029,0.021317662868545865,0.029542713074028126,7.919039986615704
IRN,beans,0.0,0.0,0.0037979154588436877,0.0015913524586390812,-0.37979154588436875
IRN,chickpea,1.25,0.16129032258064516,0.011466256280295704,0.03139078028154917,14.982406630034944
IRN,cotton,1.3333333333333333,0.023161551823972205,0.001664070094583325,0.001507918954402425,2.1497481729388883
IRN,groundnut,0.0,0.0,0.00023245827463212184,8.133939592250041e-05,-0.023245827463212184
IRN,lentil,0.3333333333333333,0.25,0.012145813724965867,0.024763359501770194,23.785418627503415
IRN,maize,3.083333333333333,0.006848029274664142,0.0004472638968995911,0.0003909225788816408,0.6400765377764551
IRN,millet,0.0,0.0,0.00040148180375269697,0.00022789190124172456,-0.040148180375269696
IRN,oat_rye,0.0,0.0,8.66383575569929e-06,2.792193851450043e-05,-0.0008663835755699289
IRN,potato,1.0,0.019916540212443094,0.00883013753757218,0.0061959537807460335,1.1086402674870914
IRN,pulses,0.3333333333333333,0.024432809773123905,0.000922690459184195,0.0008028064422191836,2.351011931393971
IRN,rapeseed_canola,3.0,0.08452404910444757,0.0039664225388374025,0.004077771858512445,8.055762656561017
IRN,rice,9.75,0.02504495247880812,0.00485405152533378,0.004636766133302481,2.0190900953474338
IRN,soybean,1.8333333333333333,0.013866128828942392,0.0005316114304185881,0.0006027678880247449,1.3334517398523804
IRN,sugarbeet,1.0,0.12145748987854252,0.02082912779320672,0.021116611465481636,10.062836208533579
IRN,sugarcane,0.0,0.0,0.004393395719552397,0.003476035898297491,-0.4393395719552397
IRN,sunflower,0.0,0.0,0.0011520248939219059,0.0022036693403122173,-0.11520248939219059
IRN,wheat,21.166666666666668,0.03742440921844447,0.016839723865505096,0.02553222801867316,2.0584685352939376
IRQ,barley,1.5,0.027833001988071572,0.0051177705676869875,0.009929126863663892,2.2715231420384585
IRQ,beans,0.0,0.0,0.0001421133801188923,1.900167192106371e-05,-0.014211338011889231
IRQ,chickpea,0.0,0.0,3.3298433255174967e-06,3.2158043229488925e-06,-0.0003329843325517497
IRQ,cotton,0.0,0.0,2.3165695628809504e-07,2.864402436987276e-07,-2.3165695628809505e-05
IRQ,groundnut,0.0,0.0,0.00010535955857000971,5.214781468601051e-05,-0.010535955857000972
IRQ,lentil,0.0,0.0,8.030087705840968e-07,8.244073129725214e-07,-8.030087705840968e-05
IRQ,maize,0.0,0.0,0.0003445591402843846,0.0004008664096002279,-0.034455914028438464
IRQ,millet,0.0,0.0,7.72360321592272e-05,5.899053001364935e-05,-0.007723603215922721
IRQ,oat_rye,0.0,0.0,0.006672674696424192,0.004414208789288101,-0.6672674696424191
IRQ,potato,0.0,0.0,0.0010596953230121242,0.0008974838166190068,-0.10596953230121242
IRQ,pulses,0.0,0.0,0.00011786104306196216,5.70143881390297e-05,-0.011786104306196216
IRQ,rice,0.0,0.0,0.00038600471815677245,0.0004071649236671843,-0.038600471815677245
IRQ,sorghum,0.0,0.0,4.289536742082263e-05,5.571206132283865e-05,-0.004289536742082263
IRQ,soybean,0.0,0.0,9.69116326771588e-08,3.239682705662712e-07,-9.69116326771588e-06
IRQ,sugarbeet,0.0,0.0,0.00012461401636891626,0.0013209353633835499,-0.012461401636891625
IRQ,sugarcane,0.0,0.0,0.0,0.0,0.0
IRQ,sunflower,0.0,0.0,1.7079698104726066e-05,1.4624351076617443e-05,-0.0017079698104726065
IRQ,wheat,3.5,0.006188288138482943,0.0051210200599579,0.0064948855642054,0.1067268078525043
ISL,barley,0.0,0.0,4.683818004727882e-05,4.3505203224357763e-05,-0.0046838180047278815
ISL,potato,0.0,0.0,1.8914762101537814e-05,2.9507352037079884e-05,-0.0018914762101537813
ISR,banana_plantain,0.0,0.0,0.0009345080616493919,0.00025624376874056515,-0.09345080616493918
ISR,barley,0.0,0.0,6.717384786778889e-05,0.00011599882629528524,-0.006717384786778889
ISR,chickpea,0.0,0.0,0.0006490440479001171,0.00022482666744790518,-0.06490440479001171
ISR,cotton,0.0,0.0,0.0003135117435668575,0.00020703535146147817,-0.031351174356685746
ISR,groundnut,0.0,0.0,0.0002848397554513287,8.54138507394553e-05,-0.02848397554513287
ISR,lentil,0.0,0.0,3.860619089346619e-06,2.1134805659841e-05,-0.00038606190893466185
ISR,maize,0.0,0.0,5.989031956467685e-05,1.731096081775702e-05,-0.005989031956467685
ISR,oat_rye,0.0,0.0,5.026371889329825e-06,5.1306134469273966e-05,-0.0005026371889329825
ISR,potato,0.0,0.0,0.0013735967602539533,0.0008492451975087887,-0.13735967602539534
ISR,pulses,0.0,0.0,0.00032611758833384335,0.001773546173138782,-0.03261175883338434
ISR,sorghum,0.0,0.0,0.00043424555080168626,3.42858568183225e-05,-0.043424555080168625
ISR,sugarbeet,0.0,0.0,0.0,0.0,0.0
ISR,sunflower,0.0,0.0,6.507082545991152e-05,2.7660343083269588e-05,-0.006507082545991152
ISR,sweet_potato,0.0,0.0,0.00039493533684181026,0.00033224462615706325,-0.03949353368418103
ISR,wheat,1.0,0.001768082325280841,0.00014606144245488977,0.00027385154092799123,0.1622020882825951
ITA,banana_plantain,0.0,0.0,0.0,0.0,0.0
ITA,barley,1.3333333333333333,0.024740446211619173,0.007287847599774033,0.00536443781343062,1.745259861184514
ITA,beans,0.0,0.0,,,
ITA,chickpea,0.0,0.0,,,
ITA,cotton,0.0,0.0,,,
ITA,groundnut,0.0,0.0,,,
ITA,lentil,0.0,0.0,,,
ITA,maize,2.125,0.004719587743349612,0.005208488359869816,0.0029667656276593404,-0.04889006165202042
ITA,oat_rye,0.0,0.0,0.00624665188286586,0.0069127605311256664,-0.624665188286586
ITA,potato,0.041666666666666664,0.0008298558421851288,0.0036457431842743045,0.0027656650917314233,-0.28158873420891756
ITA,pulses,0.0,0.0,0.008975375536014433,0.008001550738197112,-0.8975375536014433
ITA,rapeseed_canola,0.0,0.0,0.0006137307221846078,0.0004474240159610108,-0.061373072218460785
ITA,rice,3.25,0.00834831749293604,0.0018551270370241726,0.0013502663924143436,0.6493190455911868
ITA,sorghum,0.0,0.0,0.0048490769462235,0.0010457677530975444,-0.48490769462234995
ITA,soybean,0.0,0.0,0.002885224896104152,0.0023114513088998514,-0.2885224896104152
ITA,sugarbeet,0.0,0.0,0.0061280798926420695,0.0064595752470409775,-0.612807989264207
ITA,sunflower,0.0,0.0,0.0051785377086457285,0.004099468902333413,-0.5178537708645728
ITA,sweet_potato,0.0,0.0,,,
ITA,wheat,9.125,0.016133751218187675,0.008932657103436801,0.008115867331996447,0.7201094114750873
JAM,banana_plantain,0.0,0.0,0.0006907202871372981,0.0009261646935124903,-0.06907202871372982
JAM,beans,0.0,0.0,1.2283203261362762e-05,8.63786197394796e-06,-0.0012283203261362762
JAM,cassava,0.0,0.0,8.025932713472617e-05,4.036076932168642e-05,-0.008025932713472617
JAM,coffee_cocoa,0.0,0.0,0.00042273419818144816,0.0003658076244874793,-0.042273419818144815
JAM,groundnut,0.0,0.0,3.913151934859969e-05,5.973046622235627e-05,-0.003913151934859969
JAM,maize,0.0,0.0,1.8722164291865948e-06,9.493107545221591e-06,-0.00018722164291865947
JAM,potato,0.0,0.0,4.4123554683842685e-05,6.281525101653566e-05,-0.004412355468384269
JAM,pulses,0.0,0.0,5.897143416798579e-05,0.00010244648274352224,-0.005897143416798579
JAM,rice,0.0,0.0,2.5886203905467723e-10,1.2164562093822915e-09,-2.588620390546772e-08
JAM,sugarcane,0.0,0.0,0.00034226360001015645,0.00048754125472484557,-0.03422636000101564
JAM,sweet_potato,0.0,0.0,0.0005631161972128188,0.00040263683112117524,-0.056311619721281875
JAM,yam,0.0,0.0,0.0021091211263413053,0.0010289378496653367,-0.21091211263413054
JOR,banana_plantain,0.0,0.0,0.0002269934312833606,6.484482583927428e-05,-0.02269934312833606
JOR,barley,0.0,0.0,0.0004033969117198734,0.0009469441036160634,-0.04033969117198734
JOR,chickpea,0.0,0.0,0.00025782000449258704,4.555256732246736e-05,-0.025782000449258706
JOR,groundnut,0.0,0.0,0.0,0.0,0.0
JOR,lentil,0.0,0.0,8.119036369659513e-05,3.852230535162508e-05,-0.008119036369659513
JOR,maize,0.0,0.0,0.0,0.0,0.0
JOR,millet,0.0,0.0,0.0,0.0,0.0
JOR,potato,0.0,0.0,0.00043523295886889365,0.0002479443776971748,-0.043523295886889364
JOR,sorghum,0.0,0.0,2.5521725529137388e-05,1.8518292292990806e-06,-0.002552172552913739
JOR,soybean,0.0,0.0,0.0,0.0,0.0
JOR,sunflower,0.0,0.0,0.0,0.0,0.0
JOR,wheat,0.0,0.0,2.984853612679906e-05,5.2393044530912016e-05,-0.002984853612679906
JPN,banana_plantain,0.0,0.0,1.0599788140891197e-07,4.268267017268687e-07,-1.0599788140891197e-05
JPN,barley,0.0,0.0,0.0014353657115145457,0.0012825826422275285,-0.14353657115145457
JPN,beans,0.0,0.0,0.0014621932483692142,0.0006388038027748069,-0.1462193248369214
JPN,groundnut,0.0,0.0,0.0002758547714664224,0.0002005334711028437,-0.02758547714664224
JPN,maize,0.0,0.0,1.4560733842691945e-07,3.131130009663424e-07,-1.4560733842691945e-05
JPN,millet,0.0,0.0,8.177902126689567e-06,9.26819223601282e-06,-0.0008177902126689567
JPN,oat_rye,0.0,0.0,6.098902352803261e-06,9.280709657330891e-06,-0.0006098902352803261
JPN,potato,0.0,0.0,0.0060918511837518095,0.004309253691495146,-0.609185118375181
JPN,pulses,0.0,0.0,6.141935661101355e-05,5.500094296349054e-05,-0.0061419356611013545
JPN,rapeseed_canola,0.0,0.0,4.622981194664746e-05,4.925919122321297e-05,-0.004622981194664746
JPN,rice,5.5,0.01412792191112253,0.013639285520567508,0.009297131517066976,0.048863639055502124
JPN,sorghum,0.0,0.0,0.0,0.0,0.0
JPN,soybean,0.0,0.0,0.0006431932763990003,0.0011363810106016896,-0.06431932763990003
JPN,sugarbeet,0.0,0.0,0.014332887598557288,0.012616948143343196,-1.4332887598557287
JPN,sugarcane,2.0,0.025204788909892882,0.0006624553218836748,0.0008647423041029412,2.454233358800921
JPN,sweet_potato,0.0,0.0,0.007936552108955027,0.004601407087252824,-0.7936552108955027
JPN,wheat,2.5,0.004420205813202102,0.0012548966019044572,0.0010002048324221613,0.3165309211297645
JPN,yam,0.0,0.0,0.002020087325432504,0.0007220105434346561,-0.2020087325432504
KAZ,barley,1.5,0.027833001988071572,0.022595445558607107,0.05157990027926113,0.5237556429464465
KAZ,beans,0.0,0.0,0.006513001731670731,0.005186465537261092,-0.6513001731670731
KAZ,chickpea,0.0,0.0,0.0006013824731606103,0.0010583072209245546,-0.06013824731606103
KAZ,cotton,0.0,0.0,0.004438132616528145,0.0038148903937321663,-0.44381326165281454
KAZ,groundnut,0.0,0.0,3.0295234221455257e-07,7.550107967520243e-07,-3.0295234221455257e-05
KAZ,lentil,0.0,0.0,0.017958259596692647,0.025226076842705857,-1.7958259596692647
KAZ,maize,2.333333333333333,0.005182292424070162,0.0008569255163624394,0.0008447350009000501,0.4325366907707722
KAZ,millet,0.0,0.0,0.0012763234423246006,0.001428615510681031,-0.12763234423246006
KAZ,oat_rye,0.0,0.0,0.005651869641925538,0.01447315269697537,-0.5651869641925539
KAZ,potato,1.0,0.019916540212443094,0.0056827877350029915,0.005680979670054101,1.4233752477440103
KAZ,pulses,1.0,0.07329842931937172,0.006178657150436452,0.01017517444824575,6.711977216893528
KAZ,rapeseed_canola,0.0,0.0,0.0029255094349628,0.005509872378363656,-0.29255094349627997
KAZ,rice,1.0,0.002568713074749551,0.0006563575887640585,0.0005964248300915093,0.19123554859854924
KAZ,sorghum,0.0,0.0,0.00012276650762218597,0.0002359191142016062,-0.012276650762218597
KAZ,soybean,1.3333333333333333,0.01008445733013992,0.0007275674416555747,0.0009789215283281456,0.9356889888484345
KAZ,sugarbeet,0.0,0.0,0.0015702678779528636,0.0030277120222250275,-0.15702678779528637
KAZ,sunflower,0.0,0.0,0.018085928376711403,0.03180318420489187,-1.8085928376711402
KAZ,wheat,10.333333333333334,0.018270184027902023,0.017591496030115023,0.05568553992130547,0.06786879977869996
KEN,banana_plantain,0.0,0.0,0.010905424220518952,0.00622664642326119,-1.0905424220518953
KEN,barley,0.25,0.004638833664678595,0.00029831274763020564,0.0002680577200933259,0.434052091704839
KEN,beans,0.0,0.0,0.024433487176639956,0.02879383977735818,-2.4433487176639956
KEN,cassava,1.0,0.18867924528301888,0.0028319807259103522,0.0020830396463619805,18.584726455710854
KEN,chickpea,0.6666666666666666,0.08602150537634408,8.925206896769975e-05,0.0002857032414571203,8.593225330737637
KEN,coffee_cocoa,0.0,0.0,0.002541880850670197,0.0048173239812828615,-0.2541880850670197
KEN,cotton,0.0,0.0,6.1854404371648e-05,0.0003682646418242407,-0.0061854404371648
KEN,groundnut,0.0,0.0,0.00034978084771850965,0.0005586624286001422,-0.034978084771850965
KEN,lentil,0.0,0.0,0.00027517319240659535,0.0004201854181982219,-0.027517319240659536
KEN,maize,13.416666666666666,0.02979818143840343,0.0030804259961971867,0.010956283601562148,2.671775544220625
KEN,millet,2.25,0.1002227171492205,0.003121521337216951,0.00395234618876252,9.710119581200354
KEN,oat_rye,0.0,0.0,7.198317298912757e-05,0.00021220217216491713,-0.0071983172989127575
KEN,potato,1.0,0.019916540212443094,0.005191544492792552,0.012437903621847468,1.4724995719650542
KEN,rapeseed_canola,0.0,0.0,0.00012606353736860604,7.834375244932192e-05,-0.012606353736860604
KEN,rice,0.0,0.0,0.00021547132520629314,0.00018917962031450583,-0.021547132520629314
KEN,sorghum,0.6666666666666666,0.028490028490028494,0.00356778485539768,0.005476664601312195,2.492224363463081
KEN,soybean,0.0,0.0,1.1677868703919881e-05,2.7738225627474635e-05,-0.0011677868703919882
KEN,sugarcane,1.0,0.012602394454946441,0.003464175618056481,0.003392520196966318,0.913821883688996
KEN,sunflower,0.0,0.0,0.00010033765205126278,0.0001860240352211612,-0.010033765205126279
KEN,sweet_potato,0.6666666666666666,0.3076923076923077,0.008579810798893575,0.00796473951072509,29.911249689341414
KEN,wheat,1.0,0.001768082325280841,0.0004730900835787021,0.0005992726237927274,0.12949922417021387
KEN,yam,0.0,0.0,9.952657274316974e-05,0.00010066533167541402,-0.009952657274316974
KGZ,barley,0.5,0.00927766732935719,0.0029296954859994537,0.0043891907021319935,0.6347971843357737
KGZ,beans,0.0,0.0,0.0023733380677588454,0.001026000940548241,-0.23733380677588453
KGZ,cotton,0.0,0.0,0.0009881985163206662,0.0006708552396889603,-0.09881985163206662
KGZ,groundnut,0.0,0.0,7.723933601059827e-06,5.81879010600267e-06,-0.0007723933601059827
KGZ,maize,0.0,0.0,0.0006140461300398078,0.0005280521128526264,-0.061404613003980785
KGZ,millet,0.0,0.0,4.909506460311259e-06,2.6149312354560146e-06,-0.0004909506460311258
KGZ,oat_rye,0.0,0.0,6.315441660108688e-05,8.775629266888928e-05,-0.006315441660108688
KGZ,potato,0.5,0.009958270106221547,0.0036015704837074796,0.004592040350477705,0.6356699622514067
KGZ,pulses,0.0,0.0,1.44479763746576e-05,2.143023330400592e-05,-0.00144479763746576
KGZ,rapeseed_canola,0.0,0.0,1.4489163158024797e-06,2.4111364917674567e-06,-0.00014489163158024797
KGZ,rice,0.0,0.0,5.6189034262674634e-05,7.130501362536178e-05,-0.005618903426267464
KGZ,sorghum,0.0,0.0,3.8653341370503936e-07,3.0945687386165004e-07,-3.865334137050394e-05
KGZ,soybean,0.0,0.0,7.900820389762555e-06,1.185910775044033e-05,-0.0007900820389762555
KGZ,sugarbeet,0.0,0.0,0.002096968939837588,0.00259102962540752,-0.2096968939837588
KGZ,sunflower,0.0,0.0,0.0002270678228013429,0.00034076025867224016,-0.02270678228013429
KGZ,wheat,0.0,0.0,0.000726084231337214,0.0011291679236544408,-0.0726084231337214
KHM,banana_plantain,0.0,0.0,0.0017975751047895334,0.005773832541963796,-0.17975751047895333
KHM,beans,0.0,0.0,0.0021288853038018874,0.0013417275880163108,-0.21288853038018873
KHM,cassava,0.0,0.0,0.0431149087300058,0.02018773794404861,-4.31149087300058
KHM,coffee_cocoa,0.0,0.0,2.1842372732059944e-05,1.9026271283526734e-05,-0.002184237273205994
KHM,cotton,0.0,0.0,3.1236677240359448e-06,5.533781729328609e-06,-0.0003123667724035945
KHM,groundnut,0.0,0.0,0.0003156379085758656,0.00043868730776798655,-0.03156379085758656
KHM,maize,0.0,0.0,0.0008473524444365031,0.0008793698858126743,-0.08473524444365031
KHM,oilpalm,0.0,0.0,0.0012368995176678245,0.0016667244250994162,-0.12368995176678245
KHM,rice,2.0,0.005137426149499102,0.014696219226027755,0.02021847536490119,-0.9558793076528654
KHM,soybean,0.0,0.0,0.00016055796286791187,0.00026400298971626424,-0.016055796286791185
KHM,sugarcane,0.0,0.0,0.0003395325989364829,0.0007029434670098369,-0.033953259893648294
KHM,sweet_potato,0.0,0.0,0.0004718339279847429,0.0008052188182961378,-0.047183392798474284
KIR,banana_plantain,0.0,0.0,4.3311128070428224e-05,0.00011598194798847411,-0.004331112807042822
KNA,cotton,0.0,0.0,4.577221929416499e-08,3.412905031303988e-07,-4.577221929416499e-06
KNA,groundnut,0.0,0.0,4.1986222155032214e-07,4.621186773223597e-07,-4.198622215503221e-05
KNA,potato,0.0,0.0,0.0,0.0,0.0
KNA,sugarcane,0.0,0.0,0.0,0.0,0.0
KNA,sweet_potato,0.0,0.0,2.0099317118325004e-06,3.976186100427053e-06,-0.00020099317118325003
KNA,yam,0.0,0.0,2.3446751116789623e-07,2.913010838064895e-07,-2.3446751116789624e-05
KOR,banana_plantain,0.0,0.0,0.0,0.0,0.0
KOR,barley,0.5,0.00927766732935719,0.0006528841209459728,0.0007321884660014861,0.8624783208411217
KOR,beans,0.0,0.0,0.00021839301718174606,0.0001290399925821328,-0.021839301718174605
KOR,cotton,0.0,0.0,0.0,0.0,0.0
KOR,groundnut,0.0,0.0,0.00018808791662639128,0.00012522765284059438,-0.018808791662639126
KOR,maize,1.0,0.002220982467458641,7.496187424274865e-05,7.734988016547202e-05,0.21460205932158924
KOR,millet,0.0,0.0,3.449606541120881e-05,3.3401560066686924e-05,-0.0034496065411208808
KOR,oat_rye,2.0,0.13324873096446702,5.1162079744339196e-08,5.700681607697107e-08,13.324867980238727
KOR,potato,0.0,0.0,0.0014887387738354173,0.0013080963246261956,-0.14887387738354171
KOR,pulses,0.0,0.0,3.088342947961907e-07,4.1863711570616217e-07,-3.088342947961907e-05
KOR,rapeseed_canola,0.0,0.0,1.3029822983835248e-05,2.7275299680627335e-05,-0.0013029822983835248
KOR,rice,10.5,0.026971487284870282,0.006506223475601992,0.0044442619381677324,2.046526380926829
KOR,sorghum,0.0,0.0,4.8833796656767964e-05,4.0583058600713536e-05,-0.004883379665676796
KOR,soybean,1.0,0.007563342997604941,0.00029203678049192697,0.00044013425866071444,0.7271306217113014
KOR,sweet_potato,0.0,0.0,0.0037090659883643835,0.0030090679529107683,-0.37090659883643834
KOR,wheat,0.0,0.0,3.0760867753852305e-05,2.7735973583587774e-05,-0.0030760867753852304
KWT,banana_plantain,0.0,0.0,0.0,,0.0
KWT,barley,0.0,0.0,3.0332530557438085e-05,1.2994101264935537e-05,-0.0030332530557438085
KWT,maize,0.0,0.0,1.7857582261057964e-05,5.336881468700206e-06,-0.0017857582261057963
KWT,potato,0.0,0.0,6.906250225593069e-05,4.1664381076356796e-05,-0.0069062502255930695
KWT,sugarcane,0.0,0.0,6.969179126649568e-10,0.0,-6.969179126649569e-08
KWT,sweet_potato,0.0,0.0,3.37161873766223e-07,5.484394621278694e-07,-3.3716187376622296e-05
KWT,wheat,0.0,0.0,5.598398620553995e-08,3.6005158265150715e-08,-5.598398620553995e-06
LAO,banana_plantain,0.0,0.0,0.004851919605050135,0.002184482643026509,-0.48519196050501345
LAO,beans,0.0,0.0,0.00011801173473606452,5.4617115979137815e-05,-0.01180117347360645
LAO,cassava,0.0,0.0,0.010473799141260115,0.00365978895721715,-1.0473799141260116
LAO,coffee_cocoa,0.0,0.0,0.009918469509842324,0.003571536583716107,-0.9918469509842324
LAO,cotton,0.0,0.0,2.915416108503854e-05,5.433832367697564e-05,-0.002915416108503854
LAO,groundnut,0.0,0.0,0.0007904281445642745,0.0005529542866281464,-0.07904281445642745
LAO,maize,0.0,0.0,0.000599221613656471,0.0006500096267290168,-0.0599221613656471
LAO,potato,0.0,0.0,5.563153613387353e-06,4.367088101487822e-06,-0.0005563153613387353
LAO,rice,1.0,0.002568713074749551,0.004680336976785358,0.0054957849324009265,-0.21116239020358066
LAO,soybean,0.0,0.0,1.8066701353960734e-05,2.2068780892564888e-05,-0.0018066701353960735
LAO,sugarcane,0.0,0.0,0.0007637235027232181,0.001029743045417922,-0.07637235027232181
LAO,sweet_potato,0.0,0.0,0.0013275047301084442,0.0009178408618440957,-0.13275047301084442
LBN,banana_plantain,0.0,0.0,0.00039295708215176096,0.00013031347531953396,-0.0392957082151761
LBN,barley,0.0,0.0,0.0001986341771472571,0.000252937609840634,-0.01986341771472571
LBN,beans,0.0,0.0,8.252536536422714e-05,1.9570219488695452e-05,-0.008252536536422715
LBN,chickpea,0.0,0.0,0.00015213378171057945,0.00012619934703885524,-0.015213378171057945
LBN,groundnut,0.0,0.0,0.00018996012607126622,7.105562817363663e-05,-0.018996012607126623
LBN,lentil,0.0,0.0,0.00018129467243571722,0.00029525023722320434,-0.01812946724357172
LBN,maize,0.0,0.0,2.600038184831246e-06,4.985875811565962e-06,-0.0002600038184831246
LBN,oat_rye,0.0,0.0,2.5387084466884043e-06,6.692600207436404e-06,-0.0002538708446688404
LBN,potato,1.5,0.029874810318664638,0.001726412439238731,0.001475037119511179,2.8148397879425904
LBN,pulses,0.0,0.0,0.0001943124779101071,0.0001233185332265866,-0.01943124779101071
LBN,sorghum,0.0,0.0,7.113029281174385e-05,4.591750566442388e-05,-0.007113029281174385
LBN,sugarbeet,0.0,0.0,3.959386903796049e-05,7.066202024626869e-05,-0.003959386903796049
LBN,sugarcane,0.0,0.0,0.0,0.0,0.0
LBN,sunflower,0.0,0.0,0.0,0.0,0.0
LBN,wheat,0.75,0.0013260617439606306,0.00017761256564365266,0.0002274898220110851,0.11484491783169778
LBR,banana_plantain,0.0,0.0,0.0011428112249666105,0.002954757091939063,-0.11428112249666106
LBR,cassava,0.0,0.0,0.001906944685020139,0.0025695412895541626,-0.1906944685020139
LBR,coffee_cocoa,0.0,0.0,0.0010716531995429318,0.004434088931838202,-0.10716531995429318
LBR,groundnut,0.0,0.0,0.00012650534681899866,0.00026833474239392846,-0.012650534681899866
LBR,oilpalm,0.0,0.0,0.0004701590979982853,0.0006883922252293396,-0.04701590979982853
LBR,rice,0.0,0.0,0.000342990907437252,0.0014708050382020348,-0.034299090743725204
LBR,soybean,0.0,0.0,9.544659075109566e-06,6.160537021974867e-05,-0.0009544659075109565
LBR,sugarcane,0.0,0.0,0.0001443282586807188,0.0010316672301403321,-0.01443282586807188
LBR,sweet_potato,0.0,0.0,0.00027002444705229883,0.00029892692883279516,-0.027002444705229882
LBR,yam,0.0,0.0,0.00024646840686484483,0.00024373577826494419,-0.024646840686484484
LBY,banana_plantain,0.0,0.0,0.0,0.0,0.0
LBY,barley,0.0,0.0,0.000462084252235183,0.0028086261476688,-0.0462084252235183
LBY,beans,0.0,0.0,3.1414847553183114e-05,7.313958352176906e-06,-0.0031414847553183113
LBY,chickpea,0.0,0.0,3.289910242027268e-06,1.0556227234027886e-05,-0.0003289910242027268
LBY,groundnut,0.0,0.0,0.00028491485550543813,0.00030455573449673034,-0.028491485550543812
LBY,lentil,0.0,0.0,0.0,0.0,0.0
LBY,maize,0.0,0.0,3.0936641010154073e-06,7.99933915207643e-06,-0.0003093664101015407
LBY,millet,0.0,0.0,0.0001956498323715964,0.00013769609577047817,-0.01956498323715964
LBY,potato,0.0,0.0,0.0009378791812258392,0.00103738407409721,-0.09378791812258393
LBY,pulses,0.0,0.0,0.00031050579537486464,0.0003778698346766811,-0.031050579537486463
LBY,wheat,0.0,0.0,0.00018920513856501926,0.0008815826072854703,-0.018920513856501925
LCA,banana_plantain,0.0,0.0,8.3505648036777e-05,3.8775564210725524e-05,-0.0083505648036777
LCA,cassava,0.0,0.0,4.0736352318991685e-06,2.049966329599274e-05,-0.00040736352318991684
LCA,coffee_cocoa,0.0,0.0,1.42177630944622e-06,2.541324160824889e-06,-0.000142177630944622
LCA,maize,0.0,0.0,0.0,0.0,0.0
LCA,sugarcane,0.0,0.0,0.0,0.0,0.0
LCA,sweet_potato,0.0,0.0,7.310039974226984e-06,3.94876412732066e-06,-0.0007310039974226984
LCA,yam,0.0,0.0,5.8024299493685074e-06,2.725745855617866e-06,-0.0005802429949368507
LKA,banana_plantain,0.0,0.0,0.004580340651834609,0.0038757670322076207,-0.4580340651834609
LKA,beans,0.0,0.0,0.0004766150448853137,0.0003338470706593042,-0.04766150448853137
LKA,cassava,0.0,0.0,0.0009749826324620345,0.0006959879262381299,-0.09749826324620345
LKA,coffee_cocoa,0.0,0.0,0.0004353952984960808,0.00033402424251583823,-0.04353952984960808
LKA,cotton,0.0,0.0,0.0,0.0,0.0
LKA,groundnut,0.0,0.0,0.0005897760001447541,0.000553117004472274,-0.058977600014475405
LKA,maize,0.0,0.0,0.0002705239889850614,0.0004023681553946717,-0.02705239889850614
LKA,millet,0.0,0.0,0.000258472993546116,0.00020218699838284534,-0.0258472993546116
LKA,potato,0.0,0.0,0.000204002816962854,0.00026260363018919616,-0.0204002816962854
LKA,rice,12.5,0.032108913434369384,0.005742935101384199,0.0064542782215654,2.6365978332985187
LKA,sorghum,0.0,0.0,3.532080570537357e-06,3.0798326970040413e-06,-0.0003532080570537357
LKA,soybean,0.0,0.0,1.1430607178926997e-05,1.5277907528771895e-05,-0.0011430607178926997
LKA,sugarcane,2.0,0.025204788909892882,0.000403001595525517,0.0005541195672148821,2.4801787314367365
LKA,sweet_potato,0.0,0.0,0.00046530555739010234,0.0005359624643644604,-0.046530555739010236
LSO,barley,0.0,0.0,1.9712778248497037e-06,1.7258432033813625e-05,-0.00019712778248497039
LSO,beans,0.0,0.0,0.00015550102806714561,0.00037971667620502226,-0.015550102806714561
LSO,maize,0.0,0.0,5.494123354779008e-05,0.0003811602340425947,-0.0054941233547790074
LSO,oat_rye,0.0,0.0,6.588590969608728e-06,1.2495894084072059e-05,-0.0006588590969608728
LSO,potato,0.0,0.0,0.00035714507400742655,0.0004374760013017463,-0.035714507400742654
LSO,pulses,0.0,0.0,1.6140596444254166e-05,0.0001102012369344602,-0.0016140596444254166
LSO,sorghum,0.0,0.0,0.00021585464716525668,0.0006751612185580581,-0.021585464716525667
LSO,wheat,0.0,0.0,4.797516595669187e-06,2.2914975212802718e-05,-0.0004797516595669187
LTU,banana_plantain,0.0,0.0,0.0,0.0,0.0
LTU,barley,0.0,0.0,0.0038766360305162576,0.003461413513521378,-0.3876636030516258
LTU,beans,0.0,0.0,,,
LTU,chickpea,0.0,0.0,,,
LTU,maize,0.0,0.0,9.216615357589801e-05,8.279545372686437e-05,-0.0092166153575898
LTU,oat_rye,0.0,0.0,0.010681791500550576,0.011821389436249337,-1.0681791500550577
LTU,potato,0.0,0.0,0.0007225531668133108,0.0010184757629118492,-0.07225531668133107
LTU,pulses,0.0,0.0,0.016702762603595763,0.013777347477889796,-1.6702762603595762
LTU,rapeseed_canola,0.0,0.0,0.010192057836185769,0.007579696680047614,-1.0192057836185768
LTU,rice,0.0,0.0,0.0,0.0,0.0
LTU,sorghum,0.0,0.0,0.0,0.0,0.0
LTU,soybean,0.0,0.0,7.261585921887948e-06,1.4625298368352338e-05,-0.0007261585921887948
LTU,sugarbeet,0.0,0.0,0.003316651935204946,0.0031100177212791714,-0.3316651935204946
LTU,wheat,1.0,0.001768082325280841,0.005244121070070242,0.004111096666990497,-0.3476038744789401
LUX,banana_plantain,0.0,0.0,0.0,0.0,0.0
LUX,barley,0.0,0.0,0.00022578756804931714,0.00012091163084807356,-0.022578756804931713
LUX,beans,0.0,0.0,,,
LUX,maize,0.0,0.0,5.460080188145616e-07,5.983050973879155e-07,-5.4600801881456166e-05
LUX,oat_rye,0.0,0.0,0.0008101248004673818,0.0004219644526017399,-0.08101248004673818
LUX,potato,0.0,0.0,4.2366398357941835e-05,3.682517534227569e-05,-0.004236639835794183
LUX,pulses,0.0,0.0,5.152339572912993e-05,3.149745918170172e-05,-0.005152339572912993
LUX,rapeseed_canola,0.0,0.0,0.0001097111095238928,6.889740699326465e-05,-0.01097111095238928
LUX,rice,0.0,0.0,0.0,0.0,0.0
LUX,sorghum,0.0,0.0,0.0,0.0,0.0
LUX,soybean,0.0,0.0,6.598014207322901e-08,7.787698811689211e-08,-6.598014207322901e-06
LUX,sugarbeet,0.0,0.0,0.0,0.0,0.0
LUX,sunflower,0.0,0.0,6.813050447925251e-06,7.0355244090054555e-06,-0.000681305044792525
LUX,wheat,1.0,0.001768082325280841,0.00010272543098473937,5.9639313434070164e-05,0.16653568942961017
LVA,banana_plantain,0.0,0.0,0.0,0.0,0.0
LVA,barley,0.0,0.0,0.00187196931784076,0.0018095701982659754,-0.187196931784076
LVA,beans,0.0,0.0,,,
LVA,maize,0.0,0.0,0.0,0.0,0.0
LVA,oat_rye,0.0,0.0,0.007653628588451414,0.007400624863112384,-0.7653628588451414
LVA,potato,0.0,0.0,0.0004554629947929612,0.0005122476313637067,-0.045546299479296115
LVA,pulses,0.0,0.0,0.005852241542619589,0.004513306809327386,-0.585224154261959
LVA,rapeseed_canola,0.0,0.0,0.0049041647746559105,0.003920551576093373,-0.490416477465591
LVA,rice,0.0,0.0,0.0,0.0,0.0
LVA,sorghum,0.0,0.0,0.0,0.0,0.0
LVA,soybean,0.0,0.0,0.0,0.0,0.0
LVA,sugarbeet,0.0,0.0,0.0,0.0,0.0
LVA,sunflower,0.0,0.0,0.0,0.0,0.0
LVA,wheat,1.0,0.001768082325280841,0.002957120804698458,0.0022922360886293005,-0.11890384794176173
MAR,banana_plantain,0.0,0.0,0.0019941394000252337,0.0007065623554740164,-0.19941394000252335
MAR,barley,0.5,0.00927766732935719,0.010738788394096964,0.027647917824351415,-0.14611210647397735
MAR,beans,0.0,0.0,0.0,0.0,0.0
MAR,chickpea,0.0,0.0,0.0033165824122467426,0.004960406131664518,-0.33165824122467424
MAR,cotton,0.0,0.0,2.8639722878660835e-06,3.2422597797387887e-06,-0.00028639722878660834
MAR,groundnut,0.0,0.0,0.000649633858364668,0.0004296532130620226,-0.0649633858364668
MAR,lentil,0.0,0.0,0.003998304826248131,0.007504279985511416,-0.3998304826248131
MAR,maize,0.75,0.0016657368505939806,4.7353819450403426e-05,0.0004877921628493936,0.16183830311435773
MAR,millet,0.0,0.0,0.00017424417551148476,8.209982378905867e-05,-0.017424417551148475
MAR,oat_rye,1.0,0.06662436548223351,0.00022399066811408074,0.0010231013281333998,6.640037481411943
MAR,potato,0.0,0.0,0.004811896969562086,0.003395694269486338,-0.4811896969562086
MAR,pulses,0.0,0.0,0.005622782150753172,0.014932088188712627,-0.5622782150753172
MAR,rapeseed_canola,0.0,0.0,3.387753975797164e-05,4.3640479489003734e-05,-0.0033877539757971643
MAR,rice,0.0,0.0,7.593611782232945e-05,4.3460330992601126e-05,-0.007593611782232945
MAR,sorghum,0.0,0.0,8.629553594163318e-05,9.133889792789497e-05,-0.008629553594163317
MAR,soybean,0.0,0.0,2.827720374566958e-06,7.787698811689211e-06,-0.0002827720374566958
MAR,sugarbeet,0.0,0.0,0.011627508515249707,0.01122930605518628,-1.1627508515249707
MAR,sugarcane,0.0,0.0,0.0003253954971174395,0.00038483694448204775,-0.03253954971174395
MAR,sunflower,0.0,0.0,0.0005369506645585562,0.0007531469256752129,-0.05369506645585562
MAR,sweet_potato,0.0,0.0,0.0001226813495494442,9.087641887458794e-05,-0.012268134954944422
MAR,wheat,16.75,0.029615378948454084,0.006261736337092699,0.01245865442279563,2.3353642611361387
MDA,barley,0.0,0.0,0.0011040077347181372,0.001182278523208653,-0.11040077347181372
MDA,beans,0.0,0.0,0.00032466721920937765,0.00033587353663250594,-0.03246672192093777
MDA,chickpea,0.0,0.0,0.00018704819043526967,5.561943302908998e-05,-0.018704819043526968
MDA,maize,0.5,0.0011104912337293205,0.001479223084251658,0.002315196418976466,-0.03687318505223374
MDA,millet,0.0,0.0,5.915146598701265e-06,2.563405496826339e-06,-0.0005915146598701264
MDA,oat_rye,0.0,0.0,6.279159901498229e-05,8.993395304302955e-05,-0.006279159901498229
MDA,potato,0.0,0.0,0.0004915734353948987,0.0012296067682075632,-0.04915734353948987
MDA,pulses,0.0,0.0,0.0012015970069716472,0.0014205553441954955,-0.12015970069716472
MDA,rapeseed_canola,0.0,0.0,0.0009895785721179323,0.0009439708466468314,-0.09895785721179323
MDA,sorghum,0.0,0.0,0.0003709261514607068,0.0001266513656452188,-0.03709261514607068
MDA,soybean,0.0,0.0,0.00013468997688137333,0.00021065102269714382,-0.013468997688137333
MDA,sugarbeet,0.0,0.0,0.0022295299668899106,0.003312759945407145,-0.22295299668899107
MDA,sunflower,0.5,0.023183925811437404,0.013675535151164202,0.013722220363041836,0.9508390660273203
MDA,wheat,0.0,0.0,0.001373738163732995,0.001565742469338815,-0.1373738163732995
MDG,banana_plantain,0.0,0.0,0.002364888526631583,0.005922581647515609,-0.23648885266315828
MDG,beans,0.0,0.0,0.0026401403411207844,0.001876202912130693,-0.26401403411207847
MDG,cassava,0.0,0.0,0.00827922961590412,0.011074005008948557,-0.827922961590412
MDG,coffee_cocoa,0.0,0.0,0.0038327255367408297,0.004497403246361535,-0.38327255367408297
MDG,cotton,0.0,0.0,0.00018596129029845057,0.00040606256504593236,-0.018596129029845056
MDG,groundnut,0.0,0.0,0.0010700966926915584,0.0022526267818197853,-0.10700966926915584
MDG,lentil,0.0,0.0,0.00013185774632423444,0.00023499355725684914,-0.013185774632423444
MDG,maize,0.0,0.0,0.00020073036317787534,0.0006490463555222222,-0.020073036317787535
MDG,oilpalm,0.0,0.0,5.331492870097741e-05,6.653624297508463e-05,-0.005331492870097741
MDG,potato,0.0,0.0,0.0006757871788641429,0.0024696119272729937,-0.06757871788641429
MDG,pulses,0.0,0.0,0.0010363965739933392,0.0016528790083116674,-0.10363965739933392
MDG,rice,1.3333333333333333,0.003424950766332734,0.005594831068669651,0.009657731713495217,-0.2169880302336917
MDG,sorghum,0.0,0.0,2.324267158144737e-05,5.9951129293356175e-05,-0.002324267158144737
MDG,soybean,0.0,0.0,1.3480874113710516e-07,6.183432856481234e-07,-1.3480874113710516e-05
MDG,sugarcane,0.0,0.0,0.0016489710618602172,0.0038292416796945417,-0.1648971061860217
MDG,sweet_potato,0.0,0.0,0.013262228805732515,0.01980143420209983,-1.3262228805732514
MDG,wheat,0.0,0.0,3.628591698507219e-06,5.378616719301746e-06,-0.0003628591698507219
MDV,banana_plantain,0.0,0.0,1.3880409525333728e-06,6.402400525903029e-07,-0.00013880409525333728
MDV,cassava,0.0,0.0,1.96526294251166e-08,1.3166129284516855e-07,-1.96526294251166e-06
MDV,maize,0.0,0.0,1.2802414686230067e-07,1.7650000372943506e-07,-1.2802414686230067e-05
MDV,millet,0.0,0.0,1.5345468519012212e-07,1.9322151986128185e-07,-1.534546851901221e-05
MDV,sorghum,0.0,0.0,8.780315199991645e-07,1.0462589544846265e-06,-8.780315199991645e-05
MDV,sweet_potato,0.0,0.0,1.7978746963639338e-08,2.1937578485114776e-07,-1.7978746963639337e-06
MEX,banana_plantain,0.0,0.0,0.014488499625343121,0.006596902170597644,-1.448849962534312
MEX,barley,0.0,0.0,0.006460993220275149,0.006948934253241826,-0.6460993220275149
MEX,beans,4.0,0.3018867924528302,0.02800530684458756,0.0304147039158114,27.38814856082426
MEX,cassava,0.1,0.01886792452830189,8.243355186213906e-05,6.730525290245016e-05,1.8785490976439752
MEX,chickpea,0.0,0.0,0.013031796014998624,0.007769201481391488,-1.3031796014998624
MEX,coffee_cocoa,1.0,0.0387847446670976,0.012214293013145394,0.029156915036447892,2.6570451653952207
MEX,cotton,0.0,0.0,0.011921191346406386,0.005755273171386968,-1.1921191346406386
MEX,groundnut,0.0,0.0,0.0017366358322019632,0.0017479085729048224,-0.17366358322019632
MEX,lentil,0.0,0.0,0.0015334758907803161,0.0015763042554631413,-0.15334758907803162
MEX,maize,7.333333333333333,0.016287204761363364,0.02355268632975823,0.03481951687980221,-0.7265481568394867
MEX,millet,0.0,0.0,7.475649661697117e-06,5.088166689680423e-07,-0.0007475649661697117
MEX,oat_rye,0.0,0.0,0.002334878642936492,0.0031012049986768723,-0.2334878642936492
MEX,oilpalm,0.0,0.0,0.0035934715984848437,0.0035808683174688946,-0.35934715984848437
MEX,potato,1.1,0.021908194233687405,0.005034647089975718,0.0035526261705603438,1.6873547143711687
MEX,pulses,0.0,0.0,0.0017900865202045188,0.0022546798296896498,-0.17900865202045188
MEX,rapeseed_canola,0.0,0.0,2.3453681370903446e-05,7.091577916963107e-05,-0.0023453681370903447
MEX,rice,0.0,0.0,0.00034368530744563654,0.0002547210644198143,-0.034368530744563655
MEX,sorghum,0.3333333333333333,0.014245014245014247,0.0771056815310897,0.033043500446087004,-6.286066728607545
MEX,soybean,0.0,0.0,0.0007162368848789405,0.001236318991912335,-0.07162368848789405
MEX,sugarbeet,0.0,0.0,3.369222102588407e-06,1.5110117536937959e-05,-0.0003369222102588407
MEX,sugarcane,0.0,0.0,0.029356350371454388,0.030128055386919508,-2.9356350371454387
MEX,sunflower,0.0,0.0,0.0001315387598194035,0.00017388954430827317,-0.013153875981940349
MEX,sweet_potato,0.0,0.0,0.0007545390991851261,0.0004768132683739696,-0.07545390991851261
MEX,wheat,6.333333333333333,0.011197854726778658,0.004164756935842715,0.0026152411330535264,0.7033097790935943
MKD,barley,0.0,0.0,0.0009311895446228995,0.000920910754177186,-0.09311895446228996
MKD,beans,0.0,0.0,0.0003622408018454234,0.00014575935212456052,-0.03622408018454234
MKD,chickpea,0.0,0.0,6.59867290528848e-05,5.7632806170414496e-05,-0.0065986729052884795
MKD,cotton,0.0,0.0,0.0,0.0,0.0
MKD,lentil,0.0,0.0,1.340406947821146e-05,1.3227990067240908e-05,-0.0013404069478211462
MKD,maize,0.5,0.0011104912337293205,0.00013337866550014216,0.00016541939332581084,0.09771125682291784
MKD,millet,0.0,0.0,1.0695524169647268e-06,7.98648948759965e-07,-0.00010695524169647267
MKD,oat_rye,0.0,0.0,0.000295639550962026,0.0004088528849040365,-0.0295639550962026
MKD,potato,0.0,0.0,0.0005071619455958929,0.0007554472268533191,-0.05071619455958929
MKD,pulses,0.0,0.0,0.0001096663745044018,0.00010412103120634689,-0.010966637450440181
MKD,rapeseed_canola,0.0,0.0,3.2965452149103178e-06,3.071198744038638e-06,-0.00032965452149103175
MKD,rice,0.0,0.0,2.549040384775312e-05,1.9591027252101803e-05,-0.002549040384775312
MKD,sorghum,0.0,0.0,6.040984457737844e-07,7.17154025139697e-07,-6.040984457737844e-05
MKD,soybean,0.0,0.0,1.694822483700452e-07,2.6633929935977104e-07,-1.6948224837004518e-05
MKD,sugarbeet,0.0,0.0,1.5871939047179772e-05,3.1642363783234784e-05,-0.0015871939047179772
MKD,sunflower,0.0,0.0,0.00011652545991553316,0.00016269232834207635,-0.011652545991553315
MKD,wheat,1.5,0.0026521234879212613,0.00030981978580852054,0.0003231896862614831,0.23423037021127407
MLI,banana_plantain,0.0,0.0,0.0019202575247299345,0.0016767066156759792,-0.19202575247299344
MLI,beans,0.0,0.0,0.010631226793052635,0.013981112625091614,-1.0631226793052635
MLI,cassava,0.0,0.0,0.0003902025081411651,0.0002782003117818411,-0.03902025081411651
MLI,cotton,0.25,0.004342790966994789,0.007139731298166342,0.01777999194054666,-0.27969403311715535
MLI,groundnut,0.0,0.0,0.008026998537058651,0.015205989042437185,-0.8026998537058652
MLI,maize,0.25,0.0005552456168646603,0.0032008269229695774,0.006831693904240309,-0.2645581306104917
MLI,millet,0.25,0.011135857461024499,0.058514728890104756,0.06760247112032264,-4.737887142908026
MLI,potato,0.0,0.0,0.0007228279350206951,0.0006823162055646203,-0.07228279350206951
MLI,rice,0.0,0.0,0.003794622032587432,0.005540191666324427,-0.3794622032587432
MLI,sorghum,1.25,0.05341880341880343,0.02594946408346755,0.03906597820469696,2.746933933533588
MLI,soybean,0.0,0.0,3.833936392652864e-05,0.00017085276668988726,-0.0038339363926528642
MLI,sugarbeet,0.0,0.0,4.002820464567507e-05,0.00015741187151715956,-0.004002820464567507
MLI,sugarcane,0.0,0.0,0.00033704613555613573,0.0003368235921003251,-0.03370461355561357
MLI,sweet_potato,0.0,0.0,0.005185516031854357,0.0042510639588455405,-0.5185516031854357
MLI,wheat,0.0,0.0,3.34548379048726e-05,3.119616161378738e-05,-0.0033454837904872596
MLI,yam,0.0,0.0,0.0011515098798667823,0.0005910498990433673,-0.11515098798667824
MLT,banana_plantain,0.0,0.0,0.0,0.0,0.0
MLT,barley,0.0,0.0,0.0,0.0,0.0
MLT,beans,0.0,0.0,,,
MLT,maize,0.0,0.0,0.0,0.0,0.0
MLT,oat_rye,0.0,0.0,0.0,0.0,0.0
MLT,potato,0.0,0.0,2.1834244924628902e-05,3.6471087117830735e-05,-0.00218342449246289
MLT,pulses,0.0,0.0,0.0,0.0,0.0
MLT,rapeseed_canola,0.0,0.0,0.0,0.0,0.0
MLT,rice,0.0,0.0,0.0,0.0,0.0
MLT,sorghum,0.0,0.0,0.0,0.0,0.0
MLT,soybean,0.0,0.0,0.0,0.0,0.0
MLT,sugarbeet,0.0,0.0,0.0,0.0,0.0
MLT,sunflower,0.0,0.0,0.0,0.0,0.0
MLT,wheat,0.0,0.0,0.0,0.0,0.0
MMR,banana_plantain,0.0,0.0,0.007989244614369367,0.008251774958839133,-0.7989244614369367
MMR,barley,0.0,0.0,0.0,0.0,0.0
MMR,beans,0.0,0.0,0.0730909071901335,0.06112803744152137,-7.3090907190133505
MMR,cassava,0.0,0.0,0.0011162434177191226,0.0009568221134936934,-0.11162434177191226
MMR,chickpea,0.0,0.0,0.030213151649702976,0.025344257212445553,-3.0213151649702974
MMR,coffee_cocoa,0.0,0.0,0.000532495815348067,0.0005335686790245819,-0.053249581534806696
MMR,cotton,0.3333333333333333,0.005790387955993051,0.00396074016515571,0.005264095192649622,0.18296477908373412
MMR,groundnut,0.8333333333333333,0.03955696202531645,0.030924126803506567,0.037091558603739534,0.8632835221809885
MMR,lentil,0.0,0.0,0.00010750001951620161,0.0001943352875034316,-0.010750001951620161
MMR,maize,0.0,0.0,0.0018408399414500717,0.002771776999245457,-0.18408399414500717
MMR,millet,0.0,0.0,0.0049569906746278454,0.005239742531294269,-0.4956990674627845
MMR,potato,0.0,0.0,0.0012501062148985297,0.0017945899391319392,-0.12501062148985298
MMR,pulses,0.0,0.0,0.0019723870070794307,0.00448194889585092,-0.19723870070794308
MMR,rice,0.5,0.0012843565373747755,0.035342045899076496,0.04261720519387826,-3.4057689361701717
MMR,sorghum,0.0,0.0,0.0027990224627251715,0.004244382769525751,-0.27990224627251714
MMR,soybean,0.0,0.0,0.00039043880278058653,0.001043481551477049,-0.039043880278058656
MMR,sugarcane,0.0,0.0,0.005959528046996017,0.006675293415496351,-0.5959528046996017
MMR,sunflower,0.5,0.023183925811437404,0.004005906433959962,0.008631865818020565,1.9178019377477442
MMR,sweet_potato,0.0,0.0,0.000655271851577275,0.0009338004501920168,-0.0655271851577275
MMR,wheat,0.0,0.0,0.0001369652162132379,0.00026154423926561367,-0.013696521621323789
MNE,barley,0.0,0.0,6.185591824492227e-06,7.166045738653647e-06,-0.0006185591824492227
MNE,beans,0.0,0.0,6.5756577523301e-06,8.122108109024882e-07,-0.00065756577523301
MNE,maize,0.09090909090909091,0.00020190749704169464,2.3413517190284358e-06,3.1251469586895448e-06,0.01995661453226662
MNE,oat_rye,0.0,0.0,1.8824991630110102e-05,2.1491569661018093e-05,-0.0018824991630110102
MNE,potato,0.0,0.0,7.695231580636904e-05,0.0001001007410505898,-0.007695231580636904
MNE,pulses,0.0,0.0,7.283132964564794e-05,4.5711186014963324e-05,-0.007283132964564795
MNE,wheat,0.0,0.0,2.8465783504546488e-06,3.4648040761310426e-06,-0.00028465783504546486
MNG,barley,0.0,0.0,3.157289671450938e-05,0.0001034274642692279,-0.0031572896714509376
MNG,oat_rye,0.0,0.0,0.00036416356637185645,0.0008753510622251063,-0.03641635663718565
MNG,potato,0.3333333333333333,0.006638846737481031,0.0005391453695523009,0.0010603289910412433,0.609970136792873
MNG,rapeseed_canola,0.0,0.0,0.0004722659340491086,0.002137499775251531,-0.04722659340491086
MNG,wheat,1.3333333333333333,0.0023574431003744543,0.0005758666466041759,0.0015770453194065136,0.17815764537702783
MOZ,banana_plantain,0.0,0.0,0.002918608615555511,0.005481144339460398,-0.29186086155555113
MOZ,beans,0.0,0.0,0.012408266750628612,0.02394822256794637,-1.2408266750628612
MOZ,cassava,0.0,0.0,0.01965656501122162,0.025842643136265737,-1.965656501122162
MOZ,coffee_cocoa,0.0,0.0,4.8362997118911394e-05,3.464447539773533e-05,-0.004836299711891139
MOZ,cotton,0.0,0.0,0.0011876587769888605,0.003979691045431257,-0.11876587769888605
MOZ,groundnut,0.0,0.0,0.0022659273897173296,0.012803746457298962,-0.22659273897173296
MOZ,maize,3.25,0.007218193019240583,0.0015076049277413968,0.008994168958407862,0.5710588091499186
MOZ,millet,0.0,0.0,0.0009290301856943673,0.0017036019370302786,-0.09290301856943672
MOZ,potato,0.0,0.0,0.0011505258895094473,0.0013609971053582725,-0.11505258895094474
MOZ,rice,0.0,0.0,0.0002534000500306235,0.0017738522584519792,-0.02534000500306235
MOZ,sorghum,0.0,0.0,0.0025772785598899453,0.006271654398248903,-0.2577278559889945
MOZ,soybean,0.0,0.0,0.00024035623183819144,0.00042676589488056875,-0.024035623183819143
MOZ,sugarcane,0.0,0.0,0.0016245698049438288,0.0018158979948304879,-0.16245698049438287
MOZ,sunflower,0.0,0.0,0.0002139756173133207,0.0005590809283160292,-0.02139756173133207
MOZ,sweet_potato,0.0,0.0,0.005370155128922294,0.01130605208979292,-0.5370155128922294
MOZ,wheat,0.0,0.0,2.099399482707748e-05,6.740165627236215e-05,-0.002099399482707748
MRT,barley,0.0,0.0,9.731269911150439e-06,9.800983518845883e-06,-0.0009731269911150439
MRT,beans,0.0,0.0,0.0005645541651521266,0.0006830083761581748,-0.05645541651521266
MRT,groundnut,0.0,0.0,1.6012037123845266e-05,3.521865018297589e-05,-0.0016012037123845266
MRT,maize,0.0,0.0,1.2849042037678041e-05,0.00010968926785445117,-0.0012849042037678042
MRT,millet,0.0,0.0,8.763155991923802e-05,0.00034135801842159795,-0.008763155991923802
MRT,potato,0.0,0.0,6.430620954314767e-06,2.320458164195962e-05,-0.0006430620954314768
MRT,pulses,0.0,0.0,0.00046324144359471877,0.003021523350159599,-0.04632414435947188
MRT,rice,1.0,0.002568713074749551,0.00043812400110004114,0.00042247524151846984,0.21305890736495098
MRT,sorghum,0.0,0.0,0.0014375615432778805,0.0045878209553457325,-0.14375615432778804
MRT,sweet_potato,0.0,0.0,5.832397713706979e-05,0.00039443766116236366,-0.0058323977137069785
MRT,wheat,0.0,0.0,8.062375670466828e-06,1.3286826609026902e-05,-0.0008062375670466828
MRT,yam,0.0,0.0,3.605715592054976e-05,4.95836059079189e-05,-0.0036057155920549756
MTQ,banana_plantain,0.0,0.0,,,
MTQ,cassava,0.0,0.0,,,
MTQ,coffee_cocoa,0.0,0.0,,,
MTQ,lentil,0.0,0.0,,,
MTQ,sugarcane,0.0,0.0,,,
MTQ,sweet_potato,0.0,0.0,,,
MTQ,yam,0.0,0.0,,,
MUS,banana_plantain,0.0,0.0,4.983074490915606e-05,4.463622315366753e-05,-0.0049830744909156064
MUS,cassava,0.0,0.0,2.769837922516433e-06,2.1394960087339887e-06,-0.00027698379225164326
MUS,coffee_cocoa,0.0,0.0,0.0,0.0,0.0
MUS,groundnut,0.0,0.0,5.986236197128486e-06,4.692782624639737e-06,-0.0005986236197128486
MUS,maize,0.0,0.0,6.221198032785217e-07,4.357655459308651e-07,-6.221198032785217e-05
MUS,potato,0.0,0.0,4.0610135202237514e-05,4.059031346220708e-05,-0.004061013520223752
MUS,rice,0.0,0.0,1.0354481562187089e-08,2.3112667978263536e-08,-1.0354481562187088e-06
MUS,sugarcane,0.0,0.0,0.0014747248573156147,0.00165448703687115,-0.14747248573156146
MUS,sweet_potato,0.0,0.0,1.0626119969742685e-05,1.011870807625919e-05,-0.0010626119969742685
MWI,banana_plantain,0.0,0.0,0.007229127438374523,0.00626607864393611,-0.7229127438374523
MWI,beans,0.0,0.0,0.0069309363927811205,0.009316756502348915,-0.6930936392781121
MWI,cassava,0.0,0.0,0.01851514257130985,0.008028705637698377,-1.8515142571309848
MWI,chickpea,0.0,0.0,0.00010799458033548663,0.00014865405026779404,-0.010799458033548662
MWI,coffee_cocoa,0.0,0.0,0.0006460940412020224,0.0001708914273444763,-0.06460940412020225
MWI,cotton,0.0,0.0,0.00037065911823185856,0.0013999980217339766,-0.03706591182318586
MWI,groundnut,1.0,0.04746835443037975,0.007734532429285965,0.014121676381453507,3.973382200109379
MWI,lentil,0.0,0.0,0.00018168413168945054,0.00035412041398137845,-0.018168413168945054
MWI,maize,3.6166666666666667,0.008032553257308752,0.003133778876818016,0.008829612121597451,0.4898774380490736
MWI,millet,0.0,0.0,0.0013586185226326817,0.0018547720134524167,-0.13586185226326816
MWI,potato,0.0,0.0,0.00345397254837456,0.004311177570847964,-0.34539725483745604
MWI,pulses,0.5,0.03664921465968586,0.0020202151040562572,0.004684050947233257,3.4628999555629605
MWI,rice,0.0,0.0,0.0001764324705274768,0.00043682212605192455,-0.017643247052747682
MWI,sorghum,0.0,0.0,0.0020110766780392876,0.002806154932177443,-0.20110766780392875
MWI,soybean,0.0,0.0,0.0007187420471903806,0.0017399416863654645,-0.07187420471903806
MWI,sugarcane,0.0,0.0,0.001527223556140688,0.0010319866600151987,-0.1527223556140688
MWI,sunflower,0.0,0.0,0.0003865712436788336,0.0006965455355738818,-0.038657124367883364
MWI,sweet_potato,0.0,0.0,0.07440845346580217,0.04136322196776459,-7.440845346580217
MWI,wheat,0.0,0.0,6.368178430880169e-07,2.8693341509766267e-06,-6.368178430880169e-05
MYS,banana_plantain,0.0,0.0,0.0019343238396914923,0.0019156474865850012,-0.19343238396914922
MYS,cassava,0.0,0.0,0.0001244247818136632,7.806198052790042e-05,-0.01244247818136632
MYS,coffee_cocoa,0.0,0.0,0.00027643110707192104,0.000400250140349255,-0.027643110707192105
MYS,groundnut,0.0,0.0,3.875215335812587e-06,2.323610814142006e-06,-0.00038752153358125865
MYS,maize,0.0,0.0,2.277286778154194e-07,3.9887006492527697e-07,-2.2772867781541942e-05
MYS,oilpalm,3.5,0.4666666666666667,0.24434599706889473,0.19063504771398376,22.232066959777192
MYS,rice,11.0,0.02825584382224506,0.003124929960587931,0.0040177882050890235,2.513091386165713
MYS,soybean,0.0,0.0,0.0,0.0,0.0
MYS,sugarcane,0.0,0.0,1.2375067882881612e-05,5.1808483514065404e-05,-0.0012375067882881613
MYS,sweet_potato,0.0,0.0,0.0005743075830364244,0.0004118780360580299,-0.05743075830364244
MYS,yam,0.0,0.0,5.050182033277284e-05,5.742792795042222e-05,-0.005050182033277284
NAM,beans,0.0,0.0,3.1941538712953086e-06,1.6528490001865634e-06,-0.0003194153871295309
NAM,cotton,0.0,0.0,0.0,0.0,0.0
NAM,groundnut,0.0,0.0,1.0541743177512553e-05,5.366434499327966e-05,-0.0010541743177512554
NAM,maize,0.0,0.0,5.917305569742141e-05,0.00015963577738439434,-0.005917305569742141
NAM,millet,0.5,0.022271714922048998,0.001849021349133167,0.0069547509787136925,2.042269357291583
NAM,potato,0.0,0.0,3.905632037071607e-05,7.101829488284387e-05,-0.0039056320370716067
NAM,sorghum,0.0,0.0,8.994792037095759e-05,0.0004811612307300285,-0.008994792037095758
NAM,sunflower,0.0,0.0,1.2871091032575876e-06,2.2537527344102225e-06,-0.00012871091032575876
NAM,wheat,0.0,0.0,1.3912798127440641e-05,9.055758908278548e-06,-0.0013912798127440641
NCL,banana_plantain,0.0,0.0,1.3846373508367563e-05,4.8674660408467904e-05,-0.0013846373508367563
NCL,cassava,0.0,0.0,2.564709254265216e-06,8.485570323871113e-06,-0.00025647092542652156
NCL,coffee_cocoa,0.0,0.0,1.215193426877111e-07,6.058786078787815e-07,-1.2151934268771109e-05
NCL,maize,0.0,0.0,7.064477084065484e-06,4.206084834637046e-06,-0.0007064477084065484
NCL,potato,0.0,0.0,5.505592560601824e-06,1.6288058324468096e-05,-0.0005505592560601824
NCL,sorghum,0.0,0.0,4.0825258708267103e-07,1.1985313844800415e-06,-4.0825258708267106e-05
NCL,sweet_potato,0.0,0.0,6.895365334247562e-06,4.140717939065414e-05,-0.0006895365334247562
NCL,wheat,0.0,0.0,6.648098361907869e-08,4.06212041965803e-07,-6.648098361907869e-06
NCL,yam,0.0,0.0,2.4462793123096723e-05,0.00025353597901300537,-0.0024462793123096725
NER,beans,0.125,0.009433962264150943,0.06248584564848272,0.11854937216111085,-5.305188338433178
NER,cassava,0.0,0.0,0.001928404945209491,0.0006881672454431269,-0.19284049452094912
NER,chickpea,0.0,0.0,1.4843465124933728e-05,2.8900293632762437e-05,-0.0014843465124933727
NER,cotton,0.0,0.0,7.809086765657162e-05,0.00010727491850180856,-0.0078090867656571625
NER,groundnut,0.0,0.0,0.010971289815635676,0.0308543688507747,-1.0971289815635676
NER,maize,0.125,0.00027762280843233013,2.177893558439739e-05,9.422906413794743e-05,0.025584387284793272
NER,millet,0.625,0.02783964365256125,0.10721195716757462,0.2159884701885183,-7.937231351501336
NER,potato,0.0,0.0,0.0007001488156566764,0.0004918993613989366,-0.07001488156566764
NER,pulses,0.0,0.0,5.870473682850867e-05,0.0002689444441900873,-0.005870473682850867
NER,rice,1.0,0.002568713074749551,0.00015966324008615256,0.00018882441510136618,0.24090498346633982
NER,sorghum,0.625,0.026709401709401715,0.032029307637807446,0.09147226892851547,-0.531990592840573
NER,sugarcane,0.0,0.0,0.000242433567127584,0.00037132201858590944,-0.0242433567127584
NER,sweet_potato,0.0,0.0,0.002275536965319479,0.0009931690219673586,-0.22755369653194793
NER,wheat,0.0,0.0,6.866516255497083e-06,8.441824799398415e-06,-0.0006866516255497083
NGA,banana_plantain,0.0,0.0,0.0349205974047783,0.0405972605736958,-3.49205974047783
NGA,beans,2.0,0.1509433962264151,0.10728080685081803,0.10062443186784435,4.366258937559706
NGA,cassava,4.0,0.7547169811320755,0.18816562201363177,0.3052127984203594,56.655135911844376
NGA,coffee_cocoa,1.0,0.0387847446670976,0.01782380632783403,0.04323378921715486,2.0960938339263575
NGA,cotton,0.0,0.0,0.002634978055213484,0.012192225366990744,-0.2634978055213484
NGA,groundnut,0.0,0.0,0.08143950455160341,0.11770303950489204,-8.143950455160342
NGA,maize,14.533333333333333,0.03227827852706558,0.010682649314809205,0.031290346454948555,2.1595629212256373
NGA,millet,0.0,0.0,0.06246456764008786,0.05804245642286333,-6.246456764008786
NGA,oilpalm,0.0,0.0,0.025921368662922873,0.14604697975268943,-2.5921368662922872
NGA,potato,0.5,0.009958270106221547,0.003297393189475295,0.019275630506459175,0.6660876916746252
NGA,rice,10.066666666666666,0.025858378285812143,0.010834569688438283,0.025895153417918308,1.502380859737386
NGA,sorghum,1.5666666666666667,0.06695156695156697,0.1139831381634381,0.13977822660158387,-4.703157121187113
NGA,soybean,4.066666666666666,0.030757594856926758,0.0033086590558733062,0.009012812862551288,2.7448935801053453
NGA,sugarcane,0.0,0.0,0.0007878586986819242,0.0033586226028644106,-0.07878586986819242
NGA,sweet_potato,0.0,0.0,0.0449122422083725,0.2070399279833173,-4.49122422083725
NGA,wheat,1.0666666666666667,0.0018859544802995636,7.738737948285272e-05,0.00016561264950945787,0.1808567100816711
NGA,yam,0.0,0.0,0.6907979904360815,0.7136767315352566,-69.07979904360815
NIC,banana_plantain,0.0,0.0,0.0023127866899478313,0.0014372896688304158,-0.23127866899478314
NIC,beans,0.0,0.0,0.005418590175984529,0.0048242804314094,-0.5418590175984529
NIC,cassava,0.0,0.0,0.0007546400395895021,0.0007593630895491518,-0.07546400395895021
NIC,coffee_cocoa,0.0,0.0,0.010067070531722075,0.006879894647134868,-1.0067070531722075
NIC,cotton,0.0,0.0,8.730825830214774e-05,6.094473270185693e-05,-0.008730825830214773
NIC,groundnut,0.0,0.0,0.0036017312640052724,0.001452783964653727,-0.36017312640052723
NIC,maize,0.0,0.0,0.00033336572456166155,0.0014459309090835116,-0.033336572456166155
NIC,oilpalm,0.0,0.0,0.0011478606294964304,0.0011938704838147995,-0.11478606294964304
NIC,potato,0.0,0.0,0.00018077037866208933,0.00019808875569532467,-0.018077037866208935
NIC,rice,0.0,0.0,0.0006160424225675443,0.00045533294019009486,-0.061604242256754434
NIC,sorghum,0.0,0.0,0.0009992428669350953,0.0008487223166696064,-0.09992428669350953
NIC,soybean,0.0,0.0,2.5841405415017602e-05,3.007765035050607e-05,-0.00258414054150176
NIC,sugarcane,0.0,0.0,0.003714365775968962,0.002855201120074772,-0.3714365775968962
NIC,yam,0.0,0.0,1.2093434658958958e-05,7.80270760195954e-06,-0.0012093434658958957
NIU,banana_plantain,0.0,0.0,4.844262094194715e-07,3.3653643790003105e-06,-4.8442620941947154e-05
NIU,cassava,0.0,0.0,1.3857412470082212e-07,2.3040726247904494e-07,-1.3857412470082212e-05
NIU,sweet_potato,0.0,0.0,2.759616922522668e-06,2.2486017947242643e-06,-0.0002759616922522668
NIU,yam,0.0,0.0,1.98540335483061e-06,1.4731511952499613e-05,-0.000198540335483061
NLD,banana_plantain,0.0,0.0,0.0,0.0,0.0
NLD,barley,0.15,0.002783300198807157,0.0016052542874506123,0.0007141830578368391,0.11780459113565449
NLD,beans,0.0,0.0,,,
NLD,maize,1.125,0.002498605275890971,0.0001302948468770533,8.923720527540759e-05,0.2368310429013918
NLD,oat_rye,0.0,0.0,0.00040203794471867465,0.0002559606041856001,-0.04020379447186746
NLD,potato,2.1083333333333334,0.041990705614567525,0.01807763026403205,0.009633206204841396,2.3913075350535475
NLD,pulses,0.0,0.0,0.0007835637211875601,0.0003060037964804566,-0.07835637211875601
NLD,rapeseed_canola,0.0,0.0,7.638082233124223e-05,4.647711065578898e-05,-0.007638082233124223
NLD,rice,1.0833333333333333,0.0027827724976453466,0.0,0.0,0.27827724976453466
NLD,sorghum,0.0,0.0,0.0,0.0,0.0
NLD,soybean,0.0,0.0,,3.1669975167536126e-06,
NLD,sugarbeet,1.5666666666666667,0.19028340080971662,0.025235284967626975,0.018146806746640813,16.504811584208966
NLD,sunflower,1.0666666666666667,0.04945904173106646,,2.5614078695836813e-05,
NLD,wheat,1.1916666666666667,0.0021069647709596687,0.001330757495064177,0.0005382863481558661,0.07762072758954917
NOR,barley,1.0,0.01855533465871438,0.0037596495002575163,0.0028389936003722933,1.4795685158456866
NOR,oat_rye,0.0,0.0,0.005672707789196908,0.004117830352503928,-0.5672707789196908
NOR,potato,0.0,0.0,0.0009497197071577742,0.0006883593112618144,-0.09497197071577743
NOR,pulses,0.0,0.0,0.00024017921694733578,0.000385405302759392,-0.024017921694733577
NOR,rapeseed_canola,0.0,0.0,0.00012490388312304468,8.24259556348558e-05,-0.012490388312304469
NOR,wheat,1.0,0.001768082325280841,0.0004041214411651754,0.0003189789291628331,0.13639608841156656
NPL,banana_plantain,0.0,0.0,0.0016879563722781504,0.0014359599394904205,-0.16879563722781504
NPL,barley,0.0,0.0,0.00020304730619702562,0.0004861788545611083,-0.02030473061970256
NPL,beans,0.0,0.0,0.0004834961408716736,0.0004400964278875132,-0.04834961408716736
NPL,chickpea,0.0,0.0,0.0007071786058087759,0.0007011851599821172,-0.07071786058087759
NPL,coffee_cocoa,0.0,0.0,2.4425387880229933e-05,0.0001133245446153271,-0.0024425387880229934
NPL,cotton,0.0,0.0,1.6993502241731298e-06,3.924840785999586e-06,-0.00016993502241731298
NPL,lentil,0.0,0.0,0.03897328944143398,0.038264378281843724,-3.897328944143398
NPL,maize,3.6666666666666665,0.008143602380681682,0.002459617229239549,0.0048044248331556415,0.5683985151442134
NPL,millet,0.0,0.0,0.010532936028549154,0.008513192028589519,-1.0532936028549154
NPL,potato,0.0,0.0,0.008645907410348425,0.01150086815055796,-0.8645907410348425
NPL,pulses,0.0,0.0,0.00028406704948246103,0.0006069042071694476,-0.028406704948246105
NPL,rice,11.333333333333332,0.02911208151382824,0.0070927411760382825,0.008940101619613275,2.201934033778995
NPL,soybean,0.0,0.0,9.02483923865292e-05,0.00018971145813227386,-0.00902483923865292
NPL,sugarcane,0.0,0.0,0.0017624917066926921,0.002629364198544141,-0.1762491706692692
NPL,wheat,4.166666666666667,0.007367009688670171,0.002698583386994697,0.0032740552101065776,0.46684263016754746
NZL,barley,0.0,0.0,0.002318086948467538,0.001022963289853946,-0.23180869484675382
NZL,lentil,0.0,0.0,0.00025837023388212315,0.0001269212531380877,-0.025837023388212314
NZL,maize,1.0,0.002220982467458641,0.00016910238761460374,8.405787748235286e-05,0.20518800798440376
NZL,oat_rye,0.0,0.0,0.0005157980973502675,0.00026366792571920657,-0.05157980973502675
NZL,potato,0.0,0.0,0.0013741051139899018,0.0005953167288184941,-0.1374105113989902
NZL,pulses,0.0,0.0,0.001246494902116116,0.0006932032583071608,-0.1246494902116116
NZL,rapeseed_canola,0.0,0.0,2.859597919041193e-05,2.9604610273352913e-05,-0.002859597919041193
NZL,soybean,0.0,0.0,0.0,0.0,0.0
NZL,sweet_potato,0.0,0.0,0.00013101955871968582,0.00016510770007359507,-0.013101955871968583
NZL,wheat,0.0,0.0,0.0005308774254295246,0.00020169258771869777,-0.05308774254295246
OMN,banana_plantain,0.0,0.0,0.00010910855989331091,0.00012893449674472409,-0.010910855989331092
OMN,barley,0.0,0.0,1.6963773019913905e-05,1.1992660737884282e-05,-0.0016963773019913904
OMN,maize,0.0,0.0,1.4248902596391182e-05,6.226361713483573e-06,-0.0014248902596391182
OMN,potato,0.0,0.0,3.9196182214622137e-05,3.2387269595898875e-05,-0.003919618221462214
OMN,sorghum,0.0,0.0,0.0018122206776628681,6.55508251060908e-05,-0.1812220677662868
OMN,sugarcane,0.0,0.0,8.48308693915253e-07,6.578734327608128e-06,-8.48308693915253e-05
OMN,wheat,0.0,0.0,4.444506460428699e-06,5.410929040821753e-06,-0.0004444506460428699
PAK,banana_plantain,0.0,0.0,0.000924050584380833,0.002605760597630928,-0.0924050584380833
PAK,barley,0.0,0.0,0.00031277558865295066,0.0009978451913885621,-0.03127755886529507
PAK,beans,0.0,0.0,0.004563686082374553,0.004632980419117537,-0.45636860823745534
PAK,chickpea,0.0,0.0,0.022753921045564233,0.06442659827362389,-2.275392104556423
PAK,cotton,5.25,0.09119861030689057,0.05130735871417458,0.06734227193882242,3.989125159271599
PAK,groundnut,1.0,0.04746835443037975,0.00215023727637784,0.004040856836499425,4.531811715400192
PAK,lentil,0.0,0.0,0.0007762315165803887,0.001853342585681589,-0.07762315165803886
PAK,maize,1.0,0.002220982467458641,0.007654201624912162,0.007546394272449232,-0.5433219157453522
PAK,millet,1.0,0.044543429844097995,0.009672536412786982,0.011564192030785804,3.4870893431311014
PAK,potato,0.1,0.0019916540212443095,0.014970602145735968,0.013260037464304587,-1.2978948124491658
PAK,pulses,0.0,0.0,0.0012263588448794885,0.0036285671030342826,-0.12263588448794885
PAK,rapeseed_canola,0.0,0.0,0.005196322071564062,0.008022505715302662,-0.5196322071564061
PAK,rice,7.25,0.018623169791934242,0.015406196775336512,0.019090068688866407,0.321697301659773
PAK,sorghum,0.0,0.0,0.0016216111759282678,0.003447830952178122,-0.16216111759282678
PAK,soybean,0.0,0.0,1.7022876654893088e-07,4.579166901273256e-07,-1.7022876654893088e-05
PAK,sugarbeet,0.0,0.0,0.00010396386076000871,0.0001596339476255328,-0.010396386076000871
PAK,sugarcane,0.5833333333333333,0.007351396765385423,0.04089457286209763,0.044764849425481895,-3.354317609671221
PAK,sunflower,0.0,0.0,0.002238956665127889,0.003037049863332434,-0.2238956665127889
PAK,sweet_potato,0.0,0.0,0.00015881226484548084,0.00023113981131379053,-0.015881226484548084
PAK,wheat,33.083333333333336,0.058494056928041153,0.03326521703337297,0.041013367764358384,2.5228839894668185
PAN,banana_plantain,0.0,0.0,0.0035173000430457364,0.0019661772015048206,-0.35173000430457363
PAN,beans,0.0,0.0,0.00015562499210356498,0.0002744216666796236,-0.015562499210356498
PAN,cassava,0.0,0.0,8.131360499590743e-05,5.0525021129333426e-05,-0.008131360499590743
PAN,coffee_cocoa,0.0,0.0,0.00043597567487675725,0.0008762855965673476,-0.04359756748767572
PAN,maize,0.0,0.0,0.00010703750531373779,0.000242846055978781,-0.01070375053137378
PAN,oilpalm,0.0,0.0,0.0006101474476070728,0.000870320251747303,-0.061014744760707285
PAN,potato,0.0,0.0,7.224333421128497e-05,6.082055401882905e-05,-0.007224333421128497
PAN,rice,0.0,0.0,0.0005026212901647874,0.0005880738582140999,-0.05026212901647874
PAN,sorghum,0.0,0.0,3.6729158354079375e-05,1.1528496554814169e-05,-0.0036729158354079374
PAN,soybean,0.0,0.0,2.7505236083412803e-07,2.1836707467976547e-06,-2.7505236083412803e-05
PAN,sugarcane,1.0,0.012602394454946441,0.0012120498753120223,0.0013831237526988286,1.139034457963442
PAN,sweet_potato,0.0,0.0,2.754019144164025e-06,2.9067291492777076e-06,-0.0002754019144164025
PAN,yam,0.0,0.0,0.0002340642918694973,0.0005030977789540793,-0.02340642918694973
PER,banana_plantain,0.0,0.0,0.013678977771331643,0.014111957825844595,-1.3678977771331642
PER,barley,0.0,0.0,0.0014059588545359996,0.0026441928965385483,-0.14059588545359997
PER,beans,1.0,0.07547169811320754,0.002796476670480313,0.001727775447492318,7.267522144272723
PER,cassava,0.0,0.0,0.004186091075346761,0.00353899630409635,-0.4186091075346761
PER,chickpea,0.0,0.0,4.254050103260471e-05,3.8715487696719493e-05,-0.004254050103260471
PER,coffee_cocoa,0.25,0.0096961861667744,0.03130474381451182,0.025518950595362407,-2.160855764773742
PER,cotton,1.0,0.017371163867979156,0.0004635602411397098,0.0003515109348045002,1.6907603626839445
PER,groundnut,0.0,0.0,0.00010075169547993914,0.000114592414548415,-0.010075169547993914
PER,lentil,0.0,0.0,0.00041777488723171793,0.0005520156421544641,-0.041777488723171795
PER,maize,2.0,0.004441964934917282,0.001351256670370572,0.002245894739546024,0.30907082645467104
PER,oat_rye,0.0,0.0,0.00043257171586653746,0.0008810175397431572,-0.04325717158665374
PER,oilpalm,0.0,0.0,0.002759785999911837,0.0029048003438135093,-0.27597859999118374
PER,potato,1.0,0.019916540212443094,0.014951506376775508,0.01962549327809242,0.4965033835667586
PER,pulses,0.0,0.0,0.006833350962332417,0.009862233236705018,-0.6833350962332417
PER,rice,7.0,0.017980991523246854,0.0044185673553014705,0.0025551054449970342,1.3562424167945384
PER,sorghum,0.0,0.0,2.1220650476198256e-06,7.908342332019947e-07,-0.00021220650476198256
PER,soybean,0.0,0.0,4.4720963267851355e-06,5.920208636646139e-06,-0.00044720963267851354
PER,sugarcane,0.0,0.0,0.006517129489974513,0.004556537871926346,-0.6517129489974514
PER,sweet_potato,0.0,0.0,0.0030745242027900564,0.0021479631534238003,-0.30745242027900566
PER,wheat,0.0,0.0,0.00025556335915138386,0.0005544221983137714,-0.025556335915138388
PHL,banana_plantain,1.5,0.12162162162162163,0.05416969277172677,0.03679592555170471,6.7451928849894855
PHL,beans,0.0,0.0,0.000959735341774085,0.0008510750982041722,-0.0959735341774085
PHL,cassava,0.0,0.0,0.008274374518247066,0.007253451030102814,-0.8274374518247066
PHL,coffee_cocoa,0.0,0.0,0.004226756380102069,0.006024234168177394,-0.42267563801020686
PHL,cotton,0.0,0.0,1.2275155959633543e-06,1.6942635691116228e-06,-0.00012275155959633543
PHL,groundnut,0.0,0.0,0.0005637264523406277,0.0007761706252023763,-0.05637264523406277
PHL,maize,1.3333333333333335,0.0029613099566115214,0.007004868589573097,0.012636347250056147,-0.4043558632961576
PHL,oilpalm,0.0,0.0,0.0012958394514720254,0.0023320868548502623,-0.12958394514720253
PHL,potato,0.0,0.0,0.00029997598842458633,0.0004186503107020894,-0.029997598842458634
PHL,pulses,0.0,0.0,0.0,0.0,0.0
PHL,rice,7.166666666666667,0.01840911036903845,0.02508177985263684,0.028927888228967205,-0.6672669483598394
PHL,sorghum,0.0,0.0,9.810652423301452e-06,2.573895268309597e-06,-0.0009810652423301452
PHL,soybean,0.0,0.0,1.6426849754341861e-06,3.245912864712063e-06,-0.00016426849754341862
PHL,sugarcane,2.0,0.025204788909892882,0.012500810777179372,0.015495877870596263,1.270397813271351
PHL,sweet_potato,0.0,0.0,0.005931949965065538,0.01144214734231995,-0.5931949965065537
PHL,yam,0.0,0.0,0.0001696604153507795,0.0002521210880345167,-0.016966041535077952
PNG,banana_plantain,0.0,0.0,0.00731093704915332,0.006199871255933631,-0.731093704915332
PNG,cassava,0.0,0.0,0.000501769536596302,0.0005349398328299198,-0.0501769536596302
PNG,coffee_cocoa,0.0,0.0,0.005119233197470937,0.005917532213345409,-0.5119233197470937
PNG,groundnut,0.0,0.0,2.9073816849672505e-05,4.866565282168005e-05,-0.0029073816849672506
PNG,maize,0.0,0.0,1.1184705594803864e-05,1.1813534147924392e-05,-0.0011184705594803864
PNG,oilpalm,0.0,0.0,0.0076833657325189805,0.008671372838482625,-0.7683365732518981
PNG,potato,0.0,0.0,3.3933257539763456e-06,1.28179937249075e-05,-0.00033933257539763456
PNG,rice,0.0,0.0,1.122040096902889e-06,2.4815706671398745e-06,-0.00011220400969028891
PNG,sorghum,0.0,0.0,8.458162167247082e-05,2.7487629621107837e-05,-0.008458162167247082
PNG,sugarcane,0.0,0.0,0.00018023689768042976,0.0004697292364644315,-0.018023689768042975
PNG,sweet_potato,0.0,0.0,0.00801539150473508,0.01953620887821479,-0.801539150473508
PNG,yam,0.0,0.0,0.004657269703182542,0.0022772670298775036,-0.4657269703182542
POL,banana_plantain,0.0,0.0,0.0,0.0,0.0
POL,barley,1.342857142857143,0.024917163684559315,0.019797194440176805,0.016366698495647942,0.511996924438251
POL,beans,0.0,0.0,,,
POL,maize,2.5095238095238095,0.005573608382622399,0.005168504972663481,0.0044383169581881645,0.04051034099589179
POL,millet,0.0,0.0,,,
POL,oat_rye,0.8928571428571428,0.05948604060913705,0.17480833841202248,0.14904933723305563,-11.532229780288542
POL,potato,2.592857142857143,0.051640743550834596,0.018705717231204722,0.014770908312129596,3.293502631962987
POL,pulses,0.14285714285714285,0.010471204188481674,0.006245961907211099,0.005078068213515747,0.42252422812705753
POL,rapeseed_canola,2.3095238095238093,0.06507010129469376,0.03621071198074912,0.026027072866043107,2.885938931394464
POL,rice,0.0,0.0,0.0,0.0,0.0
POL,sorghum,0.0,0.0,0.0,0.0,0.0
POL,soybean,0.0,0.0,6.030962014876408e-05,7.574315864248926e-05,-0.006030962014876408
POL,sugarbeet,0.95,0.11538461538461539,0.05437327688579535,0.05323027759130238,6.101133849882004
POL,sunflower,0.0,0.0,0.00045638766845983636,0.0004046738243118799,-0.045638766845983635
POL,wheat,3.2595238095238095,0.005763106436451121,0.015045395637998128,0.011289481998681048,-0.9282289201547007
PRI,banana_plantain,0.0,0.0,0.0012988299430323966,0.0005747057374636238,-0.12988299430323966
PRI,beans,0.0,0.0,1.9502496434329924e-06,1.0071414055190853e-06,-0.00019502496434329925
PRI,cassava,0.0,0.0,1.7160787338851814e-06,2.909714571878225e-06,-0.00017160787338851814
PRI,coffee_cocoa,0.0,0.0,0.00011359919800869684,0.0002542333958504687,-0.011359919800869684
PRI,maize,0.0,0.0,1.4537853506665432e-07,3.051355996678369e-07,-1.4537853506665432e-05
PRI,rice,0.0,0.0,2.955860199492471e-06,4.1797435354375535e-06,-0.0002955860199492471
PRI,sugarcane,0.0,0.0,0.0,0.0,0.0
PRI,sunflower,0.0,0.0,7.43241867046391e-08,1.4309541170858555e-07,-7.432418670463909e-06
PRI,sweet_potato,0.0,0.0,5.3677865003540685e-06,7.458776684939023e-06,-0.0005367786500354068
PRI,yam,0.0,0.0,2.9104640335114256e-05,4.1510404442424755e-05,-0.0029104640335114256
PRK,barley,0.0,0.0,0.0003415462744378338,0.0008823840237368986,-0.03415462744378338
PRK,beans,0.0,0.0,0.00850033237748935,0.007570779410584272,-0.850033237748935
PRK,cotton,0.0,0.0,0.0004766315248391201,0.0005539449589469881,-0.047663152483912015
PRK,maize,0.5,0.0011104912337293205,0.0019512152440502276,0.0028075257288143847,-0.08407240103209071
PRK,millet,0.0,0.0,0.0025048349568633924,0.0023257172645276478,-0.25048349568633926
PRK,oat_rye,0.0,0.0,0.0015422702400046458,0.003643875683639991,-0.1542270240004646
PRK,potato,0.0,0.0,0.0016623807934423203,0.009075765113097697,-0.16623807934423201
PRK,rice,1.5,0.0038530696121243263,0.0029107365854960433,0.0028635038561120514,0.0942333026628283
PRK,sorghum,0.0,0.0,0.0006188599498323086,0.0006753184030019243,-0.061885994983230865
PRK,soybean,0.0,0.0,0.0005650302781213327,0.001162859186561433,-0.056503027812133275
PRK,sweet_potato,0.0,0.0,0.00638395765970757,0.005815377836672863,-0.638395765970757
PRK,wheat,0.0,0.0,0.00010477558529439594,0.00030202973171180995,-0.010477558529439594
PRT,banana_plantain,0.0,0.0,0.00015357714972537596,9.143941263917916e-05,-0.015357714972537595
PRT,barley,2.0,0.03711066931742876,0.0003610066226605384,0.00036930171567242567,3.6749662694768226
PRT,beans,0.0,0.0,,,
PRT,chickpea,0.0,0.0,,,
PRT,groundnut,0.0,0.0,,,
PRT,maize,0.0,0.0,0.0006277462859104965,0.0003813995560815498,-0.06277462859104965
PRT,millet,0.0,0.0,,,
PRT,oat_rye,0.0,0.0,0.0016404256461123557,0.0035795719951051677,-0.16404256461123556
PRT,potato,0.0,0.0,0.0010754468636767006,0.001034291703603724,-0.10754468636767006
PRT,pulses,0.0,0.0,0.00014834656908941567,0.0004479417138055935,-0.014834656908941566
PRT,rice,0.0,0.0,0.00020360793681845635,0.0001712040469084637,-0.020360793681845634
PRT,sorghum,0.0,0.0,0.0,0.0,0.0
PRT,sugarbeet,0.0,0.0,0.0,0.0,0.0
PRT,sugarcane,0.0,0.0,,,
PRT,sunflower,0.0,0.0,0.00021676649052407992,0.00026064829242718857,-0.021676649052407994
PRT,sweet_potato,0.0,0.0,,,
PRT,wheat,0.0,0.0,9.383538132339669e-05,0.00013424384777783503,-0.009383538132339669
PRT,yam,0.0,0.0,,,
PRY,banana_plantain,0.0,0.0,0.0005346382288740849,0.0007109947866073339,-0.05346382288740849
PRY,beans,0.0,0.0,0.0014910835246421136,0.001272799317549071,-0.14910835246421136
PRY,cassava,0.0,0.0,0.009872551207753573,0.005921065078768277,-0.9872551207753574
PRY,coffee_cocoa,0.0,0.0,2.4347007904196357e-05,1.3076879953383701e-05,-0.0024347007904196357
PRY,cotton,0.0,0.0,0.00035618987799657684,0.0004275090164837158,-0.035618987799657685
PRY,groundnut,0.0,0.0,0.00040110409709060536,0.0007217447606985795,-0.04011040970906054
PRY,maize,0.0,0.0,0.0044146765950788735,0.005466431474262449,-0.44146765950788736
PRY,oilpalm,0.0,0.0,0.0003694131650327788,0.0005666874817757429,-0.03694131650327788
PRY,potato,0.0,0.0,9.173288361754514e-06,2.2083302264550583e-05,-0.0009173288361754514
PRY,pulses,0.0,0.0,0.0010466540148575364,0.002779252070770219,-0.10466540148575364
PRY,rapeseed_canola,0.0,0.0,0.0007081265777733007,0.0010371432703558544,-0.07081265777733006
PRY,rice,0.0,0.0,0.0013738421915664278,0.001055572576954227,-0.13738421915664278
PRY,sorghum,0.0,0.0,0.0015747486657451872,0.0006609458504159056,-0.15747486657451873
PRY,soybean,0.0,0.0,0.026211579461531787,0.027857861814159564,-2.6211579461531787
PRY,sugarcane,0.0,0.0,0.0033118023219329096,0.00390414037987753,-0.33118023219329096
PRY,sunflower,0.0,0.0,0.0006052218523358761,0.0007452194398665573,-0.060522185233587614
PRY,sweet_potato,0.0,0.0,0.0005179174297775815,0.0007161248276734654,-0.05179174297775815
PRY,wheat,0.0,0.0,0.001369512927885205,0.00210394203583117,-0.1369512927885205
PSE,banana_plantain,0.0,0.0,1.509562578265877e-05,5.6308291804736895e-06,-0.0015095625782658771
PSE,barley,0.0,0.0,9.4160809224601e-05,0.0001346362911860219,-0.0094160809224601
PSE,beans,0.0,0.0,2.314965982126508e-06,4.588991081599058e-07,-0.0002314965982126508
PSE,chickpea,0.0,0.0,6.500768000593472e-05,4.809724726497474e-05,-0.006500768000593472
PSE,groundnut,0.0,0.0,1.7437024057591815e-07,5.2069710120829266e-08,-1.7437024057591815e-05
PSE,lentil,0.0,0.0,0.00011384934809530463,9.072227748665791e-05,-0.011384934809530463
PSE,potato,0.0,0.0,0.00018584880988593258,0.0001265157225941837,-0.018584880988593257
PSE,pulses,0.0,0.0,3.363988013786442e-05,2.974317031588542e-05,-0.003363988013786442
PSE,sorghum,0.0,0.0,3.3986094628901297e-06,4.268540053742443e-06,-0.00033986094628901296
PSE,sugarbeet,0.0,0.0,0.0,0.0,0.0
PSE,sunflower,0.0,0.0,1.5459430834564934e-08,2.861908234171711e-08,-1.5459430834564934e-06
PSE,sweet_potato,0.0,0.0,3.0195316501468268e-05,1.2476997763409028e-05,-0.0030195316501468268
PSE,wheat,0.0,0.0,5.094801929825457e-05,7.467931428785402e-05,-0.0050948019298254574
PYF,banana_plantain,0.0,0.0,1.955588570634324e-06,2.4017210177938805e-05,-0.0001955588570634324
PYF,cassava,0.0,0.0,1.1808390236020057e-05,6.6291460947542366e-06,-0.0011808390236020057
PYF,coffee_cocoa,0.0,0.0,1.3365912502221345e-06,4.072850641851809e-06,-0.00013365912502221345
PYF,potato,0.0,0.0,1.4635077918923264e-07,3.540882244449586e-07,-1.4635077918923265e-05
PYF,soybean,0.0,0.0,6.7865288989607e-08,9.500992550260837e-08,-6.7865288989606994e-06
PYF,sugarcane,0.0,0.0,1.8234383280697986e-06,1.5287001154326403e-06,-0.00018234383280697986
PYF,sweet_potato,0.0,0.0,1.5717683548187748e-06,2.851885203064921e-06,-0.00015717683548187748
PYF,yam,0.0,0.0,5.635540551074874e-07,2.080722027189211e-06,-5.635540551074874e-05
QAT,barley,0.0,0.0,1.171845663668424e-06,1.2025494853525308e-06,-0.0001171845663668424
QAT,beans,0.0,0.0,3.569599200277356e-05,1.2183162163537322e-06,-0.003569599200277356
QAT,maize,0.0,0.0,1.2812988174848382e-06,5.893305209270967e-07,-0.00012812988174848382
QAT,potato,0.0,0.0,6.811229829987118e-07,1.51077642429849e-06,-6.811229829987119e-05
QAT,wheat,0.0,0.0,7.039467895104004e-08,1.0893868398173807e-07,-7.039467895104004e-06
REU,banana_plantain,0.0,0.0,,,
REU,beans,0.0,0.0,,,
REU,cassava,0.0,0.0,,,
REU,groundnut,0.0,0.0,,,
REU,maize,0.0,0.0,,,
REU,potato,0.0,0.0,,,
REU,rice,0.0,0.0,,,
REU,sugarcane,0.0,0.0,,,
REU,sweet_potato,0.0,0.0,,,
ROU,banana_plantain,0.0,0.0,0.0,0.0,0.0
ROU,barley,0.0,0.0,0.011326807226896907,0.008987148920038532,-1.1326807226896907
ROU,beans,0.0,0.0,,,
ROU,chickpea,0.0,0.0,,,
ROU,cotton,0.0,0.0,,,
ROU,lentil,0.0,0.0,,,
ROU,maize,0.09090909090909091,0.00020190749704169464,0.011968958579212092,0.012622572272363953,-1.1767051082170397
ROU,oat_rye,0.0,0.0,0.010990207912617327,0.011383235047881737,-1.0990207912617327
ROU,potato,0.0,0.0,0.005377535628811245,0.007244054925103111,-0.5377535628811245
ROU,pulses,0.0,0.0,0.008486362395955582,0.010194212469460007,-0.8486362395955581
ROU,rapeseed_canola,0.0,0.0,0.015098672217562642,0.012344582433054486,-1.5098672217562643
ROU,rice,0.0,0.0,3.596629170625685e-05,3.698026876522166e-05,-0.0035966291706256846
ROU,sorghum,0.0,0.0,0.000748632757360243,0.00026662411290810103,-0.0748632757360243
ROU,soybean,0.0,0.0,0.0010744715324872037,0.0012023116687414506,-0.10744715324872037
ROU,sugarbeet,0.0,0.0,0.0027584303903188385,0.004369046044283443,-0.27584303903188384
ROU,sunflower,0.0,0.0,0.050929942859580246,0.040422736662734916,-5.092994285958024
ROU,wheat,1.0,0.001768082325280841,0.011909851795781643,0.009955435492406036,-1.01417694705008
RUS,barley,2.6666666666666665,0.049480892423238346,0.1317730980028694,0.16602709708449184,-8.229220557963107
RUS,beans,0.0,0.0,0.00018070956205872287,9.714447403799209e-05,-0.018070956205872287
RUS,chickpea,0.0,0.0,0.027571014857464778,0.033049967531095695,-2.7571014857464777
RUS,lentil,0.0,0.0,0.026589718100027825,0.03314214828104705,-2.6589718100027824
RUS,maize,1.25,0.0027762280843233013,0.012251483730849323,0.013121912720768096,-0.9475255646526022
RUS,millet,0.0,0.0,0.011279846480812974,0.0088144114966186,-1.1279846480812974
RUS,oat_rye,0.5,0.033312182741116754,0.1282632771763704,0.19471077078802007,-9.495109443525365
RUS,potato,0.0,0.0,0.05448360170236169,0.07033090341272887,-5.448360170236169
RUS,pulses,0.0,0.0,0.14523742293276234,0.13810698901441054,-14.523742293276234
RUS,rapeseed_canola,0.0,0.0,0.03629990617464479,0.04528255072085635,-3.629990617464479
RUS,rice,0.0,0.0,0.0013655507394993113,0.001122525110262419,-0.13655507394993113
RUS,sorghum,0.0,0.0,0.0015047563218735978,0.0016744760564792595,-0.15047563218735976
RUS,soybean,0.5,0.0037816714988024706,0.013266227589038615,0.022683532491521056,-0.9484556090236145
RUS,sugarbeet,0.5,0.06072874493927126,0.165291658030926,0.22901214117942775,-10.456291309165474
RUS,sunflower,1.0,0.04636785162287481,0.27302168045917036,0.31183779974815967,-22.665382883629555
RUS,wheat,5.642857142857142,0.009977035978370458,0.10698644969711281,0.12940445815684998,-9.700941371874235
RWA,banana_plantain,1.0,0.08108108108108109,0.011862004935651885,0.013801786144982002,6.92190761454292
RWA,barley,0.0,0.0,0.0,0.0,0.0
RWA,beans,0.0,0.0,0.012220473039075887,0.01265641709777993,-1.2220473039075888
RWA,cassava,0.0,0.0,0.003974563689327481,0.0029323800634415208,-0.3974563689327481
RWA,coffee_cocoa,0.0,0.0,0.001541844954220925,0.0010298674086839537,-0.1541844954220925
RWA,cotton,0.0,0.0,0.0,0.0,0.0
RWA,groundnut,0.0,0.0,0.0003409234324911836,0.001259130204000598,-0.034092343249118355
RWA,maize,4.75,0.010549666720428544,0.00038745050206465066,0.0014920243337862764,1.0162216218363893
RWA,millet,0.0,0.0,0.00015208513636352092,0.00026339313515757074,-0.015208513636352092
RWA,potato,1.5,0.029874810318664638,0.0024719720991958033,0.006662830907617526,2.7402838219468832
RWA,pulses,0.0,0.0,0.0007537807498194943,0.002106362680125181,-0.07537807498194943
RWA,rice,2.0,0.005137426149499102,0.0001627710419480886,0.0001936464475153576,0.4974655107551013
RWA,sorghum,0.0,0.0,0.0029035929523174536,0.004024589796862046,-0.29035929523174536
RWA,soybean,0.0,0.0,7.465314691714374e-05,0.0004190451702786601,-0.007465314691714374
RWA,sugarcane,0.0,0.0,5.6042363332182926e-05,0.00029409604360032223,-0.005604236333218293
RWA,sweet_potato,0.0,0.0,0.01407440524319479,0.025186670968625802,-1.407440524319479
RWA,wheat,0.0,0.0,1.8022214511917054e-05,5.808093632761954e-05,-0.0018022214511917054
RWA,yam,0.0,0.0,0.0006938844683159631,0.0006692850472656815,-0.06938844683159631
SAU,banana_plantain,0.0,0.0,9.623772741478191e-05,4.51451319134188e-05,-0.00962377274147819
SAU,barley,0.0,0.0,0.0022274573342888895,0.0011060048725745526,-0.22274573342888895
SAU,coffee_cocoa,0.0,0.0,0.0,0.0,0.0
SAU,groundnut,0.0,0.0,3.725135327630283e-05,1.5438669050825877e-05,-0.0037251353276302832
SAU,maize,2.0,0.004441964934917282,4.155381026997298e-05,4.9430969971027265e-05,0.4400411124647309
SAU,millet,0.0,0.0,0.00036971296657152666,0.0001778861719016248,-0.036971296657152666
SAU,potato,0.25,0.004979135053110774,0.0014537328511728903,0.0011563695204515308,0.35254022019378833
SAU,rice,0.25,0.0006421782686873877,7.336150186809551e-07,1.6337006892004175e-06,0.06414446536687067
SAU,sorghum,0.25,0.010683760683760686,0.0020953368898819777,0.0013662029779604769,0.8588423793878707
SAU,wheat,0.25,0.00044202058132021023,0.0007914818989047033,0.0004344243914895143,-0.03494613175844931
SDN,banana_plantain,0.0,0.0,0.005499145953942254,0.003977762197508738,-0.5499145953942254
SDN,beans,0.0,0.0,0.004661735291385096,0.005043374297650346,-0.46617352913850957
SDN,chickpea,0.0,0.0,0.005215248686344187,0.0014128985836824105,-0.5215248686344187
SDN,cotton,0.0,0.0,0.006030696253087988,0.009083641763960211,-0.6030696253087988
SDN,groundnut,0.0,0.0,0.05060147585046019,0.10675059253865658,-5.0601475850460185
SDN,maize,0.0,0.0,2.3010828476294066e-05,0.00012655349419949188,-0.0023010828476294066
SDN,millet,0.0,0.0,0.053956245554828065,0.10684209703598896,-5.395624555482806
SDN,potato,0.0,0.0,0.0013040857843290448,0.0022020746678231974,-0.1304085784329045
SDN,pulses,0.0,0.0,0.008618403085628307,0.0032862016827896333,-0.8618403085628307
SDN,rice,0.0,0.0,5.3636214492129115e-05,5.944943140872197e-05,-0.0053636214492129115
SDN,sorghum,0.0,0.0,0.07104427809792675,0.17107399321632222,-7.104427809792675
SDN,sugarcane,0.0,0.0,0.002670718035579983,0.0025577510627883514,-0.2670718035579983
SDN,sunflower,0.0,0.0,0.0019890611345946435,0.006419431883741197,-0.19890611345946435
SDN,sweet_potato,0.0,0.0,0.0028505894260628267,0.003760567125891481,-0.2850589426062827
SDN,wheat,0.0,0.0,0.0008548516243274334,0.0012635631777388268,-0.08548516243274334
SDN,yam,0.0,0.0,0.0020945577285876003,0.008548438376504154,-0.20945577285876005
SEN,banana_plantain,0.0,0.0,0.00020092160510249148,0.00010478595527394624,-0.020092160510249146
SEN,beans,0.0,0.0,0.0047622081949013195,0.005413027681908287,-0.47622081949013195
SEN,cassava,0.0,0.0,0.0036575011140205747,0.0028959296345173356,-0.3657501114020575
SEN,cotton,0.3333333333333333,0.005790387955993051,0.00024977356873204194,0.0005861847225462704,0.5540614387261009
SEN,groundnut,1.9166666666666665,0.09098101265822785,0.029644682911405082,0.03846541139656385,6.133632974682277
SEN,maize,2.4166666666666665,0.005367374296358382,0.0005755845538498487,0.0013546195794704925,0.4791789742508533
SEN,millet,7.25,0.3229398663697105,0.03251938854638137,0.03073192137824085,29.042047782332915
SEN,oilpalm,0.0,0.0,0.0003246143709146987,0.0004341079658885318,-0.03246143709146987
SEN,potato,0.0,0.0,0.0003717460446620381,0.0003563897979038508,-0.03717460446620381
SEN,rice,1.5,0.0038530696121243263,0.0016834524481859003,0.0022216918283922793,0.21696171639384257
SEN,sorghum,0.5833333333333333,0.02492877492877493,0.005628634480725068,0.006386438338382222,1.930014044804986
SEN,soybean,0.0,0.0,0.0,0.0,0.0
SEN,sugarcane,0.0,0.0,0.0006898441958514076,0.00043882819880770104,-0.06898441958514076
SEN,sweet_potato,0.0,0.0,0.0010304236738084755,0.0003039725718843716,-0.10304236738084756
SEN,yam,0.0,0.0,0.001084886132482066,0.000546730519864237,-0.1084886132482066
SGP,banana_plantain,0.0,0.0,0.0,0.0,0.0
SGP,cassava,0.0,0.0,1.0373451000061543e-09,0.0,-1.0373451000061543e-07
SGP,sugarcane,0.0,0.0,0.0,0.0,0.0
SGP,sweet_potato,0.0,0.0,1.6903095435900234e-09,0.0,-1.6903095435900233e-07
SLB,banana_plantain,0.0,0.0,1.8850498149149002e-06,1.13273240073669e-05,-0.00018850498149149003
SLB,cassava,0.0,0.0,9.886284644833655e-06,6.378989638348416e-06,-0.0009886284644833655
SLB,coffee_cocoa,0.0,0.0,0.0002722033276204729,0.0004726105590874445,-0.02722033276204729
SLB,oilpalm,0.0,0.0,0.0005642716114885021,0.0008535004075096558,-0.056427161148850206
SLB,rice,0.0,0.0,3.567126664034623e-06,8.937303770331696e-06,-0.00035671266640346233
SLB,sweet_potato,0.0,0.0,0.0011944169788778518,0.0010629853654962364,-0.11944169788778518
SLB,yam,0.0,0.0,0.0005450525271045699,0.00045653121998558474,-0.05450525271045699
SLE,banana_plantain,0.0,0.0,0.00027941436452059927,0.0006969095054503472,-0.027941436452059928
SLE,cassava,0.0,0.0,0.006729826356564628,0.004543084821721458,-0.6729826356564628
SLE,coffee_cocoa,0.0,0.0,0.002129784455747631,0.0031432898026944535,-0.21297844557476311
SLE,groundnut,0.0,0.0,0.0015768703941027972,0.0018636465210758954,-0.15768703941027973
SLE,lentil,0.0,0.0,0.0,0.0,0.0
SLE,maize,0.0,0.0,2.3358682384966267e-05,6.114777812820727e-05,-0.0023358682384966266
SLE,millet,1.0,0.044543429844097995,0.0012195506217829509,0.0013543089548597106,4.332387922231504
SLE,oilpalm,0.0,0.0,0.0009049292969422335,0.0016821610100559272,-0.09049292969422335
SLE,pulses,0.0,0.0,0.00027286647541010535,0.0006314841863916237,-0.027286647541010536
SLE,rice,2.0,0.005137426149499102,0.0016287281537077716,0.004844136639772088,0.35086979957913306
SLE,sorghum,0.0,0.0,0.000980756422833682,0.0014687363554999704,-0.09807564228336821
SLE,soybean,0.0,0.0,0.0,0.0,0.0
SLE,sugarcane,0.0,0.0,4.2888907832645836e-05,4.474299890094638e-05,-0.0042888907832645835
SLE,sweet_potato,0.0,0.0,0.0023032972262828663,0.0035312920087489253,-0.23032972262828663
SLE,yam,0.0,0.0,0.0,0.0,0.0
SLV,banana_plantain,0.0,0.0,0.0003130856505802151,0.00024183015935148083,-0.03130856505802151
SLV,beans,0.0,0.0,0.0024687499730935685,0.001958922522167057,-0.24687499730935686
SLV,cassava,0.0,0.0,9.362662567143048e-05,5.863535676859581e-05,-0.009362662567143049
SLV,coffee_cocoa,0.0,0.0,0.0024009953348963736,0.00572589785866175,-0.24009953348963736
SLV,cotton,0.0,0.0,4.967310942016567e-07,5.058412814254126e-07,-4.9673109420165674e-05
SLV,maize,0.0,0.0,0.0006704610236301494,0.001323394036437817,-0.06704610236301493
SLV,potato,0.0,0.0,2.491224393542933e-05,1.8625040605804823e-05,-0.002491224393542933
SLV,rice,0.0,0.0,2.7831267380720658e-05,1.844755841528245e-05,-0.0027831267380720656
SLV,sorghum,0.0,0.0,0.0017830739542245874,0.0015486548211782092,-0.17830739542245874
SLV,soybean,0.0,0.0,1.5134383602738544e-05,2.154700507218171e-05,-0.0015134383602738543
SLV,sugarcane,0.0,0.0,0.003921955744504739,0.002994518178355842,-0.39219557445047387
SLV,sweet_potato,0.0,0.0,8.395262605355769e-06,1.812592422332608e-05,-0.0008395262605355769
SOM,banana_plantain,0.0,0.0,0.00013948965416231987,0.0001131747416040397,-0.013948965416231987
SOM,beans,0.0,0.0,0.0007110270858806659,0.001839194526531921,-0.0711027085880666
SOM,cassava,0.0,0.0,0.00030621481091041674,0.0003361707790215689,-0.030621481091041673
SOM,cotton,0.0,0.0,9.739308442645914e-05,0.0005533111337268888,-0.009739308442645915
SOM,groundnut,0.0,0.0,0.00015942502955805017,0.0002553303322912514,-0.015942502955805016
SOM,maize,0.25,0.0005552456168646603,6.032088588808491e-05,0.0004916073550204038,0.04949247309765754
SOM,rice,0.0,0.0,2.5512070600422e-06,6.102960802470956e-06,-0.00025512070600422
SOM,sorghum,0.0,0.0,0.0016492997283639082,0.006061425116591686,-0.16492997283639083
SOM,sugarcane,0.0,0.0,0.0001225390765838794,0.00025261579270694103,-0.01225390765838794
SOM,sweet_potato,0.0,0.0,9.68585565082354e-05,0.00012200035835034453,-0.00968585565082354
SOM,wheat,0.0,0.0,1.3676084356137309e-06,1.2232521718288385e-05,-0.00013676084356137308
SRB,barley,0.0,0.0,0.0030095125135095,0.00207054395790975,-0.30095125135094997
SRB,beans,0.0,0.0,0.0006470503074507213,0.00027008039989534987,-0.06470503074507213
SRB,maize,3.757575757575758,0.008345509877723378,0.005632088759774522,0.004819263796746024,0.27134211179488554
SRB,millet,0.0,0.0,3.501218966900508e-06,3.4586652055169454e-06,-0.0003501218966900508
SRB,oat_rye,0.0,0.0,0.0036063696148331287,0.0028381641479345125,-0.36063696148331287
SRB,potato,0.0,0.0,0.0016100915001838344,0.001691078148185863,-0.16100915001838342
SRB,rapeseed_canola,1.0,0.028174683034815854,0.0011849742405975073,0.0008336204391989494,2.6989708794218346
SRB,sorghum,0.0,0.0,0.0001399257066129755,6.460280642902256e-05,-0.013992570661297549
SRB,soybean,0.6666666666666666,0.00504222866506996,0.0017172450960064474,0.0017676721242941276,0.33249835690635127
SRB,sugarbeet,0.0,0.0,0.007771274934860416,0.008987009054226855,-0.7771274934860416
SRB,sunflower,0.0,0.0,0.012451183458731157,0.008182138403332238,-1.2451183458731157
SRB,wheat,3.1666666666666665,0.005598927363389329,0.0038623462496063694,0.0027987372677105286,0.17365811137829595
SSD,beans,0.0,0.0,0.00010029668115069232,2.4914566624433824e-05,-0.010029668115069232
SSD,cassava,0.0,0.0,0.004534470099829402,0.0030946921052610443,-0.45344700998294024
SSD,groundnut,0.0,0.0,0.0029635809958235525,0.007385138108429925,-0.29635809958235526
SSD,maize,0.0,0.0,0.00015510007783973832,0.0009979140691084665,-0.015510007783973831
SSD,millet,0.0,0.0,0.0013623163044645047,0.0016067335484064894,-0.13623163044645048
SSD,rice,0.0,0.0,3.2654669640630364e-05,0.00016301972953173966,-0.0032654669640630363
SSD,sorghum,2.0,0.08547008547008549,0.010559933362242183,0.01678907675393513,7.4910152107843295
SSD,sunflower,0.0,0.0,0.0009810669638483365,0.0010831607189281383,-0.09810669638483364
SSD,yam,0.0,0.0,0.0006538847317622462,0.0022740419107353605,-0.06538847317622462
STP,banana_plantain,0.0,0.0,0.00027697283175790724,0.0003550705666019401,-0.027697283175790725
STP,cassava,0.0,0.0,4.521616508501826e-06,8.577733228862732e-06,-0.0004521616508501826
STP,coffee_cocoa,0.0,0.0,0.0001893383156869812,0.001369891532413925,-0.018933831568698118
STP,maize,0.0,0.0,7.043711445762631e-07,2.0222712291711543e-06,-7.043711445762631e-05
STP,oilpalm,0.0,0.0,6.0598948260785484e-05,7.092882696890588e-05,-0.006059894826078548
STP,yam,0.0,0.0,2.738642932563868e-05,4.057407953018961e-05,-0.002738642932563868
SUR,banana_plantain,0.0,0.0,0.0001878135878367418,0.00011836232767118165,-0.01878135878367418
SUR,cassava,0.0,0.0,1.9620370522616405e-05,7.952342087848179e-06,-0.0019620370522616406
SUR,coffee_cocoa,0.0,0.0,6.320221013187854e-07,1.8950536457541888e-05,-6.320221013187854e-05
SUR,groundnut,0.0,0.0,5.104251553664414e-07,4.946622461478779e-07,-5.104251553664414e-05
SUR,maize,0.0,0.0,5.564081715538867e-08,1.1567231882833031e-07,-5.564081715538867e-06
SUR,oilpalm,0.0,0.0,3.050116818856768e-06,2.2073286401111787e-05,-0.00030501168188567677
SUR,rice,0.0,0.0,0.0003225426183862059,0.0003407196525983048,-0.03225426183862059
SUR,soybean,0.0,0.0,1.854419021641011e-08,4.828373263247311e-08,-1.854419021641011e-06
SUR,sugarcane,0.0,0.0,4.638032649459682e-05,8.302134557245125e-05,-0.0046380326494596825
SUR,sweet_potato,0.0,0.0,6.442691657645355e-06,5.813458298555415e-06,-0.0006442691657645355
SVK,banana_plantain,0.0,0.0,0.0,0.0,0.0
SVK,barley,0.0,0.0,0.0038486073200163923,0.002494284637314995,-0.3848607320016392
SVK,beans,0.0,0.0,,,
SVK,chickpea,0.0,0.0,,,
SVK,lentil,0.0,0.0,,,
SVK,maize,0.09090909090909091,0.00020190749704169464,0.0011870925006132425,0.0009269740308863436,-0.0985185003571548
SVK,millet,0.0,0.0,,,
SVK,oat_rye,0.0,0.0,0.0020444929029185253,0.001917139224668537,-0.20444929029185252
SVK,potato,0.0,0.0,0.00043060488450420183,0.0004101521933154104,-0.04306048845042018
SVK,pulses,0.0,0.0,0.0011759577409385178,0.0009355542780995328,-0.11759577409385179
SVK,rapeseed_canola,0.0,0.0,0.005797046424446205,0.003955900364479466,-0.5797046424446205
SVK,rice,0.0,0.0,0.0,0.0,0.0
SVK,sorghum,0.0,0.0,0.00010112990103959766,4.2243319289050645e-05,-0.010112990103959765
SVK,soybean,0.0,0.0,0.0003521869172115655,0.0004279496250999455,-0.03521869172115655
SVK,sugarbeet,0.0,0.0,0.004722197203501866,0.0047103569345295715,-0.47221972035018667
SVK,sunflower,0.0,0.0,0.0031238827292893335,0.0022708526361093985,-0.31238827292893334
SVK,wheat,0.0,0.0,0.0026050126336801703,0.0018149646355950706,-0.26050126336801704
SVN,banana_plantain,0.0,0.0,0.0,0.0,0.0
SVN,barley,0.0,0.0,0.0007186202266689499,0.0004463387594951799,-0.071862022666895
SVN,beans,0.0,0.0,,,
SVN,lentil,0.0,0.0,,,
SVN,maize,0.09090909090909091,0.00020190749704169464,0.00031327860089031684,0.000198188563509747,-0.011137110384862219
SVN,millet,0.0,0.0,,,
SVN,oat_rye,0.0,0.0,0.0006494579184632289,0.0004305154750132855,-0.06494579184632289
SVN,potato,0.0,0.0,0.0001888732133043983,0.00016760175957061373,-0.01888732133043983
SVN,pulses,0.0,0.0,4.734030815508175e-05,3.6481234368679844e-05,-0.004734030815508175
SVN,rapeseed_canola,0.0,0.0,0.00010447312068439103,8.569899159653109e-05,-0.010447312068439104
SVN,rice,0.0,0.0,0.0,0.0,0.0
SVN,sorghum,0.0,0.0,5.870964053641072e-06,2.554247212826318e-06,-0.0005870964053641071
SVN,soybean,0.0,0.0,1.3985904972608174e-05,1.4095734849157471e-05,-0.0013985904972608175
SVN,sugarbeet,0.0,0.0,2.9599306196863663e-05,2.7220432327572058e-05,-0.0029599306196863664
SVN,sunflower,0.0,0.0,1.8395236209398174e-05,1.4094898053295676e-05,-0.0018395236209398174
SVN,wheat,0.0,0.0,0.00018793253961932853,0.00012573185908027889,-0.018793253961932852
SWE,banana_plantain,0.0,0.0,0.0,0.0,0.0
SWE,barley,2.0,0.03711066931742876,0.008877694678014404,0.006117529298302074,2.823297463941436
SWE,beans,0.0,0.0,,,
SWE,maize,0.0,0.0,9.62014128387561e-06,8.067147063113727e-06,-0.000962014128387561
SWE,oat_rye,0.0,0.0,0.018065560606597638,0.01187178346166138,-1.8065560606597637
SWE,potato,1.0,0.019916540212443094,0.0022196355492255203,0.0014020713393938877,1.7696904663217574
SWE,pulses,0.0,0.0,0.006188520972962584,0.00431435450386322,-0.6188520972962585
SWE,rapeseed_canola,0.0,0.0,0.004454896478173272,0.0029149658274680045,-0.44548964781732714
SWE,rice,0.0,0.0,0.0,0.0,0.0
SWE,sorghum,0.0,0.0,0.0,0.0,0.0
SWE,sugarbeet,0.5,0.06072874493927126,0.007268419876359669,0.006461352907927676,5.3460325062911584
SWE,wheat,6.5,0.011492535114325466,0.003775782928905951,0.0020604736545040843,0.7716752185419515
SWZ,banana_plantain,0.0,0.0,0.00010522796773035439,0.00024396429286011517,-0.010522796773035439
SWZ,beans,0.0,0.0,3.661920515096154e-05,7.01506477376479e-05,-0.0036619205150961545
SWZ,cotton,0.0,0.0,2.0558569662823304e-05,7.66745682122062e-05,-0.00205585696628233
SWZ,groundnut,0.0,0.0,4.140989210460522e-05,0.00016024453289685206,-0.004140989210460522
SWZ,maize,2.0,0.004441964934917282,9.048132883212736e-05,0.0003804033780943989,0.43514836060851547
SWZ,potato,0.0,0.0,2.30006821569405e-05,0.0002388089015064949,-0.00230006821569405
SWZ,rice,0.0,0.0,1.2425377874624505e-06,1.8915894055894632e-06,-0.00012425377874624504
SWZ,sorghum,0.0,0.0,1.6968104201274776e-05,2.6515050874685506e-05,-0.0016968104201274777
SWZ,sugarcane,0.0,0.0,0.002921496961244229,0.0022101353042014646,-0.29214969612442293
SWZ,sweet_potato,0.0,0.0,3.171916348312267e-05,0.00021125888081165528,-0.003171916348312267
SWZ,wheat,0.0,0.0,9.279190202495453e-07,1.7688688009238148e-06,-9.279190202495454e-05
SYC,banana_plantain,0.0,0.0,1.1888780726281225e-05,8.011208863181226e-06,-0.0011888780726281225
SYC,cassava,0.0,0.0,7.558387361294844e-07,6.517233995835843e-07,-7.558387361294843e-05
SYR,banana_plantain,0.0,0.0,9.712717036685939e-07,3.119118204927117e-07,-9.71271703668594e-05
SYR,barley,0.25,0.004638833664678595,0.008103496858633243,0.02760471633669673,-0.34646631939546474
SYR,beans,0.0,0.0,5.803378444905509e-05,2.033369765094379e-05,-0.005803378444905509
SYR,chickpea,0.0,0.0,0.002584061069907101,0.0044846348729631925,-0.2584061069907101
SYR,cotton,0.0,0.0,0.0011579211865280483,0.0010643510008517699,-0.11579211865280484
SYR,groundnut,0.0,0.0,0.0004077320052643,0.00023477581422105402,-0.04077320052643
SYR,lentil,0.0,0.0,0.012519187786475771,0.02037215394922206,-1.2519187786475772
SYR,maize,0.0,0.0,0.00024079850642895934,0.00028209187884194127,-0.024079850642895934
SYR,millet,0.0,0.0,5.4716736453256465e-06,4.173584829003688e-06,-0.0005471673645325646
SYR,oat_rye,0.0,0.0,2.1463877848502336e-07,5.130613446927396e-07,-2.1463877848502336e-05
SYR,potato,0.0,0.0,0.001611227919364782,0.0014730188166318426,-0.16112279193647822
SYR,pulses,0.0,0.0,0.0016505647354984516,0.002052099335889363,-0.16505647354984515
SYR,rice,0.0,0.0,0.0,0.0,0.0
SYR,sorghum,0.0,0.0,5.264184647403486e-05,4.188965429035161e-05,-0.005264184647403486
SYR,soybean,0.0,0.0,9.52828657414082e-06,1.3792014595501593e-05,-0.000952828657414082
SYR,sugarbeet,0.0,0.0,6.296347918066723e-05,0.00010599303036940304,-0.006296347918066723
SYR,sugarcane,0.0,0.0,0.0,0.0,0.0
SYR,sunflower,0.0,0.0,0.00012035724336109084,0.00016003075368429664,-0.012035724336109084
SYR,wheat,0.0,0.0,0.00276290494385697,0.0060419074376990975,-0.276290494385697
TCD,beans,0.0,0.0,0.004004538028369411,0.004590006345112686,-0.4004538028369411
TCD,cassava,0.0,0.0,0.0009238205697209308,0.001138494948426099,-0.09238205697209308
TCD,cotton,0.0,0.0,0.001824209755562741,0.007508391068868773,-0.18242097555627412
TCD,groundnut,0.0,0.0,0.015892940523093892,0.024947307568689698,-1.5892940523093892
TCD,maize,0.0,0.0,0.00034467691681408107,0.0016534550264628344,-0.034467691681408105
TCD,millet,0.0,0.0,0.022671802924239298,0.037836618697084226,-2.2671802924239297
TCD,potato,0.0,0.0,9.86414367156931e-05,0.0002245155401797334,-0.00986414367156931
TCD,rice,0.0,0.0,0.00033723702557796027,0.0011295112182729016,-0.033723702557796026
TCD,sorghum,0.0,0.0,0.0162644861614863,0.027936464888554,-1.6264486161486302
TCD,sugarcane,0.0,0.0,0.00016211055723527328,0.00012806095792863083,-0.016211055723527327
TCD,sweet_potato,0.0,0.0,0.002399077650679227,0.004398511908238619,-0.2399077650679227
TCD,wheat,0.0,0.0,2.0658479687526224e-06,3.7971593831939722e-06,-0.00020658479687526223
TGO,banana_plantain,0.0,0.0,0.00014672459660082648,0.0001541501049698191,-0.014672459660082649
TGO,beans,0.0,0.0,0.005412720135671046,0.00786874706867196,-0.5412720135671045
TGO,cassava,0.0,0.0,0.003665045237886744,0.00960245965414132,-0.36650452378867443
TGO,chickpea,0.0,0.0,9.697793139329988e-05,0.00014273976666515323,-0.009697793139329988
TGO,coffee_cocoa,0.0,0.0,0.002038316846506591,0.002255442022693419,-0.2038316846506591
TGO,cotton,0.0,0.0,0.0011311094234251551,0.0036996378097196845,-0.11311094234251551
TGO,groundnut,0.0,0.0,0.0008304617277812002,0.0019251929184387158,-0.08304617277812003
TGO,maize,0.0,0.0,0.0007921125531692154,0.0036884940864122468,-0.07921125531692154
TGO,millet,0.0,0.0,0.0008848328885616238,0.0014726249321881022,-0.08848328885616238
TGO,oilpalm,0.0,0.0,0.00030499590769819527,0.0005149035518787347,-0.030499590769819528
TGO,rice,0.0,0.0,0.00020386498682323765,0.000571088480162495,-0.020386498682323766
TGO,sorghum,0.0,0.0,0.004739944887242582,0.007768399056840289,-0.4739944887242582
TGO,soybean,0.0,0.0,0.0004603663991383319,0.0013924109542745465,-0.04603663991383319
TGO,sweet_potato,0.0,0.0,0.00010128466497623387,0.0003480122606932395,-0.010128466497623386
TGO,yam,0.0,0.0,0.011171844796025262,0.010629077174812276,-1.117184479602526
THA,banana_plantain,0.0,0.0,0.007755346650915338,0.004929109666423113,-0.7755346650915338
THA,barley,0.0,0.0,0.0010340655929048361,0.001346937508883937,-0.10340655929048362
THA,beans,0.0,0.0,0.0023128785088706123,0.002371135752916288,-0.23128785088706122
THA,cassava,0.0,0.0,0.10032503686657772,0.048703704383953716,-10.032503686657773
THA,coffee_cocoa,0.0,0.0,0.0013811184892891083,0.0015427520652340073,-0.13811184892891085
THA,cotton,0.0,0.0,5.431956216410505e-05,7.557146855030259e-05,-0.005431956216410505
THA,groundnut,0.0,0.0,0.0005475698447977772,0.00043253657325996355,-0.054756984479777726
THA,maize,1.0,0.002220982467458641,0.004184814845936619,0.0053235612028820255,-0.19638323784779776
THA,oilpalm,3.0,0.4,0.042527891659642214,0.034205014771075376,35.74721083403578
THA,potato,0.0,0.0,0.00031952195282789793,0.0003832414882575935,-0.031952195282789794
THA,rice,13.5,0.03467762650911894,0.041509643005473475,0.06570538104282209,-0.6832016496354537
THA,sorghum,0.0,0.0,0.0007626721667763778,0.0005834490075759808,-0.07626721667763778
THA,soybean,0.0,0.0,7.475418136612701e-05,0.0001226733892214908,-0.007475418136612701
THA,sugarcane,4.0,0.050409577819785764,0.05226175913990595,0.06187986409346408,-0.18521813201201887
THA,sunflower,0.0,0.0,0.00047195858557445825,0.0011161442113269673,-0.047195858557445826
THA,wheat,0.0,0.0,1.7083642983181177e-06,5.9546992515441575e-06,-0.00017083642983181177
TJK,barley,0.0,0.0,0.0009263558792963754,0.0014500571533190303,-0.09263558792963754
TJK,beans,0.0,0.0,0.0007828659089324786,8.378360619864617e-05,-0.07828659089324787
TJK,cotton,0.0,0.0,0.005040135634630274,0.005559305383384147,-0.5040135634630274
TJK,groundnut,0.0,0.0,0.0002608852401911516,0.00011409124358850202,-0.026088524019115163
TJK,lentil,0.0,0.0,0.0001567525624599772,0.00010578644747824671,-0.015675256245997717
TJK,maize,0.0,0.0,0.00021009239347106638,8.553070519708945e-05,-0.021009239347106638
TJK,millet,0.0,0.0,4.99539673672239e-06,1.758315830737665e-06,-0.000499539673672239
TJK,oat_rye,0.0,0.0,5.983820844826082e-05,0.0001190074292422848,-0.005983820844826082
TJK,potato,0.0,0.0,0.002752834751185883,0.00315397004159858,-0.2752834751185883
TJK,pulses,0.0,0.0,0.0005899984855553146,0.0008821481431958753,-0.05899984855553146
TJK,rapeseed_canola,0.0,0.0,1.890913971060139e-06,6.551526983286686e-06,-0.0001890913971060139
TJK,rice,0.0,0.0,0.00016019307114182847,7.665985385906262e-05,-0.016019307114182847
TJK,sorghum,0.0,0.0,9.978942080769696e-07,4.2243319289050643e-07,-9.978942080769696e-05
TJK,soybean,0.0,0.0,5.8799617468745324e-08,4.890674853740825e-07,-5.879961746874532e-06
TJK,sunflower,0.0,0.0,0.00022458205037700622,0.00014597878425451355,-0.022458205037700622
TJK,wheat,0.0,0.0,0.0011010557957886256,0.0012324925725743742,-0.11010557957886256
TKM,barley,0.0,0.0,0.0005831850354493474,0.0008201346447459708,-0.058318503544934744
TKM,beans,0.0,0.0,0.00010121476379625446,2.140175486728056e-05,-0.010121476379625446
TKM,cotton,0.0,0.0,0.015905182920264733,0.017784946747315324,-1.5905182920264733
TKM,maize,0.0,0.0,1.0533305894846563e-05,1.9498763123872164e-05,-0.0010533305894846563
TKM,oat_rye,0.0,0.0,0.0,0.0,0.0
TKM,potato,0.0,0.0,0.0013275909623723498,0.0020232955233009378,-0.13275909623723497
TKM,pulses,0.0,0.0,0.0008492986978301507,0.000923433736844802,-0.08492986978301507
TKM,rice,0.0,0.0,0.00010966450060579157,0.00012133664106104605,-0.010966450060579157
TKM,sorghum,0.0,0.0,0.0,0.0,0.0
TKM,sugarbeet,0.0,0.0,0.0006761591424990833,0.00397751623398808,-0.06761591424990833
TKM,wheat,0.0,0.0,0.0017550225446733728,0.0033133931535342205,-0.17550225446733728
TLS,banana_plantain,0.0,0.0,3.97113745547803e-06,8.684281738981289e-05,-0.000397113745547803
TLS,beans,0.0,0.0,0.0002770104309700506,0.00015684196863932496,-0.027701043097005062
TLS,cassava,0.0,0.0,6.364074236887757e-05,0.00019236373191143348,-0.006364074236887758
TLS,coffee_cocoa,0.0,0.0,0.0006000146355708985,0.00103673403290658,-0.06000146355708985
TLS,groundnut,0.0,0.0,5.6919873544381593e-05,0.0001318470147397048,-0.005691987354438159
TLS,maize,0.0,0.0,6.631272241907465e-05,0.00020779235749798534,-0.006631272241907464
TLS,potato,0.0,0.0,3.0332651733673654e-06,6.715873323639381e-05,-0.0003033265173367365
TLS,rice,0.0,0.0,7.397241628026456e-05,0.00015137216132690421,-0.007397241628026456
TLS,soybean,0.0,0.0,2.11523098266882e-06,6.122688805750058e-06,-0.000211523098266882
TLS,sweet_potato,0.0,0.0,5.9194749976882595e-05,0.0002825560108882783,-0.005919474997688259
TON,banana_plantain,0.0,0.0,1.896311348612137e-05,6.661779829260127e-05,-0.0018963113486121371
TON,cassava,0.0,0.0,2.23840413020078e-05,1.519371319433245e-05,-0.00223840413020078
TON,coffee_cocoa,0.0,0.0,9.284077781341129e-07,4.5440895590908613e-07,-9.28407778134113e-05
TON,groundnut,0.0,0.0,2.292533300940805e-05,6.608947957086254e-05,-0.002292533300940805
TON,sweet_potato,0.0,0.0,7.356635442242883e-05,9.07118870359496e-05,-0.007356635442242883
TON,yam,0.0,0.0,5.623628517935799e-05,3.63918282555393e-05,-0.005623628517935799
TTO,banana_plantain,0.0,0.0,5.158435877423263e-05,0.00020633787746173124,-0.005158435877423264
TTO,beans,0.0,0.0,1.3627256287104137e-05,3.3869190814633755e-06,-0.0013627256287104138
TTO,cassava,0.0,0.0,7.408415091043953e-06,8.7093945217079e-06,-0.0007408415091043954
TTO,coffee_cocoa,0.0,0.0,6.299465509456795e-05,0.0003163864430420337,-0.006299465509456795
TTO,maize,0.0,0.0,0.0,0.0,0.0
TTO,rice,0.0,0.0,6.137877808025451e-07,2.9851835378241433e-06,-6.13787780802545e-05
TTO,sugarcane,0.0,0.0,0.0,0.0,0.0
TTO,sweet_potato,0.0,0.0,1.5556116298306937e-05,2.98076847666497e-05,-0.0015556116298306938
TTO,yam,0.0,0.0,4.6801592130171166e-07,5.409877270691948e-07,-4.6801592130171163e-05
TUN,barley,0.0,0.0,0.0034921687302493787,0.010572585236409963,-0.34921687302493787
TUN,beans,0.0,0.0,6.548826610219202e-06,6.262145352058183e-06,-0.0006548826610219201
TUN,chickpea,0.0,0.0,0.000647203871325489,0.0005010922223050668,-0.0647203871325489
TUN,cotton,0.0,0.0,8.513390480863858e-05,6.94769952801169e-05,-0.008513390480863858
TUN,lentil,0.0,0.0,0.0002701849636936324,0.0006547667717985848,-0.02701849636936324
TUN,oat_rye,0.0,0.0,0.0005098288368196692,0.0008580323915009224,-0.05098288368196691
TUN,potato,0.0,0.0,0.00118371953755997,0.0015182594887750934,-0.118371953755997
TUN,pulses,0.0,0.0,0.0038499586208075934,0.005963306297327548,-0.3849958620807593
TUN,rapeseed_canola,0.0,0.0,6.24895456306537e-05,0.0001845337675192523,-0.00624895456306537
TUN,sorghum,0.0,0.0,2.081070107869546e-05,5.78536993705161e-05,-0.0020810701078695457
TUN,sugarbeet,0.0,0.0,0.0003255434796344291,0.00032584524053185036,-0.032554347963442906
TUN,sunflower,0.0,0.0,0.00011954963674835823,0.00026716628843051466,-0.011954963674835823
TUN,wheat,5.0,0.008840411626404204,0.0015292958898479995,0.0028240969008486165,0.7311115736556205
TUR,banana_plantain,0.0,0.0,0.004335788905122878,0.0008823328745274618,-0.43357889051228776
TUR,barley,0.2,0.0037110669317428767,0.049046942772962995,0.060850038233480744,-4.533587584122012
TUR,beans,0.0,0.0,0.006757277545285436,0.001955072642923379,-0.6757277545285436
TUR,chickpea,0.5,0.06451612903225806,0.03686612253251514,0.03469610980049738,2.7650006499742927
TUR,cotton,3.2,0.0555877243775333,0.030737539043991305,0.014390044790051461,2.4850185333541996
TUR,groundnut,0.0,0.0,0.003676551109716911,0.001594003527215181,-0.3676551109716911
TUR,lentil,0.0,0.0,0.055143415284780506,0.05350721982198948,-5.514341528478051
TUR,maize,2.033333333333333,0.0045159976838325695,0.005798085152173679,0.0035795526999295303,-0.12820874683411093
TUR,millet,0.0,0.0,0.0001523525244677621,5.415355129978859e-05,-0.015235252446776211
TUR,oat_rye,0.0,0.0,0.015955509215683294,0.01717732802440257,-1.5955509215683294
TUR,potato,1.0,0.019916540212443094,0.013467405313857926,0.008288261098991294,0.6449134898585168
TUR,pulses,0.5,0.03664921465968586,0.000601395358664072,0.0004340668836850464,3.6047819301021784
TUR,rapeseed_canola,0.0,0.0,0.0018672830840966552,0.0011129849686478067,-0.1867283084096655
TUR,rice,0.0,0.0,0.001260658130196278,0.0007565627748632223,-0.1260658130196278
TUR,sorghum,0.0,0.0,1.832555253737676e-07,7.859222193311748e-08,-1.8325552537376758e-05
TUR,soybean,0.0,0.0,0.00044238271399912773,0.00028841275287162294,-0.04423827139991277
TUR,sugarbeet,0.3333333333333333,0.04048582995951417,0.07163609839107117,0.06821244798592022,-3.1150268431557
TUR,sunflower,1.2,0.05564142194744977,0.0411801815204804,0.029292181694082542,1.446124042696937
TUR,wheat,5.033333333333333,0.008899347703913565,0.025115038256096393,0.03162914949178303,-1.6215690552182829
TUV,banana_plantain,0.0,0.0,1.7095923685684184e-06,1.3133129283903652e-06,-0.00017095923685684183
TWN,banana_plantain,0.0,0.0,0.0020719170354506315,0.0012310502898383135,-0.20719170354506317
TWN,barley,0.0,0.0,0.0,0.0,0.0
TWN,beans,0.0,0.0,0.0003063698362431916,0.00012452816152756948,-0.03063698362431916
TWN,cassava,0.0,0.0,2.6846364682659278e-05,1.330437364200428e-05,-0.0026846364682659276
TWN,coffee_cocoa,0.0,0.0,5.9386502771484415e-05,4.752781079582441e-05,-0.0059386502771484415
TWN,cotton,0.0,0.0,0.0,0.0,0.0
TWN,groundnut,0.0,0.0,0.0010023699176077037,0.0006304079804328799,-0.10023699176077037
TWN,maize,0.0,0.0,0.00017286047587352366,0.0001571518140550722,-0.017286047587352367
TWN,millet,0.0,0.0,1.6318761218450113e-05,9.931586120869887e-06,-0.0016318761218450113
TWN,potato,0.0,0.0,0.00016198612702011085,0.00015748663929230275,-0.016198612702011086
TWN,rapeseed_canola,0.0,0.0,1.0389980847310229e-07,1.9092709776439134e-07,-1.038998084731023e-05
TWN,rice,7.0,0.017980991523246854,0.002233560817124713,0.001540129661118522,1.574743070612214
TWN,sorghum,0.0,0.0,4.172921749148582e-05,4.5062815250901235e-05,-0.004172921749148582
TWN,soybean,0.0,0.0,1.3149702814322731e-05,2.676632081577582e-05,-0.001314970281432273
TWN,sugarcane,0.0,0.0,0.00029673200140559934,0.00032457117475723067,-0.029673200140559935
TWN,sunflower,0.0,0.0,0.0,0.0,0.0
TWN,sweet_potato,0.0,0.0,0.0024551293029879116,0.0012544730036981818,-0.24551293029879115
TWN,wheat,1.0,0.001768082325280841,6.719892640514047e-06,1.1162522271383007e-05,0.17613624326403268
TZA,banana_plantain,2.0,0.16216216216216217,0.023002307499224363,0.0515040453649805,13.915985466293781
TZA,barley,0.0,0.0,0.00010979496781472619,0.00018497919899262307,-0.01097949678147262
TZA,beans,0.0,0.0,0.037900415222020506,0.023592336156933225,-3.7900415222020505
TZA,cassava,0.0,0.0,0.028494790096823257,0.041943397309267126,-2.8494790096823257
TZA,chickpea,0.0,0.0,0.002337970125573449,0.0029473545707722894,-0.23379701255734492
TZA,coffee_cocoa,0.0,0.0,0.004568106522579361,0.010711731827760897,-0.45681065225793605
TZA,cotton,0.0,0.0,0.003162077512477965,0.010607199136773932,-0.3162077512477965
TZA,groundnut,0.0,0.0,0.014532171979644543,0.03260865596316932,-1.4532171979644541
TZA,maize,7.533333333333333,0.016731401254855095,0.005583522374382729,0.019519781581943403,1.1147878880472366
TZA,millet,0.0,0.0,0.011068276230281636,0.009020263263161481,-1.1068276230281635
TZA,oilpalm,0.0,0.0,0.00019809787385847047,0.0002055685162535541,-0.019809787385847048
TZA,potato,0.0,0.0,0.0021716930947112316,0.004945715471994144,-0.21716930947112317
TZA,pulses,0.0,0.0,0.0015262785719492777,0.00499208812399,-0.15262785719492777
TZA,rice,2.5,0.006421782686873877,0.0050731474368109165,0.007574445839694036,0.13486352500629606
TZA,sorghum,0.3333333333333333,0.014245014245014247,0.012655192198844836,0.016755901012251613,0.15898220461694115
TZA,soybean,0.0,0.0,0.000126836831857126,0.0002988467117395241,-0.012683683185712601
TZA,sugarcane,0.0,0.0,0.0017429715506328252,0.0018211685877657854,-0.17429715506328253
TZA,sunflower,0.0,0.0,0.020011787270224075,0.03670397310325219,-2.0011787270224075
TZA,sweet_potato,0.0,0.0,0.03474341184326656,0.05991377544464317,-3.474341184326656
TZA,wheat,0.3333333333333333,0.0005893607750936136,8.639028871342383e-05,0.00026232527423721155,0.050297048638018975
TZA,yam,0.0,0.0,0.00011373140015923634,0.0001573858141365919,-0.011373140015923634
UGA,banana_plantain,0.0,0.0,0.05936399963436329,0.18408318248292713,-5.93639996343633
UGA,beans,0.0,0.0,0.019878775279328104,0.01681517199073583,-1.9878775279328105
UGA,cassava,0.0,0.0,0.008585474130305937,0.03522515601764456,-0.8585474130305937
UGA,chickpea,0.0,0.0,0.00035059482237094047,0.0006289693802950258,-0.03505948223709405
UGA,coffee_cocoa,0.25,0.0096961861667744,0.025206866621120334,0.03126159426554747,-1.5510680454345933
UGA,cotton,0.0,0.0,0.0016775158903620676,0.00281564665082579,-0.16775158903620677
UGA,groundnut,0.0,0.0,0.003293127989883154,0.011403266516461608,-0.3293127989883154
UGA,maize,4.25,0.009439175486699224,0.0031097202034861353,0.010119333547154276,0.6329455283213088
UGA,millet,0.0,0.0,0.0031498449112832786,0.002224965123354647,-0.3149844911283279
UGA,potato,0.0,0.0,0.0008962543239722019,0.002602784508486742,-0.08962543239722019
UGA,pulses,0.0,0.0,0.0006461451112925035,0.0025563975795093053,-0.06461451112925035
UGA,rice,0.0,0.0,0.0003407054144944383,0.0012748461074326414,-0.03407054144944383
UGA,sorghum,0.0,0.0,0.003801510309907719,0.005792693749733003,-0.3801510309907719
UGA,soybean,0.0,0.0,0.00038626660316584644,0.0015855754780599233,-0.03862666031658465
UGA,sugarcane,1.0,0.012602394454946441,0.0029714499583179195,0.0031096194099327454,0.9630944496628522
UGA,sunflower,0.0,0.0,0.006950901994479234,0.009837809554965255,-0.6950901994479234
UGA,sweet_potato,0.0,0.0,0.014396526632881792,0.03857468152257544,-1.4396526632881792
UGA,wheat,0.0,0.0,3.167397693626951e-05,6.861013709721041e-05,-0.003167397693626951
UKR,barley,0.16666666666666666,0.0030925557764523966,0.05142000945633479,0.047939040115232645,-4.832745367988239
UKR,beans,0.0,0.0,0.0018161459312159155,0.0008779998865855896,-0.18161459312159156
UKR,lentil,0.0,0.0,0.0012597972212355887,0.0016113415662644733,-0.12597972212355887
UKR,maize,8.416666666666666,0.018693269101110226,0.02951359157754982,0.024480151647207717,-1.0820322476439592
UKR,millet,0.0,0.0,0.005229133069795657,0.002855814063549746,-0.5229133069795656
UKR,oat_rye,0.0,0.0,0.01745618160186243,0.01867999349210188,-1.7456181601862428
UKR,potato,0.1,0.0019916540212443095,0.05696202613300424,0.07602746296465854,-5.497037211175993
UKR,pulses,3.0,0.21989528795811517,0.027427382931245706,0.025754156656228135,19.246790502686945
UKR,rapeseed_canola,0.5,0.014087341517407927,0.03868564867759072,0.030503058644832774,-2.4598307160182795
UKR,rice,0.0,0.0,6.135806911713014e-05,5.486217504314134e-05,-0.006135806911713014
UKR,sorghum,0.0,0.0,0.0023960320580536086,0.0009470362742940656,-0.23960320580536085
UKR,soybean,0.5,0.0037816714988024706,0.010119930508111467,0.011768614690248503,-0.6338259009308997
UKR,sugarbeet,0.5,0.06072874493927126,0.04057879298126203,0.05005893056943211,2.014995195800923
UKR,sunflower,3.6666666666666665,0.17001545595054096,0.2610669389021665,0.218287757699096,-9.105148295162552
UKR,wheat,14.166666666666666,0.025047832941478578,0.03391385734658497,0.0299030225065567,-0.886602440510639
URY,barley,0.0,0.0,0.004539515693958438,0.0036733166873396416,-0.45395156939584375
URY,beans,0.0,0.0,8.017868039627185e-05,9.858614822734401e-05,-0.008017868039627184
URY,cotton,0.0,0.0,0.0,0.0,0.0
URY,groundnut,0.0,0.0,3.43197113839511e-05,0.00011065464272052727,-0.0034319711383951103
URY,maize,0.08333333333333333,0.00018508187228822006,0.0006128463337526235,0.0005876353231511642,-0.04277644614644034
URY,oat_rye,0.0,0.0,0.0007573443443332654,0.0010332599427583162,-0.07573443443332654
URY,potato,0.0,0.0,0.00023632799151084225,0.0002301337400075934,-0.023632799151084224
URY,pulses,0.0,0.0,0.0001751426118765587,0.0001636871122411094,-0.01751426118765587
URY,rapeseed_canola,0.3055555555555555,0.008608930927304843,0.0019112144352689542,0.0024831432829243126,0.6697716492035889
URY,rice,1.0,0.002568713074749551,0.0016471132683010055,0.0008990827843544516,0.09215998064485455
URY,sorghum,0.0,0.0,0.0017456785602271488,0.0006380706018194975,-0.17456785602271488
URY,soybean,1.7222222222222223,0.013025757384764067,0.006014674345518903,0.00760328610382841,0.7011083039245164
URY,sugarbeet,0.0,0.0,0.0,0.0,0.0
URY,sugarcane,0.0,0.0,0.00022748446046253192,0.0002502200686454421,-0.02274844604625319
URY,sunflower,0.0,0.0,9.624982178250762e-05,0.00010517512760581038,-0.009624982178250762
URY,sweet_potato,0.0,0.0,0.0008974848673863673,0.0011593461789921032,-0.08974848673863674
URY,wheat,1.3055555555555556,0.0023083297024499867,0.0010790913341117824,0.001066029647404347,0.12292383683382042
USA,banana_plantain,0.5,0.04054054054054054,2.136943616715047e-05,2.7743735612246462e-05,4.051917110437339
USA,barley,1.4166666666666665,0.026286724099845372,0.022747285532925487,0.01799810257391681,0.35394385669198847
USA,beans,2.5,0.18867924528301888,0.029792889413077964,0.010763214613377047,15.888635586994093
USA,chickpea,0.0,0.0,0.016832983920890478,0.012683691520027468,-1.6832983920890479
USA,coffee_cocoa,0.0,0.0,0.00018517117438753418,0.00012154598072501556,-0.01851711743875342
USA,cotton,18.866666666666667,0.32773595830920677,0.1407021466417245,0.11751180525373947,18.703381166748226
USA,groundnut,5.25,0.24920886075949367,0.0494063026636033,0.019222509798168887,19.980255809589035
USA,lentil,0.0,0.0,0.0424674276818671,0.043295623693735984,-4.24674276818671
USA,maize,159.51944444444445,0.35428988932985384,0.31146384530501503,0.16489690345601363,4.28260440248388
USA,millet,0.0,0.0,0.009217063603025906,0.006568372346164416,-0.9217063603025907
USA,oat_rye,1.0,0.06662436548223351,0.020679314575290896,0.0266875129191697,4.594505090694261
USA,potato,2.333333333333333,0.04647192716236721,0.05148024785728078,0.02250513936927268,-0.5008320694913568
USA,pulses,0.7666666666666666,0.05619546247818498,0.039143395013945065,0.0372064733338889,1.7052067464239915
USA,rapeseed_canola,1.0,0.028174683034815854,0.020204590771300258,0.02193637797054198,0.7970092263515596
USA,rice,9.052777777777777,0.02325398864057996,0.011595528304304584,0.006408595425078257,1.1658460336275376
USA,sorghum,3.9,0.16666666666666669,0.1478364064726518,0.051467295416230976,1.8830260194014876
USA,soybean,63.30833333333333,0.4788226396067061,0.3221649195077361,0.26323523164121504,15.665772009897
USA,sugarbeet,0.9166666666666666,0.11133603238866398,0.11220648959333546,0.09827398238413611,-0.08704572046714792
USA,sugarcane,3.7,0.04662885948330183,0.016130294715362183,0.0142378261248541,3.049856476793965
USA,sunflower,2.75,0.1275115919629057,0.019812932908695815,0.020204213560782027,10.769865905420989
USA,sweet_potato,1.5,0.6923076923076924,0.014663720667579384,0.008246527706366389,67.7643971640113
USA,wheat,47.94563492063492,0.08477182967754247,0.06306988193142635,0.06965089850918611,2.1701947746116126
UZB,barley,0.0,0.0,0.0008265632268127535,0.0019173071402130877,-0.08265632268127535
UZB,chickpea,0.0,0.0,0.0006738506295827431,0.00030346007402296855,-0.0673850629582743
UZB,cotton,4.333333333333333,0.07527504342790967,0.03971414848470651,0.032093356067912644,3.556089494320316
UZB,groundnut,0.0,0.0,0.0005051729180489822,4.237172661082481e-05,-0.05051729180489822
UZB,lentil,0.0,0.0,0.00016353335382850558,0.0002038159716026156,-0.016353335382850557
UZB,maize,0.3333333333333333,0.0007403274891528802,0.00044308279456151063,0.00025900328513374165,0.02972446945913696
UZB,millet,0.0,0.0,0.0028384290730974087,0.000986750098344923,-0.2838429073097409
UZB,oat_rye,0.0,0.0,0.0002842784082149541,0.0004128547633926399,-0.02842784082149541
UZB,potato,0.0,0.0,0.008541224570423453,0.005612546219209705,-0.8541224570423454
UZB,pulses,0.0,0.0,0.0009974766170717639,0.0003922829125174218,-0.09974766170717639
UZB,rapeseed_canola,0.0,0.0,1.6638302160978583e-05,4.578977310383717e-05,-0.0016638302160978582
UZB,rice,0.0,0.0,0.00039413610805928034,0.0003037418167455019,-0.039413610805928034
UZB,sorghum,0.0,0.0,0.0003179286874588216,0.00016007762003614784,-0.031792868745882163
UZB,soybean,0.0,0.0,5.319076624050278e-05,5.7323693413081945e-05,-0.005319076624050278
UZB,sugarbeet,0.0,0.0,7.664701911192917e-06,4.4930378911306694e-05,-0.0007664701911192917
UZB,sunflower,0.0,0.0,0.0006924824238711111,0.0003370040041148898,-0.06924824238711111
UZB,wheat,1.3333333333333333,0.0023574431003744543,0.007754010353803631,0.005974348835865067,-0.5396567253429176
VCT,banana_plantain,0.0,0.0,0.0003696328638422528,0.0004973351895698264,-0.036963286384225275
VCT,cassava,0.0,0.0,1.378909950008181e-06,5.134790420961573e-07,-0.0001378909950008181
VCT,coffee_cocoa,0.0,0.0,2.5289025848711492e-05,5.764261755513407e-05,-0.0025289025848711493
VCT,cotton,0.0,0.0,0.0,0.0,0.0
VCT,groundnut,0.0,0.0,3.5429510784258877e-06,1.828948567994128e-06,-0.0003542951078425888
VCT,maize,0.0,0.0,7.304373940585913e-07,1.974406821380121e-07,-7.304373940585913e-05
VCT,rice,0.0,0.0,0.0,0.0,0.0
VCT,sweet_potato,0.0,0.0,2.0520796900622774e-05,2.8573695976861994e-05,-0.0020520796900622773
VCT,yam,0.0,0.0,2.0699122762274148e-05,1.3670343718633116e-05,-0.0020699122762274148
VEN,banana_plantain,0.5,0.04054054054054054,0.007490944280821423,0.0079875692304702,3.3049596259719123
VEN,beans,0.0,0.0,0.002831434268758883,0.0020145914511463135,-0.2831434268758883
VEN,cassava,0.0,0.0,0.0014034403974781515,0.001105678371184441,-0.14034403974781515
VEN,coffee_cocoa,0.0,0.0,0.005115198755293705,0.010067783847353733,-0.5115198755293705
VEN,cotton,0.0,0.0,6.636396649348656e-05,0.0001270332008437506,-0.006636396649348657
VEN,groundnut,0.0,0.0,5.236421643895183e-05,2.9829435185470063e-05,-0.0052364216438951835
VEN,maize,0.0,0.0,0.0015577473574793833,0.0022525149854486213,-0.15577473574793832
VEN,oilpalm,0.0,0.0,0.0012346994023205186,0.001631267369377097,-0.12346994023205186
VEN,potato,0.0,0.0,0.001216717183177246,0.0012578866143999005,-0.1216717183177246
VEN,pulses,0.0,0.0,9.561721982064552e-06,1.2060735952487052e-05,-0.0009561721982064552
VEN,rice,0.0,0.0,0.0007550418062396279,0.000984412321617782,-0.07550418062396279
VEN,sorghum,0.0,0.0,0.000765512355930004,0.0004518954520876838,-0.0765512355930004
VEN,soybean,0.0,0.0,2.0360220106246002e-05,4.027953579381894e-05,-0.0020360220106246003
VEN,sugarbeet,0.0,0.0,8.650143982944919e-05,0.00024980579610331844,-0.008650143982944919
VEN,sugarcane,0.0,0.0,0.0016951149721943827,0.002306070743286377,-0.16951149721943826
VEN,sunflower,0.0,0.0,9.191285683991851e-05,0.00026020469665089197,-0.009191285683991851
VEN,sweet_potato,0.0,0.0,0.00021342607839058652,0.0002572181077379707,-0.021342607839058652
VEN,wheat,0.0,0.0,1.0737547124637635e-06,1.3404997384871498e-06,-0.00010737547124637635
VEN,yam,0.0,0.0,0.0006015484825129252,0.0005060315970124161,-0.06015484825129252
VNM,banana_plantain,0.0,0.0,0.013508460006519254,0.01117461854661831,-1.3508460006519254
VNM,beans,0.0,0.0,0.004220605419909859,0.002689822908790097,-0.4220605419909859
VNM,cassava,0.0,0.0,0.032713428108717885,0.01717336581048776,-3.2713428108717886
VNM,coffee_cocoa,3.416666666666667,0.13251454427925016,0.10784321074670286,0.026999078374487614,2.46713335325473
VNM,cotton,0.0,0.0,1.4706755183567894e-06,6.1066622167260644e-06,-0.00014706755183567895
VNM,groundnut,0.0,0.0,0.008118199689975285,0.005561865138838969,-0.8118199689975285
VNM,maize,0.41666666666666663,0.0009254093614411003,0.003992626518209278,0.0047300315773464285,-0.3067217156768178
VNM,millet,0.0,0.0,8.362439048582455e-05,4.5677567295207036e-05,-0.008362439048582455
VNM,potato,0.0,0.0,0.000893564095340276,0.00123404467395394,-0.08935640953402761
VNM,rice,17.5,0.04495247880811714,0.056126535569754804,0.044465534983749666,-1.1174056761637665
VNM,soybean,0.0,0.0,0.0001896275164842981,0.0003323898880612319,-0.01896275164842981
VNM,sugarcane,1.0,0.012602394454946441,0.007003527475162017,0.007818768707313177,0.5598866979784424
VNM,sweet_potato,0.0,0.0,0.014032293551740023,0.0144751546777526,-1.4032293551740023
VUT,banana_plantain,0.0,0.0,0.00010151488732337242,0.0001336788396985343,-0.010151488732337241
VUT,cassava,0.0,0.0,1.589067211884428e-05,1.0368326811557022e-05,-0.001589067211884428
VUT,coffee_cocoa,0.0,0.0,7.177333392967088e-05,9.667971285999057e-05,-0.007177333392967088
VUT,groundnut,0.0,0.0,3.681985636371107e-05,5.4608108489219686e-05,-0.0036819856363711073
VUT,maize,0.0,0.0,8.211735266328323e-07,7.585511459716455e-06,-8.211735266328322e-05
VUT,potato,0.0,0.0,4.304434682036255e-09,2.9507352037079884e-08,-4.3044346820362547e-07
VUT,sugarcane,0.0,0.0,4.704195910488459e-07,8.556157362496121e-07,-4.704195910488459e-05
VUT,sweet_potato,0.0,0.0,6.493971697824917e-05,0.00010146130049365583,-0.006493971697824917
VUT,yam,0.0,0.0,0.0002543128374432479,0.00010923790642743357,-0.025431283744324792
WSM,banana_plantain,0.0,0.0,0.00013322114485782256,0.00022858211518634306,-0.013322114485782256
WSM,cassava,0.0,0.0,1.4802977829837824e-06,1.2441992173868426e-06,-0.00014802977829837823
WSM,coffee_cocoa,0.0,0.0,2.995767747543067e-05,0.00011064858076386247,-0.002995767747543067
WSM,sugarcane,0.0,0.0,6.22835538548672e-09,3.8027366055538314e-08,-6.22835538548672e-07
WSM,yam,0.0,0.0,1.0646818005054285e-05,2.9213337261736523e-05,-0.0010646818005054285
YEM,banana_plantain,0.0,0.0,0.0007280137999711511,0.0008091977608277234,-0.07280137999711511
YEM,barley,0.0,0.0,0.00021418793307749338,0.0005758283030544712,-0.02141879330774934
YEM,beans,0.0,0.0,0.0018323902118272434,0.0005679221653073468,-0.18323902118272434
YEM,chickpea,0.0,0.0,0.0024742632417105582,0.001289411697681173,-0.2474263241710558
YEM,coffee_cocoa,0.0,0.0,0.0015405674213712492,0.0015025284576553883,-0.15405674213712492
YEM,cotton,0.0,0.0,9.948827514628502e-05,0.00021991297348138055,-0.009948827514628502
YEM,groundnut,0.0,0.0,2.799227848921701e-05,6.721548705222548e-05,-0.002799227848921701
YEM,lentil,0.0,0.0,0.0014578933079481423,0.0018688939054490252,-0.14578933079481424
YEM,maize,0.0,0.0,6.27276545678437e-05,0.00018419420728184365,-0.00627276545678437
YEM,millet,0.0,0.0,0.001477807813563961,0.002696625294053365,-0.1477807813563961
YEM,potato,0.0,0.0,0.0007364387350432246,0.000978817881774014,-0.07364387350432246
YEM,pulses,0.0,0.0,0.00042341008371463206,0.000627537036443537,-0.04234100837146321
YEM,sorghum,0.0,0.0,0.0032387979526222617,0.0073101228987344094,-0.32387979526222616
YEM,sweet_potato,0.0,0.0,3.551340351082639e-06,5.37470672885312e-06,-0.0003551340351082639
YEM,wheat,0.0,0.0,0.00013956753850535874,0.0003089104097771989,-0.013956753850535873
ZAF,banana_plantain,0.5,0.04054054054054054,0.0024164457277476787,0.0005637888237463789,3.8124094812792864
ZAF,barley,0.0,0.0,0.0026279391544975195,0.0024148671201082664,-0.26279391544975195
ZAF,beans,0.0,0.0,0.0017349162604236251,0.001240883493734658,-0.1734916260423625
ZAF,cotton,0.0,0.0,0.0010267222693342857,0.0008654517712059895,-0.10267222693342856
ZAF,groundnut,0.0,0.0,0.0008980480233535449,0.001274406155207296,-0.0898048023353545
ZAF,maize,6.083333333333333,0.013510976677040066,0.012576679371023018,0.013478662106837264,0.09342973060170473
ZAF,millet,0.0,0.0,0.00020644689880424451,0.0004166049189729098,-0.020644689880424453
ZAF,oat_rye,0.0,0.0,0.0007904086676542342,0.0015800123157525456,-0.07904086676542342
ZAF,potato,1.0,0.019916540212443094,0.006961420164912728,0.0041338383851051135,1.2955120047530366
ZAF,pulses,0.0,0.0,4.540680345713573e-05,8.785398899605031e-05,-0.004540680345713572
ZAF,rapeseed_canola,0.0,0.0,0.0020124561598533542,0.0024473035391439683,-0.2012456159853354
ZAF,rice,0.0,0.0,3.987063018270684e-06,6.6102230417833715e-06,-0.00039870630182706836
ZAF,sorghum,0.0,0.0,0.002437094870220693,0.001022681287904691,-0.24370948702206932
ZAF,soybean,0.0,0.0,0.004571205098193333,0.0061913763092691565,-0.4571205098193333
ZAF,sugarcane,1.5,0.01890359168241966,0.009604262830468726,0.009883974114003774,0.9299328851950934
ZAF,sunflower,0.0,0.0,0.014315024169780251,0.01978759126959248,-1.431502416978025
ZAF,sweet_potato,0.0,0.0,0.0009521513659042602,0.004374106352173928,-0.09521513659042602
ZAF,wheat,2.5,0.004420205813202102,0.0025705980332710425,0.002440457323487504,0.18496077799310595
ZMB,banana_plantain,0.0,0.0,4.141507288138629e-06,1.313312928390365e-05,-0.0004141507288138629
ZMB,barley,0.0,0.0,6.213022465945628e-05,2.6337065008556964e-05,-0.006213022465945629
ZMB,beans,0.0,0.0,0.0016372245399828742,0.0021128364708330786,-0.16372245399828741
ZMB,cassava,0.0,0.0,0.01210637676866975,0.005048493026566208,-1.2106376768669749
ZMB,coffee_cocoa,0.0,0.0,0.0005332115642764977,0.0003412358809457287,-0.05332115642764977
ZMB,cotton,0.0,0.0,0.0006837315123988594,0.0020057825703171644,-0.06837315123988594
ZMB,groundnut,0.0,0.0,0.0030221956310087965,0.007635450222408282,-0.30221956310087966
ZMB,maize,2.3333333333333335,0.0051822924240701625,0.0024463331609462964,0.005770462203850443,0.2735959263123866
ZMB,millet,0.0,0.0,0.0010503239514392465,0.0013990204145556114,-0.10503239514392465
ZMB,potato,0.0,0.0,0.0001329214003274645,0.00014758397194865875,-0.013292140032746449
ZMB,rice,0.0,0.0,6.0944622434213185e-05,0.00019882125223006985,-0.006094462243421319
ZMB,sorghum,0.0,0.0,0.0002478717969188505,0.0005699262333896138,-0.02478717969188505
ZMB,soybean,0.0,0.0,0.0009995668428764198,0.0020021192394802686,-0.09995668428764198
ZMB,sugarcane,0.0,0.0,0.002361613750130104,0.0016551030802012495,-0.2361613750130104
ZMB,sunflower,0.0,0.0,0.0010859955837502515,0.004065018681964571,-0.10859955837502515
ZMB,sweet_potato,0.0,0.0,0.0017195755849798132,0.006808875922317498,-0.1719575584979813
ZMB,wheat,1.0,0.001768082325280841,0.00023293992707913318,0.00012396391348854137,0.15351423982017076
ZWE,banana_plantain,0.0,0.0,0.0016035304472669571,0.0006181763953933448,-0.1603530447266957
ZWE,barley,0.0,0.0,0.000381355162828075,0.0002170088788004427,-0.0381355162828075
ZWE,beans,0.0,0.0,0.0008788220808650212,0.001678791013486789,-0.08788220808650211
ZWE,cassava,0.0,0.0,0.0008054179557293034,0.001748863535927016,-0.08054179557293034
ZWE,chickpea,0.0,0.0,3.07871555501672e-05,1.7784796081699962e-05,-0.0030787155550167197
ZWE,coffee_cocoa,0.0,0.0,3.512771791007934e-05,2.46138184450755e-05,-0.003512771791007934
ZWE,cotton,0.0,0.0,0.002271681287952061,0.003687747492369552,-0.2271681287952061
ZWE,groundnut,0.0,0.0,0.0014573271338092124,0.005886278959033029,-0.14573271338092125
ZWE,maize,4.0,0.008883929869834564,0.0010183807531356807,0.005247526596755645,0.7865549116698882
ZWE,millet,0.0,0.0,0.001204257913502068,0.00402711003551418,-0.12042579135020681
ZWE,oat_rye,0.0,0.0,1.205153813437709e-05,1.6896820285214223e-05,-0.001205153813437709
ZWE,potato,0.0,0.0,0.0013237487163642973,0.0013183176713718401,-0.13237487163642975
ZWE,rice,0.0,0.0,1.5884603074919966e-06,1.312312958681616e-05,-0.00015884603074919966
ZWE,sorghum,0.0,0.0,0.0016824731865464019,0.004643051639309231,-0.16824731865464018
ZWE,soybean,0.0,0.0,0.00014759383768633122,0.00026994188883005843,-0.014759383768633123
ZWE,sugarcane,0.0,0.0,0.0030106954183305563,0.0027568927733479945,-0.3010695418330556
ZWE,sunflower,0.0,0.0,0.00017646709892677083,0.0006992929674786867,-0.01764670989267708
ZWE,sweet_potato,0.0,0.0,0.0025346081845772426,0.0040306735609894565,-0.2534608184577243
ZWE,wheat,0.0,0.0,0.00024348550096811006,0.00018485417537002894,-0.024348550096811007
