openalex_id,stratum,stratum_size,stratum_sampled,design_weight,title,abstract,loc_study_scope,loc_country_iso3,loc_country_name,loc_countries_all_iso3,loc_location_cue_type,loc_confidence,loc_evidence_text,loc_rejected_mentions,crop_standardized_crops,crop_crop_scope,crop_confidence,crop_evidence_text,is_allocated,adjudicated_location_correct,adjudicated_country_should_be,adjudicated_crop_correct,adjudicated_note,decision_method,is_human_review,id,loc_verdict,loc_should_be,loc_error_type,crop_verdict,crop_should_be,note,allocated_to,n_alloc,truth,alloc_verdict
W4296445924,single_country|study_area,962,45,21.377777777777776,Durum wheat yield forecasting using machine learning,"A reliable and accurate forecasting model for crop yields is crucial for effective decision-making in every agricultural sector. Machine learning approaches allow for building such predictive models, but the quality of predictions decreases if data is scarce. In this work, we proposed data-augmentation for wheat yield forecasting in the presence of small data sets of two distinct Provinces in Algeria. We first increased the dimension of each data set by adding more features, and then we augmented the size of the data by merging the two data sets. To assess the effectiveness of data-augmentation approaches, we conducted three sets of experiments based on three data sets: the primary data sets, data sets with additional features and the augmented data sets obtained by merging, using five regression models (Support Vector Regression, Random Forest, Extreme Learning Machine, Artificial Neural Network, Deep Neural Network). To evaluate the models, we used cross-validation; the results showed an overall increase in performance with the augmented data. DNN outperformed the other models for the first Province with a Root Mean Square Error (RMSE) of 0.04 q/ha and R_Squared (R2) of 0.96, whereas the Random Forest outperformed the other models for the second Province with RMSE of 0.05 q/ha. The data-augmentation approach proposed in this study showed encouraging results. LaTeX manuscript.",single_country,DZA,Algeria,DZA,study_area,high,"In this work, we proposed data-augmentation for wheat yield forecasting in the presence of small data sets of two distinct Provinces in Algeria.",,wheat,single_crop,high,Durum wheat yield forecasting using machine learning . A reliable and accurate forecasting model for,True,,,,,MODEL_ASSISTED_VALIDATION - not human review,False,W4296445924,correct,,,correct,,,{'DZA'},1,,allocation_ok
W4387491375,single_country|study_area,962,45,21.377777777777776,"Time series and ensemble models to forecast banana crop yield in Tanzania, considering the effects of climate change","Banana cultivation plays a pivotal role in Tanzania's agricultural landscape and food security. Precisely forecasting banana crop yield is essential for resource optimization, market stability, and informed policymaking, particularly in the face of climate change. This study employed time series and ensemble models to forecast banana crop yield in Tanzania, offering crucial insights into future production trends. We utilized Seasonal ARIMA with Exogenous Variables (SARIMAX), State Space (SS), and Long Short-Term Memory (LSTM) models, chosen based on regression analysis and data exploration. Leveraging historical banana yield data (1961-2020) and relevant climate variables, we formulated an ensemble model using a weighted average approach. Our findings underscore the potential of time series and ensemble models for accurate banana crop yield forecasting. Statistical evaluation metrics validate their effectiveness in capturing temporal variations and delivering reliable predictions. This research advances agricultural forecasting by demonstrating the successful application of these models in Tanzania. It emphasizes the importance of considering temporal dynamics and relevant factors for precise predictions. Policymakers, farmers, and stakeholders can leverage this study's outcomes to make informed decisions on resource allocation, market planning, and agricultural policies. Ultimately, our research bolsters sustainable banana production and enhances food security in Tanzania.",single_country,TZA,Tanzania,TZA,study_area,high,"Time series and ensemble models to forecast banana crop yield in Tanzania, considering the effects of climate change .",,banana_plantain,single_crop,high,"Time series and ensemble models to forecast banana crop yield in Tanzania, considering the effects of climate change . Banana cultivation plays",True,,,,,MODEL_ASSISTED_VALIDATION - not human review,False,W4387491375,correct,,,correct,,,{'TZA'},1,,allocation_ok
W2567188132,single_country|study_area,962,45,21.377777777777776,Assimilation of SAR and optical data into an agro-meteorological model for monitoring yield of corn,"This study aims to assess the contribution of SAR and optical satellite images to estimate corn biophysical parameters and crop yield at field scale. Satellite data are assimilated into a simple agro-meteorological model named SAFY-WB (Simple Algorithm For Yield estimates combined with a Water Balance model), in order to simulate leaf area index, dry mass and yield. The method has been assessed thanks to data collected over two study areas (both located in the South-West of France), during two experimental campaigns: MCM'10 and MCM'15 (Multispectral Crop Monitoring), respectively performed in 2010 and 2015. SAR backscattering coefficients were acquired in the C-band, and extracted from two satellites: Radarsat-2 (full-polarization states) and Sentinel-1 (VV and VH polarizations) in 2010 and 2015 respectively. Vegetation indices (NDVI, MTVI2) have been extracted from optical images at high spatial resolution (i.e. Landsat, Spot and Formosat satellite missions). First results demonstrate that optical and SAR (σ°HV) data can be used for monitoring leaf area index and dry mass of the corn during the growing period, until flowering. From the end of the growing period and during the senescence, the SAR signals saturate and are weakly sensitive to the decrease of the crop water content, contrary to optical reflectance that strongly decrease with the color change of leaves and stems. Consequently, the best approach consists in assimilating SAR or optical data until flowering and mainly assimilating optical data from flowering to harvest, for best performances in the monitoring of yield, leaf area index and dry mass of corn.",single_country,FRA,France,FRA,study_area,high,"The method has been assessed thanks to data collected over two study areas (both located in the South-West of France), during two experimental campaigns: MCM'10 and MCM'15 (Multispectral Crop Monitoring), respectively performed in 2010 and 2015.",,maize,single_crop,high,Assimilation of SAR and optical data into an agro-meteorological model for monitoring yield of corn . This study aims to assess the contribution of SAR and optical satellite images to estimate co,True,,,,,MODEL_ASSISTED_VALIDATION - not human review,False,W2567188132,correct,,,correct,,,{'FRA'},1,,allocation_ok
W7126428592,single_country|study_area,962,45,21.377777777777776,Estimation of County-Level Winter Wheat Yield in China Using a Feature Conflict-Resolving TB-LSTM Model,"Timely and accurate estimation of regional winter wheat yield is of great significance for safeguarding food security and promoting sustainable agricultural development. In recent years, deep learning has been widely applied in crop yield estimation due to its powerful capability in mining complex relationships. However, the irregular shapes of administrative regions pose challenges for integrating spatial data such as remote sensing into deep learning models. To address this issue, this study employed mean-based aggregation and histogram-based dimensionality reduction techniques to preprocess spatial data, including remote sensing and meteorological data, thereby generating sample sets suitable for deep learning models. This study identified the phenomenon of feature conflict when processing heterogeneous features in conventional Long Short-Term Memory (LSTM) models and proposed a TB-LSTM (Two-Branch LSTM) model to mitigate such conflicts. The impact of different input feature combinations on estimation accuracy was analyzed, and the model's capability for early yield prediction was further evaluated. The results show that: (1) The proposed TB-LSTM model achieved superior performance (R2: 0.853, RMSE: 516.619 kg/ha) compared to the baseline LSTM (R2: 0.353-0.732; RMSE: 735.378-1126.062 kg/ha), confirming its efficiency in resolving feature conflict and better exploiting the yield estimation potential of remote sensing and meteorological data. (2) The integration of meteorological data, spectral reflectance, and vegetation indices proved essential for achieving optimal yield estimation accuracy. Meteorological data provided the most significant contribution, while spectral reflectance and vegetation indices offered complementary information that improved model robustness. When all three data types were utilized simultaneously, the TB-LSTM model achieved peak estimation accuracy (R2: 0.853; RMSE: 514.013 kg/ha; MAE: 380.563 kg/ha). (3) The TB-LSTM model demonstrated robust early prediction capability. Using data from the first 27 time phases (covering growth stages up to heading), it successfully predicted winter wheat yields 48 days before harvest with optimal precision (R2: 0.868; RMSE: 487.327 kg/ha; MAE: 361.353 kg/ha). This capability supports proactive decision-making and resource allocation in agricultural management.",single_country,CHN,China,CHN,study_area,high,Estimation of County-Level Winter Wheat Yield in China Using a Feature Conflict-Resolving TB-LSTM Model .,,wheat,single_crop,high,Estimation of County-Level Winter Wheat Yield in China Using a Feature Conflict-Resolving TB-LSTM Model . Timely and accurate e,True,,,,,MODEL_ASSISTED_VALIDATION - not human review,False,W7126428592,correct,,,correct,,,{'CHN'},1,,allocation_ok
W2102296257,single_country|study_area,962,45,21.377777777777776,Use of CERES-Wheat model for wheat yield forecast in central Indo-Gangetic Plains of India,"A methodology was developed for large area yield forecast using a crop simulation model and a discrete technology trend, and was applied to the coherent wheat yield variability zones of Eastern Uttar Pradesh, India. The approach consisted of three major steps: (a) prediction of technology trend yield using historical yield series of the region; (b) prediction of weather-induced deviation in wheat yield using CERES-Wheat simulation model and relating weather-induced deviation in simulated yield to deviation in observed yield deviations from technology trend; and (c) final yield forecast by incorporating predicted yield deviation in trend predicted yield. The regression coefficients for step (b) were generated using 10 years' data (1984/85-1994/95) and the reliability of the approach was tested on a data set of 5 years' independent data (1995/96-1999/2000). The results showed that this approach could capture year-to-year variability in large area wheat yield with reasonable accuracy. The Root Mean Square Error (RMSE) between observed and predicted yield was reported as 0·098 t/ha for the mean yield of 2·072 t/ha (4·72%). However, the RMSE was slightly higher in the forecasting period in comparison to the calibration period. The use of this methodology for issuing the pre-harvest forecast and the effect of upgrading the technology trend were also studied. The pre-harvest forecasts were made using in-season weather data up to the end of February and climatic-normal for the rest of the wheat-growing season, which showed good agreement with observed wheat yields. The forecasts of wheat yield for the season 1999/2000 were made using the technology trend up to 1994/95 and the updated technology trend up to 1998/99, which showed that the RMSE fell in the latter case, from 4·10 to 2·50%.",single_country,IND,India,IND,study_area,high,Use of CERES-Wheat model for wheat yield forecast in central Indo-Gangetic Plains of India .,,wheat,single_crop,high,Use of CERES-Wheat model for wheat yield forecast in central Indo-Gangetic Plains of India . A methodology was de,True,,,,,MODEL_ASSISTED_VALIDATION - not human review,False,W2102296257,correct,,,correct,,,{'IND'},1,,allocation_ok
W4407184927,single_country|study_area,962,45,21.377777777777776,Sorghum yield prediction based on remote sensing and machine learning in conflict affected South Sudan,"Sorghum cultivation plays a pivotal role in addressing food insecurity in South Sudan, but persistent conflict continues to impose challenges in the agriculture sector therefore understanding the impact of conflict on sorghum yield prediction is important for country food security. This research integrates various sources of data including sorghum yield from small scale farmers during four agricultural seasons (2018-2021), climate, remotely sensed data, and conflict occurrence probability to predict sorghum yield in South Sudan. We use five Machine Learning (ML) techniques, including Random Forest (RF), Decision Tree (DT), Extreme Gradient Boosting (XGboost), Support Vector Machine (SVM) and Artificial Neural Network (ANN) to predict 2021 end-of-season sorghum yield in conflict affected Upper Nile and Western Bahr El Gazal states. We computed correlations and the analysis revealed high variability in term of yield in the 2 states with an average sorghum yield of 366.03 kg/ha (SD = 292.29 kg/ha) and a strong positive correlation (0.75, p < 0.001) between cultivated land size and sorghum yield. During the training phase DT, RF, XGboost and ANN models showed high accuracy, with each having an R2 > 70%. DT and XGboost both had an accuracy close to 80% and less prediction error. Predicting 2021 sorghum yield, XGboost, DT and RF models yielded best combination of metrics with good accuracy. Our results reveal that adding conflict occurrence probability data to the models, while complex, had minimal impact on yield predictions. Further analysis revealed cultivated land size was the most significant predictor for all the models. This paper demonstrates that despite ongoing conflict, reasonably good end-of-season sorghum yield prediction with relevant food security planning implications could be done with ML, but challenges remain in generalizing these results due to limited crop data and regional variability in South Sudan.",single_country,SSD,South Sudan,SSD,study_area,high,"This research integrates various sources of data including sorghum yield from small scale farmers during four agricultural seasons (2018-2021), climate, remotely sensed data, and conflict occurrence probability to predict sorghum yield in South Sudan.",South Sudan(affiliation/publication context),sorghum,single_crop,high,Sorghum yield prediction based on remote sensing and machine learning in conflict affected South Sud,True,,,,,MODEL_ASSISTED_VALIDATION - not human review,False,W4407184927,correct,,,correct,,,{'SSD'},1,,allocation_ok
W4392603093,single_country|study_area,962,45,21.377777777777776,ESTIMATION OF SUGARCANE YIELD USING MULTI-TEMPORAL SENTINEL 2 SATELLITE IMAGERY AND RANDOM FOREST REGRESSION,"Abstract. Advancements in remote sensing techniques have greatly enhanced crop monitoring and yield estimation, with spectral vegetation indices (VIs) serving as a key component. Our study investigates the use of Sentinel-2 data, notable for its red-edge bands, in estimating sugarcane yield in Ethiopia's Awash Basin. Utilizing 22 VIs from S2 imagery, our approach combines Random Forest (RF) regression with the Recursive Feature Elimination (RFE) algorithm to improve the accuracy of sugarcane yield predictions. The results demonstrate the superior performance of the RF-RFE method over traditional RF with full datasets and Stepwise Multiple Regression (SMR). Particularly, VIs focusing on the red-edge spectral bands of S2 - such as NDVIre1n, NDVIre2n, NDVIre3n, NDRE1 and NDRE2 - were crucial in enhancing prediction precision. These indices from the red-edge and NIR narrow bands consistently influenced yield estimations in both the Wonji-Shoa and Metehara estates. The study underscores the critical role of the RFE algorithm in optimal variable selection, reinforcing earlier findings that precise variable choice can substantially boost model accuracy. The enhanced performance of the RF model when paired with the RFE algorithm was evident, emphasizing the importance of variable selection in accurate yield predictions. Employing the Out-of-Bag RMSE (OOB_RMSE) error estimate for evaluation, we observed variations in OOB_RMSE performance with different RF parameters, identifying the ntree value of 500 as optimal for the studied regions. The RF-RFE model's estimations showed lower errors and higher correlation coefficients, proving its efficacy over a full dataset approach, which faced challenges with traditional VIs' saturation. Our findings align with earlier studies, highlighting the efficiency of S2's red-edge bands in diverse estimation tasks and a shift towards using freely available broadband images like S2, over hyperspectral imagery, due to reduced data redundancy and processing costs. In conclusion, our findings reveal that RF regression, particularly when integrated with the RFE algorithm, is a powerful tool in remote sensing applications. The S2 imagery is optimal VIs, predominantly from the red-edge bands, exhibit significant potential for sugarcane yield estimations. The impressive results of the RF-RFE method, evident in metrics like MAE, MAPE, RMSE, Mean percentage, and R2, advocate its invaluable role in sugarcane yield prediction, highlighting its potential for optimizing irrigation management strategies and broad-spectrum agricultural planning.",single_country,ETH,Ethiopia,ETH,study_area,high,"Our study investigates the use of Sentinel-2 data, notable for its red-edge bands, in estimating sugarcane yield in Ethiopia's Awash Basin.",,sugarcane,single_crop,high,ESTIMATION OF SUGARCANE YIELD USING MULTI-TEMPORAL SENTINEL 2 SATELLITE IMAGERY AND RANDOM FOREST REGRESSION . Abs,True,,,,,MODEL_ASSISTED_VALIDATION - not human review,False,W4392603093,correct,,,correct,,,{'ETH'},1,,allocation_ok
W7161042727,single_country|study_area,962,45,21.377777777777776,Interpretable Machine Learning Framework for Early-Stage Potato Yield Forecasting Using Climatic Features in Bangladesh,"Abstract: Bangladesh, one of the world's major potato-producing countries, faces significant yield variability driven by changing climatic conditions, with profound implications for agricultural productivity and food security. However, the specific impact of meteorological factors on potato production has not been thoroughly investigated. The present paper aims to provide a robust quantitative framework for assessing the relative effects of agro-climatic variables on potato yield formation. Weather variables that were statistically significantly related to the mortality count were first selected using Analysis of Variance (ANOVA) with F-regression feature ranking and Individual Weather Importance ranking through Random Forest. Pearson and Spearman's correlation analyses were additionally performed to assess the strength and direction of these relationships, along with bivariate kernel density estimation (KDE) used to enlarge climatic optima toward yield maximization. For testing predictive robustness, climatic variability was taken into account, and three machine learning algorithms -RF (Random Forest), SVR (Support Vector Regression), and KNN (K-Nearest Neighbors) -were investigated. The RF model was the most accurate and generalizable, yielding almost perfect results (R² = 0.999) and minimal forecast errors (MAPE = 0.70%, MAE = 0.0803, RMSE = 0.1014). The developed framework enhances the understanding of climate-yield relationships and provides practical insights for science-based agricultural management and adaptation to climatic stress. These results have immediate implications for middle-income agrarian economies, such as Bangladesh, in strengthening resilience to climatic variability through sustainable food security.",single_country,BGD,Bangladesh,BGD,study_area,high,Interpretable Machine Learning Framework for Early-Stage Potato Yield Forecasting Using Climatic Features in Bangladesh .,,potato,single_crop,high,"Interpretable Machine Learning Framework for Early-Stage Potato Yield Forecasting Using Climatic Features in Bangladesh . Abstract: Bangladesh, one of the wo",True,,,,,MODEL_ASSISTED_VALIDATION - not human review,False,W7161042727,correct,,,correct,,,{'BGD'},1,,allocation_ok
W4225894664,single_country|study_area,962,45,21.377777777777776,"Assessment of nutrient management in major cereals: Yield prediction, energy-use efficiency and greenhouse gas emission","Through improved nutrient management, sustainability of cereal production can be achieved by improving crop yield and economic indicators with reduced environmental footprints and energy use. The objectives of this study were to compare the crop yield and economics, and energy and environment related indicators as the measures of sustainability across three nutrient management practices in three major cereals of South Asia. Nutrient Expert (NE) based fertilizer recommendation, government recommendation (GR), and farmers' nutrient management practice (FP) were evaluated in 600 on-farm trials in two eastern Terai districts of Nepal during 2014-2016. The machine learning (Random Forest) approach was used to identify major indicators to predict grain yield variability. The NE-based recommendation had the highest and FP had the lowest grain yield and gross return in all cereals. Farmer's practice had the highest probability of increasing energy-use efficiency (EUE) followed by NE in all cereals. NE had the lowest yield-scaled greenhouse gas emission (greenhouse gas emission intensity; GHGI) in rice and intermediate in maize and wheat compared with GR or FP. Farmers' practice had consistently the highest GHGI in rice and maize while GR had the highest GHGI in wheat. Except for rice in FP, specific energy (SE) followed by EUE were the major predictors of grain yield of all crops in all nutrient management practices. These findings suggest an opportunity for increasing productivity and profitability with lowered GHGI of the major cereals with NE-based fertilizer recommendation and potential for its out-scaling in Nepal and the Eastern Indo-Gangetic Plains of South Asia.",single_country,NPL,Nepal,NPL,study_area,high,"Nutrient Expert (NE) based fertilizer recommendation, government recommendation (GR), and farmers' nutrient management practice (FP) were evaluated in 600 on-farm trials in two eastern Terai districts of Nepal during 2014-2016.",,maize;rice;wheat,multi_crop,medium,caled greenhouse gas emission (greenhouse gas emission intensity; GHGI) in rice and intermediate in maize and wheat compared with GR or FP. Farmers' practice had consistently the highest GHGI in rice,True,,,,,MODEL_ASSISTED_VALIDATION - not human review,False,W4225894664,correct,,,correct,,,{'NPL'},1,,allocation_ok
W3041629855,single_country|study_area,962,45,21.377777777777776,Wheat Yield Estimation from NDVI and Regional Climate Models in Latvia,"Wheat yield variability will increase in the future due to the projected increase in extreme weather events and long-term climate change effects. Currently, regional agricultural statistics are used to monitor wheat yield. Remotely sensed vegetation indices have a higher spatio-temporal resolution and could give more insight into crop yield. In this paper, we (i) evaluate the possibility to use Normalized Difference Vegetation Index (NDVI) time series to estimate wheat yield in Latvia and (ii) determine which weather variables impact wheat yield changes using both ALARO-0 and REMO Regional Climate Models (RCM) output. The integral from NDVI series (aNDVI) for winter and spring wheat fields is used as a predictor to model regional wheat yield from 2014 to 2018. A correlation analysis between weather variables, wheat yield and aNDVI was used to elucidate which weather variables impact wheat yield changes in Latvia. Our results indicate that high temperatures in June for spring wheat and in July for winter wheat had a negative correlation with yield. A linear regression yield model explained 71% of the variability with a residual standard error of 0.55 Mg/ha. When RCM data were added as predictor variables to the wheat yield empirical model a random forest approach resulted in better results compared to a linear regression approach, the explained variance increased up to 97% and the residual standard error decreased to 0.17 Mg/ha. We conclude that NDVI time series and RCM output enabled regional crop yield and weather impact monitoring at higher spatio-temporal resolutions than regional statistics.",single_country,LVA,Latvia,LVA,study_area,high,"In this paper, we (i) evaluate the possibility to use Normalized Difference Vegetation Index (NDVI) time series to estimate wheat yield in Latvia and (ii) determine which weather variables impact wheat yield changes using both ALARO-0 and REMO Regional Climate Models (RCM) output.",,wheat,single_crop,high,Wheat Yield Estimation from NDVI and Regional Climate Models in Latvia . Wheat yield variability wil,True,,,,,MODEL_ASSISTED_VALIDATION - not human review,False,W3041629855,correct,,,correct,,,{'LVA'},1,,allocation_ok
W7124282373,single_country|study_area,962,45,21.377777777777776,"Remote Sensing–Based Automated Machine Learning for Arabica Coffee Yield Prediction in Bandung Regency, Indonesia","Monitoring coffee productivity is crucial for maximizing export potential, yet conventional field-based methods remain inefficient for large-scale applications. Remote sensing offers spectral and environmental insights linked to crop physiology, enabling spatially and temporally explicit yield prediction. This study aimed to develop an efficient and accurate yield-prediction model by integrating AutoML with remote-sensing-derived predictors, including vegetation indices, soil temperature, climate, and topographic variables. The study was conducted in 2023 in Bandung Regency, West Java, Indonesia, using yield observations from 73 field plots. Decision tree (DT), random forest (RF), extremely randomized trees (ExtraTrees), extreme gradient boosting (XGBoost), and light gradient boosting machine (LightGBM) as individual models and ensemble structure were implemented using the AutoML tool in ArcGIS Pro. Among them, the ensemble structure achieved the highest predictive performance (R² = 0.85; RMSE = 960.17 kg ha⁻¹), outperforming all individual models. Model interpretation indicated that Land Surface Temperature (LST) and precipitation (CHIRPS) were the most influential predictors governing yield variability across smallholder coffee plots. These findings demonstrate the potential of integrating AutoML and remote-sensing-derived variables as an efficient, scalable approach for yield prediction in heterogeneous smallholder coffee systems.",single_country,IDN,Indonesia,IDN,study_area,high,"The study was conducted in 2023 in Bandung Regency, West Java, Indonesia, using yield observations from 73 field plots.",,coffee_cocoa,single_crop,high,"Remote Sensing–Based Automated Machine Learning for Arabica Coffee Yield Prediction in Bandung Regency, Indonesia . Monitoring coffee productivity is crucial fo",True,,,,,MODEL_ASSISTED_VALIDATION - not human review,False,W7124282373,correct,,,correct,,,{'IDN'},1,,allocation_ok
W2514699863,single_country|study_area,962,45,21.377777777777776,"Correlation maps to assess soybean yield from EVI data in Paraná State, Brazil","Vegetation indices are widely used to monitor crop development and generally used as input data in models to forecast yield. The first step of this study consisted of using monthly Maximum Value Composites to create correlation maps using Enhanced Vegetation Index (EVI) from Moderate Resolution Imaging Spectroradiometer (MODIS) sensor mounted on Terra satellite and historical yield during the soybean crop cycle in Paraná State, Brazil, from 2000/2001 to 2010/2011. We compared the ability of forecasting crop yield based on correlation maps and crop specific masks. We ran a preliminary regression model to test its ability on yield estimation for four municipalities during the soybean growing season. A regression model was developed for both methodologies to forecast soybean crop yield using leave-one-out cross validation. The Root Mean Squared Error (RMSE) values in the implementation of the model ranged from 0.037 t ha-1 to 0.19 t ha-1 using correlation maps, while for crop specific masks, it varied from 0.21 t ha-1 to 0.35 t ha-1. The model was able to explain 96 % to 98 % of the variance in estimated yield from correlation maps, while it was able to explain only 2 % to 67 % for crop specific mask approach. The results showed that the correlation maps could be used to predict crop yield more effectively than crop specific masks. In addition, this method can provide an indication of soybean yield prior to harvesting.",single_country,BRA,Brazil,BRA,study_area,high,"Correlation maps to assess soybean yield from EVI data in Paraná State, Brazil .",,soybean,single_crop,high,"Correlation maps to assess soybean yield from EVI data in Paraná State, Brazil . Vegetation indices are widely used to monitor",True,,,,,MODEL_ASSISTED_VALIDATION - not human review,False,W2514699863,correct,,,correct,,,{'BRA'},1,,allocation_ok
W4408488037,single_country|study_area,962,45,21.377777777777776,"Remote Sensing-based Wheat Area and Yield Estimation: Insights from Uttarakhand, India","India is one of the world's leading exporters of wheat grain, making monitoring its growth and yield one of the country's top economic priorities. This study aimed to develop a methodology for delineating wheat cultivation areas and estimating wheat yields using Landsat 8 (30 m spatial resolution) data for the Nainital and Udham Singh Nagar districts of Uttarakhand, India. The cultivated wheat fields were identified using a supervised classification-based Random Forest (RF) algorithm during the growing season from November 2020 to April 2021. To characterize the wheat class, a total of 239 and 226 wheat points, along with 201 and 166 non-wheat geometry points, based on NDVI time series were allotted for Nainital and Udham Singh Nagar districts, respectively. The calculated wheat area was found to be 778.94 sq. km and 209.48 sq. km, compared to the actual reported areas by the Agriculture Department, Government of Uttarakhand of 1059.61 sq. km and 212.78 sq. km for Udham Singh Nagar and Nainital, respectively. The RF algorithm showed an underestimation for both districts, achieving a kappa coefficient of 0.97, producer accuracy of 0.97, user accuracy of 0.96, and overall accuracy of 0.98 for the Nainital district. For the Udham Singh Nagar district, the kappa coefficient was 0.89, with producer accuracy of 0.89, user accuracy of 0.93, and overall accuracy of 0.93. The study also utilized weather data along with Landsat 8 imagery as inputs for the Carnegie-Ames-Stanford Approach (CASA) to estimate wheat yields and get spatial wheat yield maps. The estimated mean yields were 3.73 t ha⁻¹ and 3.37 t ha⁻¹, whereas the actual mean yields were 3.82 t ha⁻¹ and 4.45 t ha⁻¹ for Nainital and Udham Singh Nagar districts, respectively. The study demonstrates the potential of combining remote sensing and supervised classification techniques for reliable wheat yield estimation in data-scarce regions, which can be a promising tool for agricultural policy and decision-making.Keywords: Crop classification, Landsat 8, random forest, wheat, spatial yield map",single_country,IND,India,IND,study_area,high,"This study aimed to develop a methodology for delineating wheat cultivation areas and estimating wheat yields using Landsat 8 (30 m spatial resolution) data for the Nainital and Udham Singh Nagar districts of Uttarakhand, India.",,wheat,single_crop,high,"Remote Sensing-based Wheat Area and Yield Estimation: Insights from Uttarakhand, India . India is one of the world's lead",True,,,,,MODEL_ASSISTED_VALIDATION - not human review,False,W4408488037,correct,,,correct,,,{'IND'},1,,allocation_ok
W4310253054,single_country|study_area,962,45,21.377777777777776,County-scale crop yield prediction by integrating crop simulation with machine learning models,"Crop yield prediction is of great importance for decision making, yet it remains an ongoing scientific challenge. Interactions among different genetic, environmental, and management factors and uncertainty in input values are making crop yield prediction complex. Building upon a previous work in which we coupled crop modeling with machine learning (ML) models to predict maize yields for three US Corn Belt states, here, we expand the concept to the entire US Corn Belt (12 states). More specifically, we built five new ML models and their ensemble models, considering the scenarios with and without crop modeling variables. Additional input values in our models are soil, weather, management, and historical yield data. A unique aspect of our work is the spatial analysis to investigate causes for low or high model prediction errors. Our results indicated that the prediction accuracy increases by coupling crop modeling with machine learning. The ensemble model overperformed the individual ML models, having a relative root mean square error (RRMSE) of about 9% for the test years (2018, 2019, and 2020), which is comparable to previous studies. In addition, analysis of the sources of error revealed that counties and crop reporting districts with low cropland ratios have high RRMSE. Furthermore, we found that soil input data and extreme weather events were responsible for high errors in some regions. The proposed models can be deployed for large-scale prediction at the county level and, contingent upon data availability, can be utilized for field level prediction.",single_country,USA,US,USA,study_area,high,"Building upon a previous work in which we coupled crop modeling with machine learning (ML) models to predict maize yields for three US Corn Belt states, here, we expand the concept to the entire US Corn Belt (12 states).",,maize,single_crop,high,"upon a previous work in which we coupled crop modeling with machine learning (ML) models to predict maize yields for three US Corn Belt states, here, we expand the concept to the entire US Corn Belt (",True,,,,,MODEL_ASSISTED_VALIDATION - not human review,False,W4310253054,correct,,,correct,,,{'USA'},1,,allocation_ok
W3033156394,single_country|study_area,962,45,21.377777777777776,Local-Scale Cereal Yield Forecasting in Italy: Lessons from Different Statistical Models and Spatial Aggregations,"Statistical, data-driven methods are considered good alternatives to process-based models for the sub-national monitoring of cereal crop yields, since they can flexibly handle large datasets and can be calibrated simultaneously to different areas. Here, we assess the influence of several characteristics on the ability of these methods to forecast cereal yields at the local scale. We look at two diverse agro-climatic Italian regions and analyze the most relevant types of cereal crops produced (wheat, barley, maize and rice). Models of different complexity levels are built for all species by considering six meteorological and remote sensing indicators as candidate predictive variables. Yield data at three different spatial aggregation scales were retrieved from a comprehensive, farm-level dataset over the period 2001-2015. Overall, our results suggest the better predictability of summer crops compared to winter crops, irrespective of the model considered, reflecting a more intricate relationship among winter cereals, their physiology and weather patterns. At higher spatial resolutions, more sophisticated modelling techniques resting on feature selection from multiple indicators outperformed more parsimonious linear models. These gains, however, vanished as data were further aggregated spatially, with the predictive ability of all competing models converging at the agricultural district and province levels. Feature-selection models tended to elicit more satellite-based than meteorological indicators, with a preference for temperature indicators in summer crops, whereas variables describing the water content of the soil/plant were more often selected in winter crops. The selected features were, in general, equally distributed along the plant growing cycle.",single_country,ITA,Italy,ITA,study_area,high,Local-Scale Cereal Yield Forecasting in Italy: Lessons from Different Statistical Models and Spatial Aggregations .,,barley;maize;rice;wheat,multi_crop,medium,"agro-climatic Italian regions and analyze the most relevant types of cereal crops produced (wheat, barley, maize and rice). Models of different complexity levels are built for all species by consider",True,,,,,MODEL_ASSISTED_VALIDATION - not human review,False,W3033156394,correct,,,correct,,,{'ITA'},1,,allocation_ok
W4392791998,single_country|study_area,962,45,21.377777777777776,Artificial intelligence applied to estimate soybean yield,"The application of mathematical models using biotic and abiotic factors for the efficient use of fertilizers to obtain maximum economic productivity can be an important tool to minimize the cost of soybean (Glycine max (L.) Merr.) grain yield. In this sense, using Artificial Neural Networks (ANN) is an important tool in studies involving optimization. This study aimed to estimate soybean yield in Luiziana, Paraná state, Brazil, by considering two growing seasons and an Artificial Neural Network (ANN) as a function of the morphological and nutritional parameters of the plants. Results reveal a well-trained network, with a margin of error of approximately 10-5, thus acting as a tool to estimate soybean data. For the phases, model validation and network test, i.e., data that were not part of the training (validation), the errors averaged 10-3. These results indicate that our approach is adequate for optimizing soybean yield estimates in the area studied.",single_country,BRA,Brazil,BRA,study_area,high,"This study aimed to estimate soybean yield in Luiziana, Paraná state, Brazil, by considering two growing seasons and an Artificial Neural Network (ANN) as a function of the morphological and nutritional parameters of the plants.",,soybean,single_crop,high,Artificial intelligence applied to estimate soybean yield . The application of mathematical models using biotic and abiotic factors for the effi,True,,,,,MODEL_ASSISTED_VALIDATION - not human review,False,W4392791998,correct,,,correct,,,{'BRA'},1,,allocation_ok
W2083673770,single_country|study_area,962,45,21.377777777777776,Assessment of relative efficiency of using MODIS data to winter wheat yield forecasting in Ukraine,"Wheat is one of the most important and grown crops in Ukraine. Enabling reliable and accurate winter wheat yield forecasts several months in advance of the harvest is an important problem. In this paper we assess relative efficiency of using MODIS data to winter wheat yield forecasting in Ukraine at oblast level. Relative efficiency is defined as the ratio between the variance of the sample (in our case the winter wheat yield official statistics) and the variance of the estimate that has been made with the aid of satellite data. Performance of the forecasting models in terms of relative efficiency was dependant on the agroclimatic zone being on average 1.2 for Plane-Polissya, 1.5 for Forest-Steppe, and 1.9 for Steppe.",single_country,UKR,Ukraine,UKR,study_area,high,Assessment of relative efficiency of using MODIS data to winter wheat yield forecasting in Ukraine .,,wheat,single_crop,high,Assessment of relative efficiency of using MODIS data to winter wheat yield forecasting in Ukraine . Wheat is one of the most important and grown crops in Uk,True,,,,,MODEL_ASSISTED_VALIDATION - not human review,False,W2083673770,correct,,,correct,,,{'UKR'},1,,allocation_ok
W3134139262,single_country|study_area,962,45,21.377777777777776,Coupling remote sensing and crop growth model to estimate national wheat yield in Ethiopia,"Estimation of crop yield at a regional level is essential for making agricultural planning and addressing food security issues in Ethiopia. Remote sensing observations, particularly the leaf area index (LAI), have a strong relationship with crop yield. This study has proposed an approach to estimate wheat yield at field level and regional scale in Ethiopia by assimilating the retrieved MODIS time-series LAI data into the WOrld FOod STudies (WOFOST) model. To improve the estimation of crop yield in the region, the Ensemble Kalman Filter (EnKF) was used to incorporate the LAI into the WOFOST model. The estimation accuracy of wheat crop yield was validated using field-measured yields collected during the 2018 growing season. Our findings indicated that wheat yield was more precisely estimated by WOFOST (at water-limited mode) with EnKF algorithm (R2 = 0.80 and RMSE = 413 kg ha-1) compared to that of without assimilating remotely sensed LAI (R2 = 0.58, RMSE = 592 kg ha-1). These results demonstrated that assimilating MODIS-LAI into WOFOST has high potential and practicality to give a reference for wheat yield estimation. The findings from this study can provide information to policy, decision-makers, and other similar sectors to implement an appropriate and timely yield estimation measure.",single_country,ETH,Ethiopia,ETH,study_area,high,Coupling remote sensing and crop growth model to estimate national wheat yield in Ethiopia .,Ethiopia(affiliation/publication context),wheat,single_crop,high,Coupling remote sensing and crop growth model to estimate national wheat yield in Ethiopia . Estimation of crop yield at a regional level is essential for making agric,True,,,,,MODEL_ASSISTED_VALIDATION - not human review,False,W3134139262,correct,,,correct,,,{'ETH'},1,,allocation_ok
W4392714763,single_country|study_area,962,45,21.377777777777776,"Assessment of the relevance of features associated with corn crop yield prediction in Colombia, a country in the Neotropical zone","Abstract Obtaining highly accurate predictive models to precisely estimate corn crop yields is essential for making informed decisions in a sustainable agriculture environment. There are various approaches to achieve this goal, including models based on Fuzzy Logic, Association Rules, and Machine Learning. However, some of these models have limitations in terms of the accuracy of their predictions, attributable to the high complexity and non-linearity in the interactions between factors. While Machine Learning techniques alone can achieve high precision, the inclusion of multiple attributes can reduce it. This study focuses on identifying the most influential factors at the regional level through a comprehensive analysis of the relevance of features associated with corn crop yields in Colombia, a country in the Neotropical zone. To accomplish this, climatological time series and historical yield records are used through a methodology based on CRISP- DM, widely used in the field of data mining, involving a review of related work, data cleaning and transformation, relevance evaluation using the RReliefF algorithm, and verification of the performance of the most influential factors through prediction algorithms. The results obtained demonstrate that solar radiation, precipitation, vapor pressure, and maximum and minimum temperatures exert the greatest influence on corn crop yield prediction, with a relevance factor of 0.033, 0.032, 0.026, 0.022, and 0.021, respectively. In the validation of the performance of the selected factors, two predictive models were implemented. The first, based on Artificial Neural Networks, yielded a RMSE of 0.1216 with the subset of variables and 0.1403 with all available variables. In the second, Linear Regression was applied, resulting in an RMSE of 0.1417 with the subset of variables and 0.1424 with all available variables. These results highlight the importance of the selected features as the most influential climatic factors in defining highly accurate predictive models in the Neotropical zone.",single_country,COL,Colombia,COL,study_area,high,"This study focuses on identifying the most influential factors at the regional level through a comprehensive analysis of the relevance of features associated with corn crop yields in Colombia, a country in the Neotropical zone.",,maize,single_crop,high,"Assessment of the relevance of features associated with corn crop yield prediction in Colombia, a country in the Neotropical zone . Abstract Obtaining highl",True,,,,,MODEL_ASSISTED_VALIDATION - not human review,False,W4392714763,correct,,,correct,,,{'COL'},1,,allocation_ok
W3206288524,single_country|study_area,962,45,21.377777777777776,Yield monitoring with Sentinel-2: A first assessment for The Netherlands,"Yield reductions have become more common for the Netherlands in recent years due to a changing climate and more extreme weather events. Various studies applied satellite image time series for timely prediction of yield. Although for larger regions, mostly coarse-resolution data were used, that do not allow observing smaller individual fields without contamination from field surroundings. The primary objective of this study is to assess if Sentinel-2 timeseries allow for an accurate yield prediction at a regional level. Following an assessment of maize area and yield variability, silage maize was selected for this study, given that it is the crop with the largest harvest area in the Netherlands and substantial yield variability in the past five years. Using the full Sentinel-2 level 1C record available in Google Earth Engine, clouds and shadows were masked, and monthly-maximum vegetation index (VI) composites were created to further reduce remaining atmospheric effects. Given that yield data were available at the province level (12 provinces in the Netherlands), the monthly VIs were spatially aggregated for all maize fields within each province. Annual location and spatial extent of maize fields were obtained from a Dutch reference dataset, and a 10m internal buffer was used on each field to avoid edge effects. The aggregated VIs were then regressed against statistical yield. From the two VIs tested, i.e. NDVI and EVI, EVI correlated more strongly with yield, probably due to the saturation of NDVI for high biomass conditions. The strongest correlation was obtained for the cumulative EVI from July to August (EVIJA), which is during the maturity stage of maize. The linear regression model revealed that EVIJA retrieved from Sentinel-2 could explain 76% of the yield variation (R²=0.76, RMSE=2.26 (x1000kg-ha)). Cross-validation revealed that for the major maize producing provinces like Noord-Brabant, Gelderland, and Overijssel, yield prediction was most accurate with an RMSE of 0.91, 0.98, and 1.25 (x1000kg-ha), respectively. Taking only these three provinces, more variability in yield could be explained (R²=0.95) as compared to the other nine provinces with smaller maize areas (R²=0.72). When grouping provinces differently, more accurate predictions could be made for those provinces where maize is predominantly cultivated on sandy soil (Drenthe, Overijssel, Noord-Brabant, Gelderland, Groningen, Friesland, and Limburg). Nonetheless, municipal level anomaly maps of EVIJA reveal substantial within-province variability of maize performance, suggesting the possibility to further improve yield prediction by better accounting for this spatial variability. Given the continuing acquisition of Sentinel-2 imagery for years to come, this study demonstrated its potential in accurate regional yield estimation.",single_country,NLD,the Netherlands,NLD,study_area,high,"Following an assessment of maize area and yield variability, silage maize was selected for this study, given that it is the crop with the largest harvest area in the Netherlands and substantial yield variability in the past five years.",,maize,single_crop,high,"2 timeseries allow for an accurate yield prediction at a regional level. Following an assessment of maize area and yield variability, silage maize was selected for this study, given that it is the cro",True,,,,,MODEL_ASSISTED_VALIDATION - not human review,False,W3206288524,correct,,,correct,,,{'NLD'},1,,allocation_ok
W4313490434,single_country|study_area,962,45,21.377777777777776,Prediction of winter wheat yield and dry matter in North China Plain using machine learning algorithms for optimal water and nitrogen application,"Accurate prediction of crop yield and dry matter as well as optimized water and nitrogen management can favor rational decision-making for farming systems. Combining high-performance computing with innovative technologies of big data processing, machine learning (ML) advances data-intensive science and provides an important supporting frame for crop yield prediction. This paper evaluated the performance of five ML algorithms, including linear regression (LR), decision tree (DT), support vector machine (SVM), ensemble learning (EL), and Gaussian process regression (GPR), for winter wheat (Triticum aestivum L.) yield and dry matter prediction using data collected from previous studies conducted within the last twenty years in the North China Plain (NCP). In addition, winter wheat yield and dry matter were explored using the best algorithm, while polynomial functions were proposed that could describe the relationship of water and nitrogen application with winter wheat yield and dry matter. Results confirmed that the GPR model outperformed all other models for predicting the yield (R2 = 0.87) and dry matter (R2 = 0.86) of winter wheat. The prediction errors of the GPR model for maximum yield and dry matter of winter wheat were 5.8 % and 1.1 %, respectively. The yield and dry matter of winter wheat in the NCP could be predicted by the GPR model and polynomial functions, and the optimal water and nitrogen application for maximum yield and dry matter could be obtained. The results provide insight into site-specific crop management.",single_country,CHN,China,CHN,study_area,high,"This paper evaluated the performance of five ML algorithms, including linear regression (LR), decision tree (DT), support vector machine (SVM), ensemble learning (EL), and Gaussian process regression (GPR), for winter wheat (Triticum aestivum L.) yield and dry matter prediction using data collected ",,wheat,single_crop,high,Prediction of winter wheat yield and dry matter in North China Plain using machine learning algorithms for optimal,True,,,,,MODEL_ASSISTED_VALIDATION - not human review,False,W4313490434,correct,,,correct,,,{'CHN'},1,,allocation_ok
W3139481808,single_country|study_area,962,45,21.377777777777776,Complex soil food web enhances the association between N mineralization and soybean yield – a model study from long-term application of a conservation tillage system in a black soil of Northeast China,"Abstract. Long-term (10 years) application of conservation tillage following conversion from conventional tillage (CT) can achieve a new equilibrium in the soil environment, which is vital to reverse soil biodiversity declines and fulfil the goal of maintaining agroecosystem sustainability. However, in such a situation, how the soil community regulates nutrient cycling impacting crop yield is not well documented. Therefore, the relations between mineralized nitrogen (N) delivered by soil food web and soybean (Glycine max Merr.) yield were investigated after 14 years application of CT, reduced tillage (RT) and no tillage (NT) in a black soil (Typic Hapludoll) of Northeast China. We hypothesized that soil mineralizable N would increase with the complexity of the soil food web, and that the trophic groups involved in associating N mineralization with crop yield will vary with soil depth in the conservation tillage practice. During the soybean growing season, soil organisms, including bacteria, fungi, nematodes, mites and collembolans, were extracted and identified monthly from 0-5 and 5-15 cm soil depths to estimate the complexity of the food web indicated by the species richness and connectance indices, and to simulate the mineralized N using energetic food web modelling. The species richness and connectance of the food web at both soil depths were significantly affected by tillage practices, and their values decreased of the order of NT > RT > CT. A similar trend was also revealed for the simulated N mineralization, that is, the mineralized N released either from the functional feeding guilds or from the energy pathways of the food web were greater in RT and NT than in CT at both soil depths. Multiple linear regression analysis showed that soil organisms involved in coupling the mineralized N with soybean yield were different at different soil depths, in which fungal and root pathways at 0-5 cm and bacterial pathway at 5-15 cm were the driving factors for the supply of mineralized N to soybean in NT and RT soils. These results support our hypothesis and highlight the essential role of soil food web complexity in coupling N mineralization and crop yield after long-term application of conservation tillage. Additionally, the current modelling work provides basic hypotheses for future studies to test the impact of soil biodiversity or specific functional guilds on the fate of N in agro-ecosystems.",single_country,CHN,China,CHN,study_area,high,"Therefore, the relations between mineralized nitrogen (N) delivered by soil food web and soybean (Glycine max Merr.) yield were investigated after 14 years application of CT, reduced tillage (RT) and no tillage (NT) in a black soil (Typic Hapludoll) of Northeast China.",China(affiliation/publication context),soybean,single_crop,high,Complex soil food web enhances the association between N mineralization and soybean yield – a model study from long-term application of a conservation tillage system in a black,True,,,,,MODEL_ASSISTED_VALIDATION - not human review,False,W3139481808,correct,,,correct,,,{'CHN'},1,,allocation_ok
W3184646401,single_country|study_area,962,45,21.377777777777776,"Trained neural network to predict paddy yield for various input parameters in Tamil Nadu, India","The major objective of the present study was to explore if Artificial Neural Network (ANN) models with back propagation could efficiently predict the rice yield under various climatic conditions; ground-specific rainfall, ground-specific weather variables and historic yield data. The back propagation algorithm will calculate each expected weight using the error rate as the activity level of a unit was altered. The errors in the model during the training phase were solved during the back-propagation. The paddy yield prediction took various parameters like rainfall, soil moisture, solar radiation, expected carbon, fertilizers, pesticides, and the long-time paddy yield recorded using Artificial Neural Networks. The R2 value on the test set was found to be 93% and it showed that the model was able to predict the paddy yield better for the given data set. The ANN model was tested with learning rates of 0.25 and 0.5. The number of hidden layers in the first layer was 50 and in the second hidden layer was 30. From this, the testing value of R square was 0.97. The observations with the ANN Model showed that i) the best result for the test set was R2 value of 0.98, ii) the two hidden layers kept with 50 neurons in the first layer and 30 neurons in the second one, iii) the learning rate was of 0.25. With all these configurations, maximum yield is possible from the paddy crop.",single_country,IND,India,IND,study_area,high,"Trained neural network to predict paddy yield for various input parameters in Tamil Nadu, India .",,rice,single_crop,high,"Trained neural network to predict paddy yield for various input parameters in Tamil Nadu, India . The major objective of the present s",True,,,,,MODEL_ASSISTED_VALIDATION - not human review,False,W3184646401,correct,,,correct,,,{'IND'},1,,allocation_ok
W4210779026,single_country|study_area,962,45,21.377777777777776,Synergy of optical and synthetic aperture radar data for early-stage crop yield estimation: a case study over a state of Germany,"Traditional crop cutting experiment-based yield estimation method captures the regional yield variability but lacks field-level information. Satellite images hold enormous crop information at finer spatial resolution. Crop yield mapping with optical images is particularly challenging if cloud-free images are unavailable during the crucial crop developmental stages. All-weather availability and sensitivity to crop structure, dielectric properties make synthetic aperture radar (SAR) images an excellent resource for yield estimation. Both types of data provide complementary information about crop conditions. A random forest regression model with genetic algorithm-based feature selection is developed to exploit the Sentinel-2 optical and Sentinel-1 SAR images for yield estimation. We utilized the crop harvest and quality survey (BEE) yield data set collected by the Hessisches Statistisches Landesamt (HSL), Wiesbaden, Germany, over 490 fields. We prepared 20 m resolution yield maps for winter wheat, winter barley, winter rye and winter rapeseed. Input features for the yield estimation model are selected based on the prior knowledge of remote sensing of vegetation. Baseline random forest regression models are developed for all the four crop types with optical and SAR input features. An optimized random forest regression model with genetic algorithm-based feature selection results in performance improvement. Dissimilarity in genetic algorithm selected image features highlights the significance of crop-specific feature selection for yield estimation. The optimized models reliably estimate yield by achieving correlation coefficient (r) of 0.65-0.86, mean absolute error 0.93-1.16 t ha-1 and root mean square error 1.12-1.56 t ha-1 with BEE yield on testing data set. The proposed models could estimate the intra-field yield variation when winter wheat, winter barley, winter rye were in the shooting phase to the beginning of ear-shifting, and winter rapeseed began to flower or was already flowering. These results demonstrate the merits of our model for early-stage crop yield estimation at the field level with mono-temporal image and adaptability for the cropping season with high cloud cover.",single_country,DEU,Germany,DEU,study_area,high,Synergy of optical and synthetic aperture radar data for early-stage crop yield estimation: a case study over a state of Germany .,,barley;oat_rye;rapeseed_canola;wheat,multi_crop,medium,"iesbaden, Germany, over 490 fields. We prepared 20 m resolution yield maps for winter wheat, winter barley, winter rye and winter rapeseed. Input features for the yield estimation model are selected b",True,,,,,MODEL_ASSISTED_VALIDATION - not human review,False,W4210779026,correct,,,correct,,,{'DEU'},1,,allocation_ok
W3216762698,single_country|study_area,962,45,21.377777777777776,Assessment and Prediction of Maize Production Considering Climate Change by Extreme Learning Machine in Czechia,"Machine learning algorithms have been applied in the agriculture field to forecast crop productivity. Previous studies mainly focused on the whole crop growth period while different time windows on yield prediction were still unknown. The entire growth period was separated into each month to assess their corresponding predictive ability by taking maize production (silage and grain) in Czechia. We present a thorough assessment of county-level maize yield prediction in Czechia using a machine learning algorithm (extreme learning machine (ELM)) and an extensive set of weather data and maize yields from 2002 to 2018. Results show that sunshine in June and water deficit in July were vastly influential factors for silage maize yield. The two primary climate parameters for grain maize yield are minimum temperature in September and water deficit in May. The average absolute relative deviation (AARD), root mean square error (RMSE), and coefficient (R2) of the proposed models are 6.565-32.148%, 1.006-1.071%, 0.641-0.716, respectively. Based on the results, silage yield will decrease by 1.367 t/ha (3.826% loss), and grain yield will increase by 0.337 t/ha (5.394% increase) when the max temperature in May increases by 2 °C. In conclusion, ELM models show a great potential application for predicting maize yield.",single_country,CZE,Czechia,CZE,study_area,high,We present a thorough assessment of county-level maize yield prediction in Czechia using a machine learning algorithm (extreme learning machine (ELM)) and an extensive set of weather data and maize yields from 2002 to 2018.,Czechia(affiliation/publication context),maize,single_crop,high,Assessment and Prediction of Maize Production Considering Climate Change by Extreme Learning Machine in Czechia . Machine learnin,True,,,,,MODEL_ASSISTED_VALIDATION - not human review,False,W3216762698,correct,,,correct,,,{'CZE'},1,,allocation_ok
W2971383617,single_country|study_area,962,45,21.377777777777776,Spatialization of rice crop yield using Sentinel-1 SAR and Oryza Crop Growth Simulation Model,"Rice is a staple food across the majority of the world's population that is expected to exceed 9 billion by 2050 and will require approximately 60% more food. In season and accurate information on the spatiotemporal distribution of rice cultivation, phenology across the region and spatial distribution of yield is of significant importance. This information is used by various stakeholders such as government, policymakers, insurance companies, and agri-input companies. Methods involving manual surveys for developing spatial crop yield are constrained by short harvest window and availability of the skilled human resource. Estimation of regional crop yield with precision and accuracy requires the use of high-resolution remote sensing data. The key contribution of this study is the spatial estimation of rice yield by assimilation of parameters derived from Synthetic Aperture RADAR (SAR) data from Sentinel-1 satellite into a process-based Oryza crop growth simulation model. The study has been carried out in four districts of coastal Andhra Pradesh, India viz., Guntur, Krishna, East Godavari and West Godavari during monsoon season locally called Kharif (mid-Jun. to midDec.) 2018. In the study area, rice is transplanted during mid-Jun to Aug. end and harvested from Oct. to mid-Dec. months. The methodology for in-season regional rice area estimation using random forest classifier has been described in our previous work. This study provides insights into the estimation of rice crop phenology and Leaf Area Index (LAI) using early time series of Sentinel-1 SAR observations. The rice phenology parameter such as Start of the Season (SoS) is estimated using Sentinel-1 SAR time series available during Jun.-Sept. 2018. The pixel-wise SoS estimation method comprises finding the local minima from the time series and image compositing. Total of six different SoS estimates is considered to cover early and late transplanted areas. The equation presented in literature has been used to estimate LAI from VH backscatter. Further, to facilitate the compute-intensive crop growth simulation task and cover maximum variation, the estimated LAI was categorized into five classes. Other datasets required for crop growth simulation such as weather was obtained from NOAA. A lookup table based approach was used wherein yield simulations were generated considering five SoS classes, five LAI classes, and four weather combinations. The total of 120 yield simulations were finally mapped to each pixel's SoS, LAI, and weather categories. The plot-wise crop yield data for fifty-two (52) plots was collected for independent validation of yield estimates. The comparison of simulated and actual yield showed Normalized Root Mean Squared Value (NRMSE) of 9.21%. The overall agreement between actual and simulated yield is 83-89%. The results showed that spatialization of crop growth simulation for yield estimation using remote sensing observations provides fairly accurate yield estimates. Also, it is observed that the look-up table based approach reduced the computational complexity and crop growth model simulation time.",single_country,IND,India,IND,study_area,high,"The study has been carried out in four districts of coastal Andhra Pradesh, India viz., Guntur, Krishna, East Godavari and West Godavari during monsoon season locally called Kharif (mid-Jun. to midDec.) 2018.",,rice,single_crop,high,Spatialization of rice crop yield using Sentinel-1 SAR and Oryza Crop Growth Simulation Model . Rice is a staple food,True,,,,,MODEL_ASSISTED_VALIDATION - not human review,False,W2971383617,correct,,,correct,,,{'IND'},1,,allocation_ok
W2343719426,single_country|study_area,962,45,21.377777777777776,"Remote Sensing and GIS Based Spectro-Agrometeorological Maize Yield Forecast Model for South Tigray Zone, Ethiopia","Remote-sensing data acquired by satellite imageries have a wide scope in agricultural applications owing to their synoptic and repetitive coverage. This study reports the development of an operational spectro-agrometereological yield model for maize crop derived from time series data of SPOT VEGETATION, actual and potential evapotranspiration and rainfall estimate satellite data for the years 2003-2012. Indices of these input data were utilized to validate their strength in explaining grain yield recorded by the Central Statistical Agency through correlation analyses. Crop masking at crop land area was applied and refined using agro-ecological zones suitable for maize. Rainfall estimates and average Normalized Difference Vegetation Index were found highly correlated to maize yield with the former accounting for 85% variation and the latter 80%, respectively. The developed spectro-agrometeorological yield model was successfully validated against the predicted Zone level yields estimated by Central Statistical Agency (r2 = 0.88, RMSE = 1.405 q·ha-1 and 21% coefficient of variation). Thus, remote sensing and geographical information system based maize yield forecast improved quality and timelines of the data besides distinguishing yield production levels/areas and making intervention very easy for the decision makers thereby proving the clear potential of spectro-agrometeorological factors for maize yield forecasting, particularly for Ethiopia.",single_country,ETH,Ethiopia,ETH,study_area,high,"Remote Sensing and GIS Based Spectro-Agrometeorological Maize Yield Forecast Model for South Tigray Zone, Ethiopia .",,maize,single_crop,high,"Remote Sensing and GIS Based Spectro-Agrometeorological Maize Yield Forecast Model for South Tigray Zone, Ethiopia . Remote-sensing data acquired by satelli",True,,,,,MODEL_ASSISTED_VALIDATION - not human review,False,W2343719426,correct,,,correct,,,{'ETH'},1,,allocation_ok
W4416971623,single_country|study_area,962,45,21.377777777777776,"A Low-Complexity, County-Scale Yield Prediction Method for Maize and Sunflower Using Harmonized Landsat–Sentinel (HLS) Data","Accurate crop yield information is crucial for regional agricultural monitoring; however, many existing approaches rely on complex models or extensive input datasets. This study presents a low-complexity method for estimating county-level maize and sunflower yields in Fejér County, Hungary, using Harmonized Landsat-Sentinel (HLS) Normalized Difference Vegetation Index (NDVI) time series at 30 m spatial resolution. Seasonal NDVI profiles were smoothed using a double-Gaussian fitting approach. Two modelling strategies were investigated: a robust approach using all agricultural pixels and a crop-specific approach restricted to maize or sunflower pixels. The models were tested through leave-one-year-out cross-validation against official yield statistics. For maize, the crop-specific predictive model provided the most accurate estimates (R² = 0.997; mean absolute percentage error (MAPE) = 2.0%). The MAPE remained below 4% even about 30-50 days before the end of harvest. For sunflower, the highest accuracy was obtained using the robust predictive model (R² = 0.928; MAPE = 2.73%). All models showed stable performance across years, including the extreme drought year of 2022. These findings indicate that a simple NDVI-based method can provide reliable county-scale yield estimates and may serve as a practical component in regional monitoring or early-warning systems.",single_country,HUN,Hungary,HUN,study_area,high,"This study presents a low-complexity method for estimating county-level maize and sunflower yields in Fejér County, Hungary, using Harmonized Landsat-Sentinel (HLS) Normalized Difference Vegetation Index (NDVI) time series at 30 m spatial resolution.",,maize;sunflower,multi_crop,medium,"A Low-Complexity, County-Scale Yield Prediction Method for Maize and Sunflower Using Harmonized Landsat–Sentinel (HLS) Data . Accurate crop yield information i",True,,,,,MODEL_ASSISTED_VALIDATION - not human review,False,W4416971623,correct,,,correct,,,{'HUN'},1,,allocation_ok
W4416725929,single_country|study_area,962,45,21.377777777777776,Application of Remote Sensing for Maize Yield Estimation in South Africa,"Maize plays an important role in food security for most countries in Southern Africa. A timely and accurate forecast or evaluation of maize production before crop maturity is a strategic activity to avoid conditions that lead to food shortages. In this study, a regression approach is used to correlate the number of dry dekads, derived from the Vegetation Condition Index (VCI), with official ground-based maize yield estimates in South Africa. Simple linear regression models that forecast maize yield for South Africa over four seasons: 2019-20, 2020-21, 2021-22, and 2022-23. The VCI was computed using a time series data set of the Normalized Difference Vegetation Index (NDVI) from the Sentinel sensor for years ranging from 2019 to 2023. A highly significant negative correlation was established between the number of dry dekads and the amount of yield in each season, with the models explaining 70% to 88% of the variation in yield. These models were validated against official yield data not used in model development and showed good agreement. The persistent negative relationship between dry dekads and ground-based maize yield estimates, along with the strong explanatory power of the regression models, indicates that VCI-derived dry dekads can effectively predict maize yield before the end of the season. This capability allows for the timely planning and implementation of strategies to address any projected food deficits or surpluses.",single_country,ZAF,South Africa,ZAF,study_area,high,"Simple linear regression models that forecast maize yield for South Africa over four seasons: 2019-20, 2020-21, 2021-22, and 2022-23.",,maize,single_crop,high,Application of Remote Sensing for Maize Yield Estimation in South Africa . Maize plays an important role in food security for most cou,True,,,,,MODEL_ASSISTED_VALIDATION - not human review,False,W4416725929,correct,,,correct,,,{'ZAF'},1,,allocation_ok
W4399400351,single_country|study_area,962,45,21.377777777777776,Modeling the grain yield loss and quality assessment of some durum wheat (Triticum durum Desf.) genotypes under semi-arid conditions,"This study was conducted at the Experimental Station for Field Crops ITGC in Setif -Algeria during the growing season (2020-2021), to evaluate the parameters of the technological quality efficiency of three durum wheat genotypes Boussellam (BOS), Oued El Bared (OB), and GTA dur (GTA) and the efficiency of using mathematical models based on the relation between grain moisture in the field and grain yield to estimate grain yield loss caused by the delayed harvest according to the randomized blocks design with three replications. Results demonstrated that the genotype effects were significant for all technological parameters, the protein content varied from 13.70 to 15.4%; the highest content of protein registered by (OB) was 15.4%. In addition, the values of test weight varied between 79.47 and 81.97 kg hL-1, with a general mean of 80.96 kg hL-1. The study of correlations test showed that there was a significant and positive correlation between the decreased grain moisture in the field and the loss in final grain yield, which suggests that the final grain yield decreases as the grain moisture decreases. This loss can be predicted using a mathematical regression model. The statistical analysis revealed the best agreement between measured and simulated grain yield, with low average absolute error and root mean square error. The grain yield was also well simulated with the observed yield giving a coefficient of efficiency (E) of 0.76, i.e., with a simulation capacity of 76%. Overall, and after the physiological maturity of the grains the mathematical model proved that with the 1% loss of grain moisture, there is a loss of about 0.290 t ha-1 of grain yield.",single_country,DZA,Algeria,DZA,study_area,high,"otypes under semi-arid conditions . This study was conducted at the Experimental Station for Field Crops ITGC in Setif -Algeria during the growing season (2020-2021), to evaluate the parameters of the technological quality efficiency of three duru",,wheat,single_crop,high,Modeling the grain yield loss and quality assessment of some durum wheat (Triticum durum Desf.) genotypes under semi-arid conditions . This study was conducted a,True,,,,,MODEL_ASSISTED_VALIDATION - not human review,False,W4399400351,correct,,,correct,,,{'DZA'},1,,allocation_ok
W2997785409,single_country|study_area,962,45,21.377777777777776,"Cereal Yields Forecasting using Remote Sensing and GIS Techniques : A Case Study of Ouled Saleh Commune, Region of Casablanca-Settat, Morocco","In Morocco, Agriculture is a key sector of the national economy, playing crucial social and economic roles. The sector accounts for around 14 to 20% of the Gross Domestic Product (GDP) and represents 43% of all employment. Winter cereals (soft wheat, durum wheat and barley) are produced all over the country, occupying nearly 65% of agricultural lands and therefore cereal yields forecasting is a major tool for decision making, allowing for planning in advance actions like annual cereal imports or aids to farmers. The present study highlights the substantial contribution of remote sensing (RS) and Geographic Information Systems (GIS) techniques in predicting soft wheat yields at the rural commune of Ouled Saleh, Region Casablanca-Settat in Morocco. The forecasting methodology was based on two steps: First, a land cover map of the study area was produced using Sentinel imagery to identify agricultural zones; second, simple linear regression models were established between the Normalized Difference Vegetation Index (NDVI), derived from the Moderate Resolution Imaging Spectrometer (MODIS) and soft wheat yields over the period 2002-2012. Our results showed high correlations between the NDVI of agricultural lands, averaged over the period from February till March or April and soft wheat yields. Therefore, NDVI can be used as a predictor index to early forecast soft wheat yields one to two months before harvest.",single_country,MAR,Morocco,MAR,study_area,high,"Cereal Yields Forecasting using Remote Sensing and GIS Techniques : A Case Study of Ouled Saleh Commune, Region of Casablanca-Settat, Morocco .",,wheat,single_crop,high,"ution of remote sensing (RS) and Geographic Information Systems (GIS) techniques in predicting soft wheat yields at the rural commune of Ouled Saleh, Region Casablanca-Settat in Morocco. The forecasti",True,,,,,MODEL_ASSISTED_VALIDATION - not human review,False,W2997785409,correct,,,correct,,,{'MAR'},1,,allocation_ok
W7165041369,single_country|study_area,962,45,21.377777777777776,Time-ordered empirical framework for forecasting climate-driven oil palm yield in southern Thailand,"Importance of the work: Oil palm yield in southern Thailand is strongly sensitive to climatic variations; however, robust intra-annual forecasting frameworks are largely absent. Objectives: To quantify lagged climate-yield relationships and to build province-scale empirical models for reliable intra-annual yield forecasting. Materials and Methods: Monthly yield data were compiled for 13 southern provinces (2005-2022) to derive province-averaged reanalysis climate variables with lag adjustments. Collinearity was reduced using variance inflation factor analysis and models were trained through exhaustive search with expanding-window cross-validation. Results: Robust models with 2-8 predictors were produced for 11 provinces. Across test splits, the ranges were: coefficient of determination (R2 ), 0.33-0.73; root mean square error, 0.14-0.30 t/ha; coefficient of variation of the root mean square error, 8.38-23.75 %; and mean bias error, within ±0.13 t/ha. Dew-point temperature, soil moisture at 1.6 m and precipitation dominated the selected predictors, with common lags near 3 mth and 21 mth. Forecast lead time spanned 3-20 mth, most often 6-11 mth ahead of harvest. The lowest errors occurred in Nakhon Si Thammarat and Surat Thani provinces, while southernmost provinces had higher relative errors. Partial-R² attribution highlighted mid-season soil moisture (often a 7 mth lag) as the most influential predictor in 7 of the 11 provinces. Main finding: A time-ordered empirical framework successfully forecast province-scale oil palm yields several months in advance using reanalysis climate and soil-moisture predictors. The results could support operational early warning for mills and agencies, while also clarifying the lagged climatic controls that shape yield variability in southern Thailand.",single_country,THA,Thailand,THA,study_area,high,Time-ordered empirical framework for forecasting climate-driven oil palm yield in southern Thailand .,,oilpalm,single_crop,high,Time-ordered empirical framework for forecasting climate-driven oil palm yield in southern Thailand . Importance of the work: Oil palm yield in southern Thailand is,True,,,,,MODEL_ASSISTED_VALIDATION - not human review,False,W7165041369,correct,,,correct,,,{'THA'},1,,allocation_ok
W3169469595,single_country|study_area,962,45,21.377777777777776,Integration of Crop Growth Model and Random Forest for Winter Wheat Yield Estimation From UAV Hyperspectral Imagery,"Accurate and timely crop yield estimation is critical for food security and sustainable development. The rapid development of unmanned aerial vehicles (UAVs) offers a new approach to acquire high spatio-temporal resolution imagery of farmland at a low cost. In order to realize the full potential of UAV platform and sensor, machine learning has been introduced to estimate crop yield, but the shortages of field measurements have troubled researchers. In this article, the CW-RF model, a new wheat yield estimation model suitable for the North China plain, was established using random forest, and the crop growth model (the CERES-wheat model) was chosen to simulate abundant training samples for random forest at field plot scale. According to CERES-wheat model simulation, the leaf area index (LAI) and leaf nitrogen content (LNC) at the wheat jointing and heading stages were selected as the most sensitive parameters, and were retrieved from UAV hyperspectral imagery using the directional second derivative and angular insensitivity vegetation index methods, respectively. Then the retrieved LAI and LNC results were input into the CW-RF model to estimate winter wheat yield. The field validation in Luohe, Henan showed that the root-mean-squared error of the retrieved LAI and LNC were 6.27% and 12.17% at jointing stages, 9.21% and 13.64% at heading stages, respectively. The RMSE of estimated yield was 1,008.08 kg/ha, and the mean absolute percent error of estimated yield was 9.36%, demonstrating the available of the CW-RF model in wheat yield estimation at field plot scale. Apart from Luohe, validations in some other fields (e.g., Xiaotangshan, Beijing), prove the wide applicability of the CW-RF model. In addition, the UAV hyperspectral data were found to significantly improve the retrieval accuracy, and further improve CW-RF model estimation accuracy. In conclusion, this article showed that the CERES-Wheat model simulation can be important data source for machine learning-based wheat yield estimation model at field plot scale, and the hyperspectral sensor mounted on a UAV is a feasible remote sensing data acquisition mode for winter wheat growth monitoring and yield estimation.",single_country,CHN,China,CHN,study_area,high,"In this article, the CW-RF model, a new wheat yield estimation model suitable for the North China plain, was established using random forest, and the crop growth model (the CERES-wheat model) was chosen to simulate abundant training samples for random forest at field plot scale.",,wheat,single_crop,high,Integration of Crop Growth Model and Random Forest for Winter Wheat Yield Estimation From UAV Hyperspectral Imagery . Accurate and timely crop yield estima,True,,,,,MODEL_ASSISTED_VALIDATION - not human review,False,W3169469595,correct,,,correct,,,{'CHN'},1,,allocation_ok
W4411174509,single_country|locative_only,859,45,19.08888888888889,Integrating WOFOST and Deep Learning for Winter Wheat Yield Estimation in the Huang-Huai-Hai Plain,"The Huang-Huai-Hai Plain is one of China's primary winter wheat production regions, making accurate yield estimation critical for agricultural decision-making and national food security. In this study, a yield estimation framework was developed by integrating Sentinel-2 and Landsat-8 satellite data with the WOFOST crop growth model and deep learning techniques. Initially, a multi-scenario sample dataset was constructed using historical meteorological and agronomic data through the WOFOST model. Leaf Area Index (LAI) values were then derived from Landsat-8 and Sentinel-2 imagery, and a GRU (Gated Recurrent Unit) neural network was trained on the simulation samples to establish a relationship between LAI and yield. This trained model was applied to the remote sensing-derived LAI to generate initial yield estimates. To enhance accuracy, the results were further corrected using county-level statistical data, producing a spatially explicit winter wheat yield dataset for the Huang-Huai-Hai Plain from 2014 to 2022. Validation against statistical yearbook data at the county level demonstrated a correlation coefficient (r) of 0.659, a root mean square error (RMSE) of 578.34 kg/ha, and a mean relative error (MRE) of 6.63%. These results indicate that the dataset provides reliable regional-scale yield estimates, offering valuable support for agricultural planning and policy development.",single_country,CHN,China,CHN,locative_only,medium,"The Huang-Huai-Hai Plain is one of China's primary winter wheat production regions, making accurate yield estimation critical for agricultural decision-making and national food security.",,wheat,single_crop,high,Integrating WOFOST and Deep Learning for Winter Wheat Yield Estimation in the Huang-Huai-Hai Plain . The Huang-Huai-Hai Plain is one of China,True,,,,,MODEL_ASSISTED_VALIDATION - not human review,False,W4411174509,correct,,,correct,,,{'CHN'},1,,allocation_ok
W4284965050,single_country|locative_only,859,45,19.08888888888889,Application of artificial neural network for wheat yield forecasting,"A given model of yield forecasting using an artificial neural network connects the wheat crop with the amount of productive moisture in the soil, soil fertility, weather, and factors in the presence of pests, diseases, and weeds. The difficulty of creating a yield forecast system is in the correct choice of predictors that have the greatest impact on yield. To build the model, moisture in the 100 cm layer of the soil, the content of nitrogen, phosphorus, humus, and soil acidity in the soil were used as input parameters. The amount of precipitation over 4 months, the average air temperature for the same period, as well as the presence of diseases, pests, and weeds were also taken into consideration. Data on 13 districts of the North Kazakhstan region in the period from 2008 to 2017 were used. The output parameter was the yield of spring wheat over the same time period. The relative importance of input variables in relation to the output variable was used to determine the weight values of input variables. An artificial neural network of error backpropagation was used as a method. The advantage of this method is that the quality of the forecast increases with a large amount of training data, as well as the ability to model nonlinear relationships between different data sources. After training the artificial neural network and obtaining predictive data, good results were achieved for predicting wheat yields (p=0.52, mean absolute error in percentage (MAPE)=12.02 %, root mean square error (RMSE)=3.368). Thus, it is assumed that the developed model for forecasting wheat yields based on data can be easily adapted for other crops and places and will allow the adoption of the right strategies to ensure food security",single_country,KAZ,Kazakhstan,KAZ,locative_only,medium,Data on 13 districts of the North Kazakhstan region in the period from 2008 to 2017 were used.,,wheat,single_crop,high,Application of artificial neural network for wheat yield forecasting . A given model of yield forecasting using an artificial neural network conn,True,,,,,MODEL_ASSISTED_VALIDATION - not human review,False,W4284965050,correct,,,correct,,,{'KAZ'},1,,allocation_ok
W2067450388,single_country|locative_only,859,45,19.08888888888889,Cereal Yield Modeling in Finland Using Optical and Radar Remote Sensing,"During 1996-2006, the Ministry of Agriculture and Forestry in Finland (MAFF), MTT Agrifood Research and the Finnish Geodetic Institute performed a joint remote sensing satellite research project. It evaluated the applicability of optical satellite (Landsat, SPOT) data for cereal yield estimations in the annual crop inventory program. Four Optical Vegetation Indices models (I: Infrared polynomial, II: NDVI, III: GEMI, IV: PARND/FAPAR) were validated to estimate cereal baseline yield levels (yb) using solely optical harmonized satellite data (Optical Minimum Dataset). The optimized Model II (NDVI) yb level was 4,240 kg/ha (R2 0.73, RMSE 297 kg/ha) for wheat and 4390 kg/ha (R2 0.61, RMSE 449 kg/ha) for barley and Model I yb was 3,480 kg/ha for oats (R2 0.76, RMSE 258 kg/ha). Optical VGI yield estimates were validated with CropWatN crop model yield estimates using SPOT and NOAA data (mean R2 0.71, RMSE 436 kg/ha) and with composite SAR/ASAR and NDVI models (mean R2 0.61, RMSE 402 kg/ha) using both reflectance and backscattering data. CropWatN and Composite SAR/ASAR & NDVI model mean yields were 4,754/4,170 kg/ha for wheat, 4,192/3,848 kg/ha for barley and 4,992/2,935 kg/ha for oats.",single_country,FIN,Finland,FIN,locative_only,medium,Cereal Yield Modeling in Finland Using Optical and Radar Remote Sensing .,Finland(affiliation/publication context),barley;oat_rye;wheat,multi_crop,medium,"el was 4,240 kg/ha (R2 0.73, RMSE 297 kg/ha) for wheat and 4390 kg/ha (R2 0.61, RMSE 449 kg/ha) for barley and Model I yb was 3,480 kg/ha for oats (R2 0.76, RMSE 258 kg/ha). Optical VGI yield estimate",True,,,,,MODEL_ASSISTED_VALIDATION - not human review,False,W2067450388,correct,,,correct,,,{'FIN'},1,,allocation_ok
W4409495029,single_country|locative_only,859,45,19.08888888888889,Sugar Cane Yield Prediction Using Drone Data Processed by LSTM Algorithm,"Sugarcane is an essential crop in southwestern Japan, particularly in Okinawa and Kagoshima, where it sustains local economies and supports large-scale sugar production. Traditional yield prediction relies on labor-intensive field surveys and is increasingly challenged by a shortage of skilled labor, resulting in potential inaccuracies. This work proposes an innovative approach to sugarcane yield prediction by combining Long Short-Term Memory (LSTM) models with Genetic Algorithms (GA) to optimize model performance. Drone-based data collection methods are also explored, leveraging aerial imagery to provide additional predictive features. The proposed model demonstrates the effectiveness of integrating time-series and spatial data, offering a scalable and accurate solution for improving yield forecasting and supporting efficient operations in sugarcane production.",single_country,JPN,Japan,JPN,locative_only,medium,"Sugarcane is an essential crop in southwestern Japan, particularly in Okinawa and Kagoshima, where it sustains local economies and supports large-scale sugar production.",,sugarcane,single_crop,high,Sugar Cane Yield Prediction Using Drone Data Processed by LSTM Algorithm . Sugarcane is an essential,True,,,,,MODEL_ASSISTED_VALIDATION - not human review,False,W4409495029,correct,,,correct,,,{'JPN'},1,,allocation_ok
W4319039384,single_country|locative_only,859,45,19.08888888888889,Interpretability of deep learning models for crop yield forecasting,"Machine learning models for crop yield forecasting often rely on expert-designed features or predictors. The effectiveness and interpretability of these handcrafted features depends on the expertise of the people designing them. Neural networks have the ability to learn features directly from input data and train the feature learning and prediction steps simultaneously. In this paper, we evaluate the performance and interpretability of neural network models for crop yield forecasting using data from the MARS Crop Yield Forecasting System of the European Commission's Joint Research Centre. The selected neural networks can handle sequential or time series data and include long short-term memory (LSTM) recurrent neural network and 1-dimensional convolutional neural network (1DCNN). Performance was compared with a linear trend model and a Gradient-Boosted Decision Trees (GBDT) model, trained using hand-designed features. Feature importance scores of input variables were computed using feature attribution methods and were analyzed by crop yield modeling and agronomy experts. Results showed that LSTM models perform statistically better than GBDT models for soft wheat in Germany and similar to GBDT models for all other case studies. In addition, LSTM models captured the effect of yield trend, static features (e.g. elevation, soil water holding capacity) and biomass features on crop yield well, but struggled to capture the impact of extreme temperature and moisture conditions. Our work shows the potential of deep learning to automatically learn features and produce reliable crop yield forecasts, and highlights the importance and challenges of involving human stakeholders in assessing model interpretability.",single_country,DEU,Germany,DEU,locative_only,medium,Results showed that LSTM models perform statistically better than GBDT models for soft wheat in Germany and similar to GBDT models for all other case studies.,,wheat,single_crop,high,"omy experts. Results showed that LSTM models perform statistically better than GBDT models for soft wheat in Germany and similar to GBDT models for all other case studies. In addition, LSTM models cap",True,,,,,MODEL_ASSISTED_VALIDATION - not human review,False,W4319039384,incorrect,,global_forced_to_country,correct,,"Multi-case EU MARS/JRC study; scope is regional, not Germany alone",{'DEU'},1,,scope_label_only
W2760812061,single_country|locative_only,859,45,19.08888888888889,Assessment of Nutrient Uptake on the Performance and Yield of Extra-EarlyMaize (Zea mays L.) Under two water Regimes in the Sudan Savannah of Nigeria,"Two separate field trials were conducted during the 2005 rainy season and 2006 dry season at the Research Farm of the Institute for Agricultural Research (IAR), Kadawa in the Sudan Savannah of Nigeria to assess the nutrient uptake on the performance and yield of extra-early maize (Zea mays L.) under two water regimes. The treatments consisted of four NPK rates (0:0:0, 60:30:30, 120:60:60, and 180:90:90 Kg ha-1) and one plant population (53,000 plants ha-1). In 2005, the experiment was rain- fed while in 2006 during the dry season the experiment was irrigated. Under the two water regimes, the experiments were factorially combined and laid out in Randomised Complete Block Design with four replicates. The results showed that application of 60:30:30kgNPKha-1 was generally optimum for 100-grain weight and grain yield (1, 429.40 and 2, 929.60 kg ha-1 for rain-fed and irrigated plants respectively). When the grain yields were regressed against fertilizer rates, the response was quadratic and positively significant for the grain yields under the two water regimes. The regression analysis revealed that under rain-fed, grain yield was optimum (1,700 kg ha-1) when 900 kg NPK ha-1 was applied while under irrigation, grain yield was optimum (3, 500 kg ha-1) when 750 kg NPK ha-1 was applied. The result also showed that nutrient up-take in irrigated plants is higher than in plants under rain-fed and this translate to higher yield at all rates of NPK fertilizer.",single_country,NGA,Nigeria,NGA,locative_only,medium,Assessment of Nutrient Uptake on the Performance and Yield of Extra-EarlyMaize (Zea mays L.) Under two water Regimes in the Sudan Savannah of Nigeria .,Sudan(ambiguous: Sudan and South Sudan); Sudan(affiliation/publication context); Nigeria(affiliation/publication context),maize,single_crop,high,Assessment of Nutrient Uptake on the Performance and Yield of Extra-EarlyMaize (Zea mays L.) Under two water Regimes in the Sudan Savannah of Nigeria . Two separate field trials we,True,,,,,MODEL_ASSISTED_VALIDATION - not human review,False,W2760812061,correct,,,correct,,,{'NGA'},1,,allocation_ok
W7166333207,single_country|locative_only,859,45,19.08888888888889,A lattice-augmented ensemble framework for interpretable climate-informed oil palm yield prediction in Thailand,"Accurate yield prediction is essential for agricultural planning, climate adaptation, and evidence-based decision-making, particularly for climate-sensitive crops such as oil palm. In Thailand, the expansion of oil palm cultivation beyond the Southern region has heightened the demand for predictive models that are both accurate and interpretable for practical application by farmers, extension officers, and policymakers. Although tree-based ensemble methods frequently demonstrate strong predictive performance, their internal structures are typically challenging to interpret. This study introduces a lattice-augmented ensemble framework for climate-informed oil palm yield prediction in Thailand. The proposed framework integrates supervised ensemble learning with structural measures inspired by Formal Concept Analysis (FCA), enabling simultaneous assessment of interpretability and predictive performance. A climate-augmented province-year dataset for 2011 to 2020 was developed by combining provincial production variables with regional rainfall totals and rainy-day counts. Linear Regression, Random Forest, Gradient Boosting Machine, and Extreme Gradient Boosting models were evaluated. The findings indicate that tree-based ensemble models outperformed Linear Regression, with Extreme Gradient Boosting demonstrating the highest predictive performance. Model complexity was quantified using FCA-inspired measures, including leaf-view size, tree-view size, predicate-view size, lattice depth, and branching factor. Repeated train-test evaluations and Pareto frontier analysis were employed to identify model configurations that balanced prediction accuracy with structural simplicity. All non-dominated solutions were derived from Extreme Gradient Boosting models, suggesting superior accuracy-complexity trade-offs compared to Gradient Boosting Machine. The proposed framework offers an interpretable and effective approach to climate-informed yield prediction and provides a transferable methodology applicable to other climate-sensitive agricultural systems.",single_country,THA,Thailand,THA,locative_only,medium,A lattice-augmented ensemble framework for interpretable climate-informed oil palm yield prediction in Thailand .,,oilpalm,single_crop,high,A lattice-augmented ensemble framework for interpretable climate-informed oil palm yield prediction in Thailand . Accurate yield prediction is essential for agricultural plan,True,,,,,MODEL_ASSISTED_VALIDATION - not human review,False,W7166333207,correct,,,correct,,,{'THA'},1,,allocation_ok
W4391309074,single_country|locative_only,859,45,19.08888888888889,Estimation of ET and Crop Water Productivity in a Semi-Arid Region Using a Large Aperture Scintillometer and Remote Sensing-Based SETMI Model,"With the increasing water scarcity and the demand for sustainable agriculture, precise estimation of crop evapotranspiration (ET) is crucial for effective irrigation management, crop yield assessment, and equitable water distribution, particularly in semi-arid regions. In this study, a large aperture scintillometer (LAS) was used to validate the remote sensing-based ET model SETMI (Spatial Evapotranspiration Modeling Interface) in an irrigated maize-wheat cropping system in a semi-arid region at the ICAR-Indian Agricultural Research Institute, New Delhi. Results obtained by the SETMI model depicted modeled surface energy fluxes compared well with LAS field data, showing a very high R2 (0.83-0.95) and NRMSE (8-29%). The SETMI model performed better in the case of the maize crop than the wheat crop in field experiments. Further, the SETMI model was employed at the regional level using high-resolution Sentinel-2 to estimate the regional water productivity of wheat crops over a semi-arid region in India. The estimated regional, seasonal wheat actual ET mainly ranged between 101 mm and 325 mm. The regional wheat water productivity varied from 0.9 kg m-3 to 2.20 kg m-3. Our research reveals that the SETMI model can give reliable estimates of regional wheat water productivity by examining its spatial and temporal fluctuations and facilitating the creation of regional benchmark values.",single_country,IND,India,IND,locative_only,medium,"Further, the SETMI model was employed at the regional level using high-resolution Sentinel-2 to estimate the regional water productivity of wheat crops over a semi-arid region in India.",,maize;wheat,multi_crop,medium,remote sensing-based ET model SETMI (Spatial Evapotranspiration Modeling Interface) in an irrigated maize-wheat cropping system in a semi-arid region at the ICAR-Indian Agricultural Research Institute,True,,,,,MODEL_ASSISTED_VALIDATION - not human review,False,W4391309074,correct,,,correct,,,{'IND'},1,,allocation_ok
W2402212556,single_country|locative_only,859,45,19.08888888888889,Drought-related vulnerability and risk assessment of groundwater in Belgium: estimation of the groundwater recharge and crop yield vulnerability with the B-CGMS,"Due to common belief that regions under temperate climate are not affected by (meteorological and groundwater) drought, these events and their impacts remain poorly studied: in the GroWaDRISK, we propose to take stock of this question. We aim at providing a better understanding of the influencing factors (land use and land cover changes, water demand and climate) and the drought-related impacts on the environment, water supply and agriculture. The study area is located in the North-East of Belgium, corresponding approximatively to the Dijle and Demer catchments. To establish an overview of the groundwater situation, we assess the system input: the recharge. To achieve this goal, two models, B-CGMS and WetSpass are used to evaluate the recharge, respectively, over agricultural land and over the remaining areas, as a function of climate and for various land uses and land covers. B-CGMS, which is an adapted version for Belgium of the European Crop Growth Monitoring System, is used for assessing water recharge at a daily timestep and under different agricultural lands: arable land (winter wheat, maize...), orchards, horticulture and floriculture and for grassland. B-CGMS is designed to foresee crop yield and obviously it studies the impact of drought on crop yield and raises issues for the potential need of irrigation. For both yields and water requirements, the model proposes a potential mode, driven by temperature and solar radiation, and a water-limited mode for which water availability can limit crop growth. By this way, we can identify where and when water consumption and yield are not optimal, in addition to the Crop Water Stress Index. This index is calculated for a given crop, as the number of days affected by water stress during the growth sensitive period. Both recharge and crop yield are assessed for the current situation (1980 - 2012), taking into account the changing land use/land cover, in terms of areas and localization of the agricultural land and where the proportion of the different crops had considerably evolved through time (e.g., increase of grain maize and potatoes while winter cereals decrease). The preliminary results of the recharge lead to an average value in the area showing a significant negative trend, in both simulations with fixed (base = 1980) and changing land cover. In the same time, we could observe an increasing number of water stress periods, especially for maize, one of the main crops in the area. Finally, a preliminary test will be presented for the horizon 2040, for which we use meteorological time series (for high and low hydrologic impacts) given by the CCI-HYDR Perturbation Tool (Ntegeka V. and Willems P., 2009). This preliminary test aims to (1) evaluate the amplitude of the potential recharge deficit and, (2) especially, to define vulnerability zones, affected by frequent water stress, in connection with irrigation needs which could possibly increase the groundwater extraction.",single_country,BEL,Belgium,BEL,locative_only,medium,Drought-related vulnerability and risk assessment of groundwater in Belgium: estimation of the groundwater recharge and crop yield vulnerability with the B-CGMS .,Belgium(affiliation/publication context),maize;potato,multi_crop,medium,"he proportion of the different crops had considerably evolved through time (e.g., increase of grain maize and potatoes while winter cereals decrease). The preliminary results of the recharge lead to a",True,,,,,MODEL_ASSISTED_VALIDATION - not human review,False,W2402212556,correct,,,incorrect,wheat;maize;potato,B-CGMS also models winter wheat; potato appears only as land-use context,{'BEL'},1,,allocation_ok
W2088683152,single_country|locative_only,859,45,19.08888888888889,Predicting Rice Yield Using Canopy Reflectance Measured at Booting Stage,"Abilities to estimate rice ( Oryza sativa L.) yields within fields from remote sensing images is not only fundamental to applications of precision agriculture, but can also be very useful to food provisions management. Major objectives of this study were to identify spectral characteristics associated with rice yield and to establish their quantitative relationships. Field experiments were conducted at Shi-Ko experimental farm of TARI's Chiayi Station during 1999-2001. Rice cultivar Tainung 67, the major cultivar grown in Taiwan, was used in the study. Various levels of rice yield were obtained via N application treatments. Canopy reflectance spectra were measured during entire growth period, and dynamic changes of characteristic spectrum were analyzed. Relationships among rice yields and characteristic spectrum were studied to establish yield estimation models suitable for remote sensing purposes. Spectrum analysis indicated that the changes of canopy reflectance spectrum were least during booting stages. Therefore, the canopy reflectance spectra during this period were selected for model development. Two multiple regression models, constituting of band ratios (NIR/RED and NIR/GRN), were then constructed to estimate rice yields for first and second crops separately. Results of the validation experiments indicated that the derived regression equations successfully predicted rice yield using canopy reflectance measured at booting stage unless other severe stresses occurred afterward.",single_country,TWN,Taiwan,TWN,locative_only,medium,"Rice cultivar Tainung 67, the major cultivar grown in Taiwan, was used in the study.",,rice,single_crop,high,Predicting Rice Yield Using Canopy Reflectance Measured at Booting Stage . Abilities to estimate rice ( Oryza s,True,,,,,MODEL_ASSISTED_VALIDATION - not human review,False,W2088683152,correct,,,correct,,,{'TWN'},1,,allocation_ok
W2314645631,single_country|locative_only,859,45,19.08888888888889,The research and application of remote sensing technology in Maize Yield estimation of Jilin,"Maize is one of China's major grain crops, it occupies a pivotal position in northern China. So there is great need to be informed the abreast of maize acreage, growth and yield of maize production timely for the management, price of macro-control and foreign trade. Implement yield estimation by RS is more advanced than any other traditional statistical methods in agricultural development. To obtain crop yield and other information objectively in time, in particular, cultivation and distribution of information has a very important role in maize management.",single_country,CHN,China,CHN,locative_only,medium,"Maize is one of China's major grain crops, it occupies a pivotal position in northern China.",,maize,single_crop,high,"The research and application of remote sensing technology in Maize Yield estimation of Jilin . Maize is one of China's major grain crops, it occupies a pivotal p",True,,,,,MODEL_ASSISTED_VALIDATION - not human review,False,W2314645631,correct,,,correct,,,{'CHN'},1,,allocation_ok
W2565879548,single_country|locative_only,859,45,19.08888888888889,Convolutional Neural Networks for Rice Yield Estimation Using MODIS and Weather Data: A Case Study for South Korea,"쌀은 오랜 기간 동안 남한 지역의 주식임과 동시에 농부들의 주 수입원이며, 농업 분야 관련 정책 수립을 위한 수학적인 쌀 생산량 추정 모델의 구축이 필요하다. 본 연구의 목적은 (1) 쌀 생산량 추정을 위한 회선신경망 모델의 구축과, (2) 최고의 성능을 보이는 회선신경망의 파라미터를 결정하는 것과, (3) 인공신경망 모델과의 비교를 통해 회선신경망의 성능을 평가하는 것이다. 각 모델의 입력데이터로는 2000~2013년도의 4~9월까지에 해당하는 기상자료와 MODIS 위성자료를 사용하였으며, 정확도 평가를 위해 교차 검증을 실시하였다. 회선신경망과 인공신경망은 쌀 생산 표본점을 대상으로 각각 36.10kg/10a, 48.61kg/10a와 시군구 지역을 대상으로 각각 31.30kg/10a, 39.31kg/10a의 RMSE를 보였다. 회선신경망 모델은 인공신경망 모델보다 우수한 성능을 보였으며, 본 연구를 통해 쌀 생산량 추정 분야에 대한 회선신경망 모델의 적용 가능성을 확인할 수 있었다. In South Korea, paddy rice has been consumed over the entire region and it is the main source of income for farmers, thus mathematical model for the estimation of rice yield is required for such decision-making processes in agriculture. The objectives of our study are to: (1) develop rice yield estimation model using Convolutional Neural Networks(CNN), (2) choose hyper-parameters for the model which show the best performance and (3) investigate whether CNN model can effectively predict the rice yield by the comparison with the model using Artificial Neural Networks(ANN). Weather and MODIS(The MOderate Resolution Imaging Spectroradiometer) products from April to September in year 2000~2013 were used for the rice yield estimation models and cross-validation was implemented for the accuracy assessment. The CNN and ANN models showed Root Mean Square Error(RMSE) of 36.10kg/10a, 48.61kg/10a based on rice points, respectively and 31.30kg/10a, 39.31kg/10a based on 'Si-Gun-Gu' districts, respectively. The CNN models outperformed ANN models and its possibility of application for the field of rice yield estimation in South Korea was proved.",single_country,KOR,South Korea,KOR,locative_only,medium,"Convolutional Neural Networks for Rice Yield Estimation Using MODIS and Weather Data: A Case Study for South Korea . 쌀은 오랜 기간 동안 남한 지역의 주식임과 동시에 농부들의 주 수입원이며, 농업 분야 관련 정책 수립을 위한 수학적인 쌀 생산량 추정 모델의 구축이 필요하다. 본 연구의 목적은 (1) 쌀 생산량 추정을 위한 회",,rice,single_crop,high,Convolutional Neural Networks for Rice Yield Estimation Using MODIS and Weather Data: A Case Study for South Korea . 쌀은 오랜 기간 동안 남한 지역,True,,,,,MODEL_ASSISTED_VALIDATION - not human review,False,W2565879548,correct,,,correct,,,{'KOR'},1,,allocation_ok
W4408624670,single_country|locative_only,859,45,19.08888888888889,TOWARDS SEED SELECTION AND YIELD ASSESSMENT FOR AGRICULTURAL PRODUCTIVITY IN INDIA,"In India, agriculture faces challenges such as climatic change and water scarcity, hindering farmers' ability to meet the high demand for products such as rice. To address this, a research project focused on seed selection and yield assessment, which is crucial, factors affecting production. Four rice varieties commonly cultivated in Tamil Nadu were chosen for experimentation: KO50, Atchaya Ponni, Andhra Ponni, and IR 20. The proposed method employs a machine vision system to measure seed quality and detect adulteration rates using various deep learning techniques. Real-time datasets and economically feasible imaging devices were used in this study. This includes the application of various deep learning techniques, with InceptionV3 exhibiting the highest accuracy at 98.96%, followed by ResNet101 at 86.61%. Convolutional Neural Network (CNN), AlexNet, and MobileNet also demonstrated respectable accuracies of 85.12%, 83.83%, and 81.99%, respectively. This research aims to empower farmers with tools to select high-quality seeds, potentially improving crop yield, and addressing production challenges in agriculture.",single_country,IND,INDIA,IND,locative_only,medium,TOWARDS SEED SELECTION AND YIELD ASSESSMENT FOR AGRICULTURAL PRODUCTIVITY IN INDIA .,,rice,single_crop,high,"change and water scarcity, hindering farmers' ability to meet the high demand for products such as rice. To address this, a research project focused on seed selection and yield assessment, which is c",True,,,,,MODEL_ASSISTED_VALIDATION - not human review,False,W4408624670,correct,,,correct,,,{'IND'},1,,allocation_ok
W4403759048,single_country|locative_only,859,45,19.08888888888889,Crop Classification and Yield Prediction Using Robust Machine Learning Models for Agricultural Sustainability,"Agriculture is pivotal for the economy of a country as it is a major source of food, employment and raw materials. However, challenges such as diseases, soil degradation, and water scarcity persist. Technology adoption can address these issues, improving production and quality. Machine learning, a subset of Artificial Intelligence (AI), enables prediction, classification, and automation in agriculture. It optimizes irrigation, fertilization, and crop selection, aiding decision-making for food security and crop management. This study proposes two robust machine learning architectures for classification and regression based on distinct datasets. Firstly, we delve into a crop recommendation dataset obtained from Kaggle, consisting of various input attributes such as the pH of the soil, temperature, humidity, and nutrient levels. Leveraging machine learning classification techniques such as Extra Tree Classifier (ETC), Logistic Regression (LR), Decision Tree (DT), Random Forest (RF), K-Nearest Neighbour (KNN), Gaussian Naive Bayes (GNB), and Support Vector Machine (SVM), we suggest twenty-two different crops founded on these inputs. Through the use of K-fold cross-validation, Explainable AI (XAI) and feature engineering, we identify the best-performing model, with Random Forest coming out on top scoring an accuracy of 99.7% with precision, recall, F1 score, and confusion matrix. Secondly, we investigate wheat yield prediction data snagged from the World Bank and Food and Agriculture Organization (FAO), covering the years 1992-2013 for Pakistan. Using Multivariate Imputation by Chained Equations (MICE) to tackle data restrictions, we gauge wheat production for 2014-2024 and forecast the 2025 yield using machine learning regression models. Once again, using hyper parameter tuning with K-fold cross-validation, Support Vector Regressor (SVR) stands out as the top-performing model, achieving an accuracy of 99.9% with R2 Score. Transparency and confidence in agricultural decision-making are increased when machine learning decisions are made comprehensible using Explainable AI (XAI) approaches. Two widely used XAI approaches, namely Feature Importance and Local Interpretable Model-Agnostic Explanations (LIME) are used to interpret and explain outcomes of the proposed models. The study can increase agricultural productivity, minimize risks, enhance food security, and promote more environmentally friendly farming approaches.",single_country,PAK,Pakistan,PAK,locative_only,medium,"Secondly, we investigate wheat yield prediction data snagged from the World Bank and Food and Agriculture Organization (FAO), covering the years 1992-2013 for Pakistan.",,wheat,single_crop,high,"accuracy of 99.7% with precision, recall, F1 score, and confusion matrix. Secondly, we investigate wheat yield prediction data snagged from the World Bank and Food and Agriculture Organization (FAO),",True,,,,,MODEL_ASSISTED_VALIDATION - not human review,False,W4403759048,correct,,,correct,,,{'PAK'},1,,allocation_ok
W4384526360,single_country|locative_only,859,45,19.08888888888889,Whole crop maize yield modeling based on regional climatic data considering cultivar maturity grouping,"Abstract The sustainable supply of whole crop maize (WCM, Zea mays L.), as the domestic high-quality forage source, is causing great concern among the related parties in the Republic of Korea. Many new cultivars were introduced or developed in recent decades. This study was conducted to construct the WCM weather-crop yield prediction model considering cultivar maturity as well as to evaluate the effects of local climatic factors on yield. Data on the nationwide adaptability tests of WCM cultivars and the meteorological data were collected and merged into a dataset ( n = 386, 22 years) after data cleansing. Three climatic variables, including the accumulation values of growing degree days, precipitation, and sunshine hours from seeding to harvesting, were generated. Then, the dataset was split into two sub datasets considering cultivar maturity. Subsequently, the models, including the three climatic variables and the cultivated location, were constructed for both sub datasets. The finesses and accuracy of the models were confirmed by residual diagnostics and 3-fold cross-validation. The accumulated temperature, sunshine time, and precipitation were found to significantly affect the WCM yield variance, while the precipitation factor caused stresses to the yield, which indicates water management is important for WCM cultivation.",single_country,KOR,Republic of Korea,KOR,locative_only,medium,"Abstract The sustainable supply of whole crop maize (WCM, Zea mays L.), as the domestic high-quality forage source, is causing great concern among the related parties in the Republic of Korea.",,maize,single_crop,high,Whole crop maize yield modeling based on regional climatic data considering cultivar maturity grouping . Abstra,True,,,,,MODEL_ASSISTED_VALIDATION - not human review,False,W4384526360,correct,,,correct,,,{'KOR'},1,,allocation_ok
W4297978097,single_country|locative_only,859,45,19.08888888888889,"Annual 30 m soybean yield mapping in Brazil using long-term satellite observations, climate data and machine learning",,single_country,BRA,Brazil,BRA,locative_only,medium,"Annual 30 m soybean yield mapping in Brazil using long-term satellite observations, climate data and machine learning .",,soybean,single_crop,high,"Annual 30 m soybean yield mapping in Brazil using long-term satellite observations, climate data and machine lea",True,,,,,MODEL_ASSISTED_VALIDATION - not human review,False,W4297978097,correct,,,correct,,,{'BRA'},1,,allocation_ok
W4411468846,single_country|locative_only,859,45,19.08888888888889,Probabilistic estimates of drought-induced yield loss in the Southeastern United States,"Drought is an insidious climate hazard. It has devastating impacts on rainfed agriculture: loss in yield threatens food security, affects farmers, and have serious socio-economic ramifications. Their multifaceted impacts on agriculture, crop yield, food production, and the economy are often irreversible. The frequency and severity of drought events are increasing as the climate changes. Therefore, a better understanding of their effects is needed to mitigate their impacts on water and food security. Here, a probabilistic approach is employed to assess the potential threat that drought poses to four major cash crops in the Southeastern United States: corn, cotton, peanuts, and soybeans. Copula is used to model the dependence, at the county level, between the Standardized Precipitation and Evapotranspiration Index (SPEI) and crop yield. Drought-induced yield loss, for each county, is quantified and the joint probability as well as the conditional probability of yield loss given an impending drought is calculated to identify counties that are most vulnerable. Drought characteristics significantly affect yield: corn was the most vulnerable, whereas the loss incurred by the other crops were less severe. Further, counties in South Georgia suffered relatively lower losses, which may be attributed to the adoption of irrigation practices following the 2005/06 drought. This study demonstrates the detrimental effect of drought on rainfed agriculture, underscoring the need for comprehensive drought management strategies. The methodology employed in this study can be incorporated into a dashboard or decision support system that farmers, planners, and economists can use to make informed decisions based on the potential risks that drought poses to their counties and state, and thus develop adequate mitigation plans, including the estimation of insurance and compensation. • Rainfed agriculture in the Southeastern US is highly susceptible to drought. • A multivariate model was developed to determine yield loss and risk. • Corn was found to be more susceptible to drought. • Conditional probabilities highlight counties that are most at risk. • Proposed methodology can be incorporated into a decision support system.",single_country,USA,United States,USA,locative_only,medium,Probabilistic estimates of drought-induced yield loss in the Southeastern United States .,Georgia(ambiguous: US state of the same name; no study-area cue),cotton;maize,multi_crop,medium,"tential threat that drought poses to four major cash crops in the Southeastern United States: corn, cotton, peanuts, and soybeans. Copula is used to model the dependence, at the county level, between",True,,,,,MODEL_ASSISTED_VALIDATION - not human review,False,W4411468846,correct,,,incorrect,maize;cotton;groundnut;soybean,Peanut and soybean also modelled but were not coded,{'USA'},1,,allocation_ok
W4386031979,single_country|locative_only,859,45,19.08888888888889,Soil Dynamics and Crop Yield Modeling Using the MONICA Crop Simulation Model and Time Series Forecasting Methods,"Crop simulation models are an important tool for assessing agroecosystem performance and the impact of agrotechnologies on soil cover condition. However, the high uncertainty and labor intensiveness of long-term weather forecasting limits the applicability of such models. A possible solution may be to use time series forecasting models (SARIMAX and Prophet) and artificial neural-network-based technologies (Neural Prophet). This work compares the applicability of these methods for modeling soil condition dynamics and agroecosystem performance using the MONICA simulation model for Voronic Chernozems in the Kursk region of Russia. The goal is to determine which weather indicators are most important for the yield forecast and to choose the most appropriate methods for forecasting weather scenarios for agricultural modeling. Crop rotation of soybean and sugar beet was simulated, with agricultural techniques and fertilizer usage considered as factors. We demonstrated the high sensitivity of aboveground biomass production and soil moisture dynamics to daily temperature fluctuations and precipitation during the vegetation period. The dynamics of the leaf area index and nitrate content showed less sensitivity to the daily fluctuations of temperature and precipitation. Among the proposed forecasting methods, both SARIMAX and the Neural Prophet algorithm demonstrated the ability to forecast weather to model the dynamics of crop and soil conditions with the highest degree of approximation to actual observations. For the dynamic of the crop yield of soybean, the SARIMAX model exhibited the most favorable coefficient of determination, R2, while for sugar beet, the Neural Prophet model achieved superior R2 levels of 0.99 and 0.98, respectively.",single_country,RUS,Russia,RUS,locative_only,medium,This work compares the applicability of these methods for modeling soil condition dynamics and agroecosystem performance using the MONICA simulation model for Voronic Chernozems in the Kursk region of Russia.,,soybean;sugarbeet,multi_crop,medium,"t appropriate methods for forecasting weather scenarios for agricultural modeling. Crop rotation of soybean and sugar beet was simulated, with agricultural techniques and fertilizer usage considered a",True,,,,,MODEL_ASSISTED_VALIDATION - not human review,False,W4386031979,correct,,,correct,,,{'RUS'},1,,allocation_ok
W7131676956,single_country|locative_only,859,45,19.08888888888889,"A Comparative Machine Learning Framework for Location-Specific Maize Yield Prediction in the U.S. Corn Belt Using SVM, Random Forest, and Decision Tree Models: Integrating Agronomic, Genetic, and Spatial Factors","This paper fills in the key gaps in the field of agricultural machine learning by comparing the performance of the Support Vector Machine (SVM), the Random Forest (RF) and the Decision Tree (DT) algorithms to predict the yield of maize in various locations in the U.S. Corn Belt. In contrast to the past methods that consider location as fixed effect, this study deals with location as an explicit dynamic predictor, hence allowing the environment-specific interaction to be modelled. The study tests the performance of the Support Vector Machine (SVM), the Random Forest (RF) and the Decision Tree (DT) models using a dataset of 1,640 plot-level observations in four geographically different sites and adjusting them to consider spatial autocorrelation so that the models do not artificially increase the performance measure. Accuracy metrics of RMSE and R-squared were used to determine the best model. Findings revealed that RF is the superior model with R2 of 0.84 and RMSE of 24. This was followed by DT (R2 = 0.79; RMSE = 27) and SVM model had the least performance (R2 = 0.03; RMSE = 58). The variable importance of the RF revealed that the most significant variable was location_id, within-field spatial variables (row, range) and nitrogen. The results show the superiority of site-specific environmental variables over genetic and management variables in explaining yield variability. This study offers a methodology for location-based predictive modeling and contains evidence-based recommendations on the application of precision agriculture approaches to improve the accuracy or precision of yield and resource-saving recommendations.",single_country,USA,U.S.,USA,locative_only,medium,A Comparative Machine Learning Framework for Location-Specific Maize Yield Prediction in the U.S.,,maize,single_crop,high,"A Comparative Machine Learning Framework for Location-Specific Maize Yield Prediction in the U.S. Corn Belt Using SVM, Random Forest, and Decision Tree Models: Int",True,,,,,MODEL_ASSISTED_VALIDATION - not human review,False,W7131676956,correct,,,correct,,,{'USA'},1,,allocation_ok
W7117244386,single_country|locative_only,859,45,19.08888888888889,Development of Sugarcane Yield Prediction Models Utilizing Drone Captured Images,"Sugarcane is an important vital crop in the southwestern islands of Japan, supporting the local economy. Traditionally, yield prediction, which is essential for the operation planning of sugar mills, has been carried out by experienced workers. However, due to aging and labor shortages, this approach faces potential challenges. Therefore, this work proposes a method for yield prediction using drone-captured images trained with a CNN, as well as a method that predicts yield by training numerical data such as sugarcane pseudo stem length using feedforward network (FFN) and Long Short-Term Memory (LSTM). The comparison results between the proposed models show promising performance.",single_country,JPN,Japan,JPN,locative_only,medium,"Sugarcane is an important vital crop in the southwestern islands of Japan, supporting the local economy.",,sugarcane,single_crop,high,Development of Sugarcane Yield Prediction Models Utilizing Drone Captured Images . Sugarcane is an important vital,True,,,,,MODEL_ASSISTED_VALIDATION - not human review,False,W7117244386,correct,,,correct,,,{'JPN'},1,,allocation_ok
W4316664674,single_country|locative_only,859,45,19.08888888888889,The use of the vegetative index NDVI to predict grain crop yields,"The need for unified approaches to determining the phenological phase of a reliable indicator of the vegetative index is one of the critical problems of early forecasting of crop yields using satellite monitoring. Several works of domestic and foreign researchers formulate different estimates of the correlation relationship between NDVI and yield. This study aimed to obtain predictive models for the product of winter wheat and spring barley using indicators that are adequate for formalizing the tasks of predicting the trend section of the vegetative index NDVI of crops within the experimental farm of the Oryol State Agrarian University. Based on the analysis of the dynamics of the vegetation index NDVI, based on multi-year studies, the maximum mean annual values of the vegetation index, 0.72 for winter wheat and 0.56 for spring barley, were determined.The maximum NDVI values of the 2021 season for these crops are 0.78 and 0.58. It was found that the peaks of NDVI values correspond to the earing phase of crops with possible variation from 1 to 13 days. The correlation coefficients between the maximum values of NDVI and productivity of crops were 0.79 and 0.75 for winter wheat and spring barley, respectively, which suggests the possibility of reliable prediction of crop yield based on the data of their peak NDVI values. The authors obtained predictive crop yield models based on polynomial (second-degree) functions. A reliable yield forecast expands the scope of reasonable estimates and the implementation of plans aimed at the progressive development of the individual farm. Furthermore, it contributes to the food security of Russia as a whole.",single_country,RUS,Russia,RUS,locative_only,medium,"Furthermore, it contributes to the food security of Russia as a whole.",,barley;wheat,multi_crop,medium,and yield. This study aimed to obtain predictive models for the product of winter wheat and spring barley using indicators that are adequate for formalizing the tasks of predicting the trend section,True,,,,,MODEL_ASSISTED_VALIDATION - not human review,False,W4316664674,correct,,,correct,,,{'RUS'},1,,allocation_ok
W4379469092,single_country|locative_only,859,45,19.08888888888889,Rice Yield Forecasting: A Comparative Analysis of Multiple Machine Learning Algorithms,"Agriculture plays a crucial role in Nigeria's economy, serving as a vital source of sustenance and livelihood for numerous Nigerians. With the escalating impact of climate change on crop yields, it becomes imperative to develop models that can effectively study and predict rice output under varying climatic conditions. This study collected rice yield data from Katsina state, spanning the years 1970 to 2017, sourced from the Nigeria Bureau of Statistics. Additionally, climatic data for the same period were obtained from the World Bank Climate Knowledge portal. Logistic Regression (LR), Artificial Neural Network (ANN), Random Forest (RF), Random Trees (RT), and Naïve Bayes (NB) were employed to develop rice yield prediction models utilizing this dataset. The findings reveal that random forest and random trees exhibited superior classification performance for yield prediction. The developed models offer a promising tool for predicting future rice yields, facilitating proactive measures to ensure food security for the people of the state.",single_country,NGA,Nigeria,NGA,locative_only,medium,"Agriculture plays a crucial role in Nigeria's economy, serving as a vital source of sustenance and livelihood for numerous Nigerians.",Nigeria(affiliation/publication context),rice,single_crop,high,Rice Yield Forecasting: A Comparative Analysis of Multiple Machine Learning Algorithms . Agriculture,True,,,,,MODEL_ASSISTED_VALIDATION - not human review,False,W4379469092,correct,,,correct,,,{'NGA'},1,,allocation_ok
W2883166218,single_country|locative_only,859,45,19.08888888888889,"Daycent Simulation of Methane Emissions, Grain Yield, and Soil Organic Carbon in a Subtropical Paddy Rice System","The DayCent ecosystem model, widely tested in upland agroecosystems, was recently updated to simulate waterlogged soils. We evaluated the new version in a paddy rice experiment in Southern Brazil. DayCent was used to simulate rice yield, soil organic carbon (SOC), and soil CH4 fluxes. Model calibration was conducted with a multiple-year dataset from the conventional tillage treatment, followed by a validation phase with data from the no-tillage treatment. Model performance was assessed with statistics commonly used in modeling studies: root mean square error (RMSE), model efficiency (EF), and mean difference (M). In general, DayCent slightly underestimated rice yields under no-tillage (by 0.07 Mg ha-1, or 9.2 %) and slightly overestimated soil C stocks, especially in the first years of the experiment. A comparison of observed and simulated CH4 daily fluxes showed that DayCent could simulate the general patterns of soil CH4 fluxes with slight discrepancies. Daily soil CH4 fluxes were overestimated by 0.43 kg ha-1 day-1 (12 %). Growth-season CH4 emissions under no-tillage were also somewhat overestimated (11 % or 45.29 kg ha-1). We conclude that DayCent simulated SOC, rice yield, and CH4 with some inaccuracies, but the overall performance was considered adequate. However, the model failed to represent the observed potential of no-tillage to mitigate CH4 emissions, possibly because model algorithms could not capture the actual field conditions derived from no-tillage management, such as soil redox potential, plant senescence, and surface placement of plant residue.",single_country,BRA,Brazil,BRA,locative_only,medium,We evaluated the new version in a paddy rice experiment in Southern Brazil.,,rice,single_crop,high,"Daycent Simulation of Methane Emissions, Grain Yield, and Soil Organic Carbon in a Subtropical Paddy Rice System . The DayCent ecosystem model, widely tested in upland agroecosystems, was recentl",True,,,,,MODEL_ASSISTED_VALIDATION - not human review,False,W2883166218,correct,,,correct,,,{'BRA'},1,,allocation_ok
W7114780653,single_country|locative_only,859,45,19.08888888888889,Developing Wheat Crop Yield Estimation Method for Spain from Remotely Sensed Metrics Using Artificial Intelligence,,single_country,ESP,Spain,ESP,locative_only,medium,Developing Wheat Crop Yield Estimation Method for Spain from Remotely Sensed Metrics Using Artificial Intelligence .,,wheat,single_crop,high,Developing Wheat Crop Yield Estimation Method for Spain from Remotely Sensed Metrics Using Artificial Intellige,True,,,,,MODEL_ASSISTED_VALIDATION - not human review,False,W7114780653,correct,,,correct,,,{'ESP'},1,,allocation_ok
W4414662386,single_country|locative_only,859,45,19.08888888888889,Field-Scale Rice Yield Prediction in Northern Coastal Region of Peru Using Sentinel-2 Vegetation Indices and Machine Learning Models,"Accurate rice yield prediction is essential for optimizing water management and supporting decision-making in agricultural systems, particularly in arid environments where irrigation efficiency is critical. This study assessed five machine learning algorithms-Multiple Linear Regression (MLR), Support Vector Regression (SVR, linear and RBF), Partial Least Squares Regression (PLSR), Random Forest (RF), and Extreme Gradient Boosting (XGBoost)-for plot-scale rice yield estimation using Sentinel-2 vegetation indices (VIs) during the 2022 and 2023 seasons in the Chancay-Lambayeque Valley, Peru. VIs sensitive to canopy vigor, water status, and structure were derived in Google Earth Engine and optimized via Sequential Forward Selection to identify the most relevant predictors per phenological stage. Models were trained and validated against field yields using leave-one-out cross-validation (LOOCV). Intermediate stages (Flowering, Milk, Dough) yielded the strongest relationships, with water-sensitive indices (NDMI, MSI) consistently ranked as key predictors. MLR and PLSR achieved the highest generalization (R2_CV up to 0.68; RMSE_CV ≈ 1.3 t ha-1), while RF and XGBoost showed high training accuracy but lower validation performance, indicating overfitting. Model accuracy decreased in 2023 due to climatic variability and limited satellite observations. Findings confirm that Sentinel-2-based VI modeling offers a cost-effective, scalable alternative to UAV data for operational rice yield monitoring, supporting water resource management and decision-making in data-scarce agricultural regions.",single_country,PER,Peru,PER,locative_only,medium,Field-Scale Rice Yield Prediction in Northern Coastal Region of Peru Using Sentinel-2 Vegetation Indices and Machine Learning Models .,,rice,single_crop,high,Field-Scale Rice Yield Prediction in Northern Coastal Region of Peru Using Sentinel-2 Vegetation Indices and Mac,True,,,,,MODEL_ASSISTED_VALIDATION - not human review,False,W4414662386,correct,,,correct,,,{'PER'},1,,allocation_ok
W4413060562,single_country|locative_only,859,45,19.08888888888889,Kolmogorov–Arnold Networks for Interpretable Crop Yield Prediction Across the U.S. Corn Belt,"Accurate crop yield prediction is essential for stabilizing food supply chains and reducing the uncertainties in financial risks related to agricultural production. Yet, it is even more essential to understand how crop yield models make predictions depending on their relationship to Earth Observation (EO) indicators. This study presents a state-of-the-art explainable artificial intelligence (XAI) method to estimate corn yield prediction over the Corn Belt in the continental United States (CONUS). We utilize the recently introduced Kolmogorov-Arnold Network (KAN) architecture, which offers an interpretable alternative to the traditional Multi-Layer Perceptron (MLP) approach by utilizing learnable spline-based activation functions instead of fixed ones. By including a KAN in our crop yield prediction framework, we are able to achieve high prediction accuracy and identify the temporal drivers behind crop yield variability. We create a multi-source dataset that includes biophysical parameters along the crop phenology, as well as meteorological, topographic, and soil parameters to perform end-of-season and in-season predictions of county-level corn yields between 2016-2023. The performance of the KAN model is compared with the commonly used traditional machine learning (ML) models and its architecture-wise equivalent MLP. The KAN-based crop yield model outperforms the other models, achieving an R2 of 0.85, an RMSE of 0.84 t/ha, and an MAE of 0.62 t/ha (compared to MLP: R2 = 0.81, RMSE = 0.95 t/ha, and MAE = 0.71 t/ha). In addition to end-of-season predictions, the KAN model also proves effective for in-season yield forecasting. Notably, even three months prior to harvest, the KAN model demonstrates strong performance in in-season yield forecasting, achieving an R2 of 0.82, an MAE of 0.74 t/ha, and an RMSE of 0.98 t/ha. These results indicate that the model maintains a high level of explanatory power relative to its final performance. Overall, these findings highlight the potential of the KAN model as a reliable tool for early yield estimation, offering valuable insights for agricultural planning and decision-making.",single_country,USA,U.S.,USA,locative_only,medium,Kolmogorov–Arnold Networks for Interpretable Crop Yield Prediction Across the U.S.,,maize,single_crop,high,Kolmogorov–Arnold Networks for Interpretable Crop Yield Prediction Across the U.S. Corn Belt . Accurate crop yield prediction is essential for stabilizing food supply chains and reduc,True,,,,,MODEL_ASSISTED_VALIDATION - not human review,False,W4413060562,correct,,,correct,,,{'USA'},1,,allocation_ok
W4378191380,single_country|locative_only,859,45,19.08888888888889,A probabilistic framework for forecasting maize yield response to agricultural inputs with sub-seasonal climate predictions,"Abstract Crop yield results from the complex interaction between genotype, management, and environment. While farmers have control over what genotype to plant and how to manage it, their decisions are often sub-optimal due to climate variability. Sub-seasonal climate predictions embrace the great potential to improve risk analysis and decision-making. However, adequate frameworks integrating future weather uncertainty to predict crop outcomes are lacking. Maize (Zea mays L.) yields are highly sensitive to weather anomalies, and very responsive to plant density (plants m -2 ). Thus, economic optimal plat density is conditional to the seasonal weather conditions and can be anticipated with seasonal prospects. The aims of this study were to (i) design a model that describes the yield-to-plant density relationship (herein termed as yield-density) as a function of weather variables, and provides probabilistic forecasts for the economic optimum plant density (EOPD), and (ii) analyze the model predictive performance and sources of uncertainty. We present a novel approach to enable decision-making in agriculture using sub-seasonal climate predictions and Bayesian modeling. This model may inform crop management recommendations and accounts for various sources of uncertainty. A Bayesian hierarchical shrinkage model was fitted to the response of maize yield-density trials performed during the 2010-2019 period across seven states in the United States, identifying the relative importance of key weather, crop, and soil variables. Tercile forecasts of precipitation and temperature from the International Research Institute were used to forecast EOPD before the start of the season. The variables with the greatest influence on the yield-density relationship were weather anomalies, especially those variables indicating months with above-normal temperatures. Improvements on climate forecasting may also improve forecasts on yield responses to management, as we found reduced bias and error (by a factor >10), and greater precision (e.g. R 2 increased from 0.26 to 0.32) for cases where weather forecasts matched observations. This study may contribute to the development of decision-support tools that can trigger discussions between farmers and consultants about management strategies and their associated risks.",single_country,USA,United States,USA,locative_only,medium,"A Bayesian hierarchical shrinkage model was fitted to the response of maize yield-density trials performed during the 2010-2019 period across seven states in the United States, identifying the relative importance of key weather, crop, and soil variables.",,maize,single_crop,high,A probabilistic framework for forecasting maize yield response to agricultural inputs with sub-seasonal climate predictions . Abstract Crop yi,True,,,,,MODEL_ASSISTED_VALIDATION - not human review,False,W4378191380,correct,,,correct,,,{'USA'},1,,allocation_ok
W2268886164,multi_country,56,20,2.8,Modeling Maize Production towards Site Specific Fertilizer Recommendation in Ghana,"The use of crop growth simulation models such as those incorporated into Decision Support System for Agro technology Transfer (DSSAT) are useful tools for assessing the impacts of crop productivity under various management systems. The maize growth model of DSSAT is CERES-Maize. To use it to predict fertilizer recommendation for maize ( Zea mays L.) under Guinea savanna agro ecological conditions, data on maize growth, yield and development as well as data on soil and weather were collected from field experiment conducted during the 2010 growing season at Kpalesawgu in Ghana. The model was calibrated using various crop growth and development data observed at the field experiment at Kpalesawgu. Maize variety obatanpa was used in the experiment. The cultivar coefficient was calibrated with data collected from the field experiment. All measured data on phenology, grain yield and biomass from the field experiment were used for model validation and simulations. Validation results showed good agreement between predicted and measured yields with a NRMSE value of 0.181. Highest observed mean harvest maturity yield of 3831and 3795 kg/ha were obtained from plots which received 120-90- 60 and 120-60-60 kg/ha N-P 2 O 5 -K 2 O respectively. However, the model under predicted weight per unit grain. The mean difference between observed and simulated by-product produced at maturity and top weight at maturity was significant (P ≤ 0.001).In general, maize yield simulation by DSSAT under Guinea savanna agro-ecological conditions was good. Average predicted harvest maturity yields were very close to measured values with MD of 336.0, RMSE of 498.77, NRSME of 0.181 and simulated and observed mean yields of 3096 and 2750 kg/ha for the entire treatments respectively. The mean difference between predicted and observed was not significant. The highest harvest maturity yield predicted and observed was achieved with 120-90-60 kg/ha N-P 2 O 5 -K 2 O. The predicted and observed average mean yield were 3831 and 3999 kg/ha, respectively. Based on the simulation results from this study the DSSAT model appeared to be suitable for the Guinea savanna agro-ecological conditions in Ghana. Sensitivity analysis results showed that the DSSAT model is highly sensitive to changes in weather variables such as daily maximum and minimum temperatures as well as solar radiation. However, the model was found to be least sensitive to rainfall. Similarly, the model was found to be sensitive to soil and genetic parameter of the cultivar. I. I ntroduction aize is the most important cereal crop produced in Ghana and it is also the most widely consumed staple food in Ghana with increasing",multi_country,,,GHA;GIN,study_area,medium,"To use it to predict fertilizer recommendation for maize ( Zea mays L.) under Guinea savanna agro ecological conditions, data on maize growth, yield and development as well as data on soil and weather were collected from field experiment conducted during the 2010 growing season at Kpalesawgu in Ghan","Guinea(ambiguous: guinea pig, guinea fowl, and three other country names; no study-area cue); Guinea(ambiguous: guinea pig, guinea fowl, and three other country names; no study-area cue)",maize,single_crop,high,Modeling Maize Production towards Site Specific Fertilizer Recommendation in Ghana . The use of crop growth s,True,,,,,MODEL_ASSISTED_VALIDATION - not human review,False,W2268886164,incorrect,GHA,false_country_assignment,correct,,"GIN from 'Guinea savanna' agro-ecological zone, not the country Guinea","{'GIN', 'GHA'}",2,{'GHA'},allocation_partial
W2924370212,multi_country,56,20,2.8,Evaluation of Near-Surface Air Temperature From Reanalysis Over the United States and Ukraine: Application to Winter Wheat Yield Forecasting,"In this paper, we evaluate the near-surface air temperature datasets from the ERA-Interim (ERAI), Japanese 55-Year Reanalysis, Modern-Era Retrospective Analysis for Research and Applications Version 2, NCEP1, and NCEP2 reanalysis projects. Reanalysis data were first compared to observations from weather stations located on wheat areas of the United States and Ukraine, and then evaluated in the context of a winter wheat yield forecast model. Results from the comparison with weather station data showed that all datasets performed well (r2> 0.95) and that more modern reanalysis, such as ERAI, had lower errors [root-mean-square difference (RMSD) ~0.9 °C than the older, lower resolution datasets, such as NCEP1 (RMSD ~2.4 °C). We also analyze the impact of using surface air temperature data from different reanalysis products on the estimations made by a winter wheat yield forecast model. The forecast model uses information of the accumulated growing degree day (GDD) during the growing season to estimate the peak normalized difference vegetation index signal. When the temperature data from the different reanalysis projects were used in the yield model to compute the accumulated GDD and forecast the winter wheat yield, the results showed smaller variations between obtained values, with differences in yield forecast error of around 2% in the most extreme case. These results suggest that the impact of temperature discrepancies between datasets in the yield forecast model get diminished as the values are accumulated through the growing season.",multi_country,,,UKR;USA,study_area,medium,Evaluation of Near-Surface Air Temperature From Reanalysis Over the United States and Ukraine: Application to Winter Wheat Yield Forecasting .,,wheat,single_crop,high,"of Near-Surface Air Temperature From Reanalysis Over the United States and Ukraine: Application to Winter Wheat Yield Forecasting . In this paper, we evaluate the near-surface air temperature dataset",True,,,,,MODEL_ASSISTED_VALIDATION - not human review,False,W2924370212,correct,,,correct,,,"{'UKR', 'USA'}",2,,allocation_ok
W4408437686,multi_country,56,20,2.8,Mapping future crop yield trends across Europe by auto-adaptive regression modelling,"A statistical crop yield model developed by the author, ABSOLUT (Conradt 2022, ), is capable of identifying the time aggregates of meteorological variables or indices most relevant for agricultural yields. Using climate change scenarios as input to the model calibrated on recent weather and yield data future crop yields have been projected for the districts of Germany and for Europe's NUTS-2 regions.Previous research has shown that while large parts of inter-annual crop yield variations can already be explained by aggregates of temperature, precipitation, and solar radiation only, model performances are regularly increased by also including drought indices representing water stress related to soil conditions (see also Eini et al. 2023, ). This holds especially for maize and root crops (e.g. potatoes, sugar beets) grown in mid-latitudes and harvested in autumn. Consequently, all crop yield scenarios presented here are obtained from predictors including Standardized Precipitation Evaporation Indices (SPEI, Vicente-Serrano et al. 2010, ) on 3- or 12-month scales.Results show strong weather effects on green maize (high coefficients of determination in leave-one-out validation) and a generally negative outlook for the future: The median scenario under CMIP6 SSP370 climate shows 5-15% declines in green maize yields for the years around 2050 compared to nowadays levels in most European regions. Southern France, Northern Italy, and Bulgaria are predicted to experience yield losses of even more than 20%, albeit with lower reliability. The Mediterranean countries however include also some regions with positive trends on low confidence levels. In a more distant future of the years around 2080 the spatial pattern remains unaltered, but the strength of the changes will have doubled.For winter wheat the model performs better in the eastern parts of Europe. Only slight declines in yield of 0-10% are projected there for the 2050 time slice; for the years around 2080 losses of more than 25% have to be expected, though. Drastic losses of 20-50% and exceeding 50% in the more distant future threaten many Mediterranean regions. There is however also a stable outlook for Britain and Ireland, The Netherlands, Belgium, and the North-Western parts of France. Yield increases are projected for Southern Finland and the Baltic states. This regional exception to the general downward perspective is in good agreement with a map presented in the European Drought Risk Atlas (Rossi et al. 2023, ).",multi_country,,,BEL;BGR;DEU;FIN;FRA;GBR;ITA;NLD,,medium,8 countries named,Ireland(ambiguous: Northern Ireland is part of GBR; no study-area cue),maize;potato;wheat,multi_crop,medium,"ng water stress related to soil conditions (see also Eini et al. 2023, ). This holds especially for maize and root crops (e.g. potatoes, sugar beets) grown in mid-latitudes and harvested in autumn. Co",True,,,,,MODEL_ASSISTED_VALIDATION - not human review,False,W4408437686,incorrect,,other,cannot_determine,maize,Europe-wide NUTS-2 study; scope should be region. Only maize verifiable,"{'BGR', 'ITA', 'BEL', 'FIN', 'GBR', 'FRA', 'DEU', 'NLD'}",8,,scope_label_only
W3207909856,multi_country,56,20,2.8,Crop Growth Monitoring and Yield Prediction System Applying Copernicus Data for Poland &amp; South Africa,"The study is carried out for agricultural areas in Poland and South Africa for the years 2019-2021. The aim of the project is to develop crop growth monitoring system using Copernicus satellite data (Sentinel-1,-2,-3) and low-resolution data from Terra MODIS satellites. At the first stage of the analysis Sentinel-2 indices, based on various combinations of spectral reflectance, were derived for particular fields within JECAM sites. The correlation coefficients between S-2 indices and LAI most often exceed 0.7 and precision of LAI determination varies from 92 to 81%, depending on year and crop type. NDII and DSWI proved to be most appropriate for LAI assessment, although usefulness of narrowband indices based on red-edge bands, like CLRE, MTCI, NDREI has been also found. Finally the prognosis model based on meteorological data with the periodical input of NDVI and LST for winter wheat yield prognosis has been applied. RMSE error of the model is 5.4 dt/ha.",multi_country,,,POL;ZAF,study_area,medium,Crop Growth Monitoring and Yield Prediction System Applying Copernicus Data for Poland &amp;,,wheat,single_crop,high,ally the prognosis model based on meteorological data with the periodical input of NDVI and LST for winter wheat yield prognosis has been applied. RMSE error of the model is 5.4 dt/ha.,True,,,,,MODEL_ASSISTED_VALIDATION - not human review,False,W3207909856,correct,,,correct,,,"{'ZAF', 'POL'}",2,,allocation_ok
W4364360149,multi_country,56,20,2.8,"Exploring the potential of mapped soil properties, rhizobium inoculation, and phosphorus supplementation for predicting soybean yield in the savanna areas of Nigeria","Rapid and accurate soybean yield prediction at an on-farm scale is important for ensuring sustainable yield increases and contributing to food security maintenance in Nigeria. We used multiple approaches to assess the benefits of rhizobium (Rh) inoculation and phosphorus (P) fertilization on soybean yield increase and profitability from large-scale conducted trials in the savanna areas of Nigeria [i.e., the Sudan Savanna (SS), Northern Guinea Savanna (NGS), and Southern Guinea Savanna (SGS)]. Soybean yield results from the established trials managed by farmers with four treatments (i.e., the control without inoculation and P fertilizer, Rh inoculation, P fertilizer, and Rh + P combination treatments) were predicted using mapped soil properties and weather variables in ensemble machine-learning techniques, specifically the conditional inference regression random forest (RF) model. Using the IMPACT model, scenario analyses were employed to simulate long-term adoption impacts on national soybean trade and currency. Our study found that yields of the Rh + P combination were consistently higher than the control in the three agroecological zones. Average yield increases were 128%, 111%, and 162% higher in the Rh + P combination compared to the control treatment in the SS, NGS, and SGS agroecological zones, respectively. The NGS agroecological zone showed a higher yield than SS and SGS. The highest training coefficient of determination (R 2 = 0.75) for yield prediction was from the NGS dataset, and the lowest coefficient (R 2 = 0.46) was from the SS samples. The results from the IMPACT model showed a reduction of 10% and 22% for the low (35% adoption scenario) and high (75% adoption scenario) soybean imports from 2029 in Nigeria, respectively. A significant reduction in soybean imports is feasible if the Rh + P inputs are large-scaled implemented at the on-farm field and massively adopted by farmers in Nigeria.",multi_country,,,GIN;NGA,study_area,medium,"Exploring the potential of mapped soil properties, rhizobium inoculation, and phosphorus supplementation for predicting soybean yield in the savanna areas of Nigeria .",Sudan(ambiguous: Sudan and South Sudan),soybean,single_crop,high,"ial of mapped soil properties, rhizobium inoculation, and phosphorus supplementation for predicting soybean yield in the savanna areas of Nigeria . Rapid and accurate soybean yield prediction at an on",True,,,,,MODEL_ASSISTED_VALIDATION - not human review,False,W4364360149,incorrect,NGA,false_country_assignment,correct,,GIN from 'Guinea Savanna' zone name; study area is Nigeria only,"{'NGA', 'GIN'}",2,{'NGA'},allocation_partial
W4394836475,multi_country,56,20,2.8,Enhancing Winter Wheat Yield Estimation Using Machine Learning and Fusion of Radar and Optical Satellite Imagery,"Accurate crop yield Mapping is paramount in agricultural monitoring and food security. In this study, we present a comprehensive investigation into estimating winter wheat yield in the Qazvin plane of Iran, leveraging the synergy between machine learning algorithms and the fusion of remote sensing data from radar and optical satellite sensors. The research is based on the availability of high-quality in situ yield data gathered by the Ministry of Agriculture in collaboration with the Food and Agriculture Organization (FAO), collected during the 2019-2020 crop year. The study area encompasses the Qazvin plane, an agriculturally significant region renowned for winter wheat production in Iran. In-situ data from various agricultural fields and seed types as reference measurements enabled us to conduct rigorous validation of the performance of machine learning algorithms and the effectiveness of the fused remote sensing data. The primary objective of this study is to assess and compare the performance of seven prominent machine learning algorithms for accurate estimation of the annual winter wheat yields. Furthermore, we investigate the individual and synergistic capabilities of radar and optical satellite sensors in estimating winter wheat yield. Through rigorous analysis of the pixel-level confusion matrices, we identify the most effective model for yield estimation, evaluating the complementarity and information redundancy between the two types of remote sensing data. In this study, we conducted an extensive comparison of various machine learning algorithms for winter wheat crop yield estimation in the Qazvin plane of Iran. Among the four best-performing algorithms examined, namely polynomial regression (RMSE = 0.5657 t/ha-1), random forest (RMSE = 0.1632 t/ha-1), XGBoost (RMSE = 0.3153 t/ha-1), and the proposed Multi-Layer Perceptron (MLP) (RMSE = 0.1324 t/ha-1), the MLP demonstrated superior performance. The MLP's yield estimation exceeded the total yearly agricultural statistics of Qazvin by 0.19 percent. However, this discrepancy can be attributed to various factors, including errors in wheat and barley field mapping, miscalculation in cumulative statistics, and the inherent limitations of yield estimation algorithms in capturing the dynamic nature of agricultural systems. The findings of this research provide valuable insights into the potential of machine learning algorithms and remote sensing data fusion for accurate crop yield estimation, paving the way for enhanced agricultural monitoring and decision-making processes in the region.",multi_country,,,IRN;USA,study_area,medium,"In this study, we present a comprehensive investigation into estimating winter wheat yield in the Qazvin plane of Iran, leveraging the synergy between machine learning algorithms and the fusion of remote sensing data from radar and optical satellite sensors.",,barley;wheat,multi_crop,medium,"cent. However, this discrepancy can be attributed to various factors, including errors in wheat and barley field mapping, miscalculation in cumulative statistics, and the inherent limitations of yield",True,,,,,MODEL_ASSISTED_VALIDATION - not human review,False,W4394836475,incorrect,IRN,false_country_assignment,incorrect,wheat,"USA unsupported; barley named only as field-mapping confusion, not modelled","{'IRN', 'USA'}",2,{'IRN'},allocation_partial
W7162091625,multi_country,56,20,2.8,Sentinel-1 and Sentinel-2 data fusion for wheat and rice yield forecasting in the Nile Delta,"Climate change is a challenge for all sectors, especially for agriculture. Rising temperatures in Africa affect agricultural production, making it necessary to develop variables to describe agriculture, such as yield forecasts. The EO Africa project aims to sustainably adopt Earth Observation (EO) and related space technology in Africa. Our contribution to this project was to use Sentinel-2 (S2) optical data to monitor wheat and rice yield between 2016 and 2023 in the Gharbia governorate (Egypt). We applied a field-scale yield model for each crop type, both trained in Spain, and studied their transferability to this region by evaluating their performance based on field-level yield data collected in Egypt. For wheat, we also tested an alternative model that integrates Sentinel-1 (S1) data fusion with S2. Growing Degree Days (GDD accum ) were used to enhance the transferability across seasons and regions. The field-level wheat fusion model showed slightly better results with forecasts in April (one month prior to harvest), with R 2 = 0.55 and RMSE = 500 kg‧ha -1 , against R 2 = 0.40 and RMSE = 800 kg‧ha -1 of the optical model. Rice showed an error of 800 kg‧ha -1 and R 2 = 0.38 in July (two and a half months before harvest). Both optical models needed a scale factor to correct the different average yields across regions. To evaluate the models at the governorate-level we developed seasonal crop type masks. In this scale, the optical wheat model provided better results, with RMSE = 400 kg‧ha -1 . The rice model showed a good agreement with reference data with RMSE = 300 kg‧ha -1 .",multi_country,,,EGY;ESP,study_area,medium,"We applied a field-scale yield model for each crop type, both trained in Spain, and studied their transferability to this region by evaluating their performance based on field-level yield data collected in Egypt.",,rice;wheat,multi_crop,medium,"Sentinel-1 and Sentinel-2 data fusion for wheat and rice yield forecasting in the Nile Delta . Climate change is a challenge for all sectors, especially",True,,,,,MODEL_ASSISTED_VALIDATION - not human review,False,W7162091625,incorrect,EGY,false_country_assignment,correct,,"Spain is model-training provenance; study area is Nile Delta, Egypt","{'EGY', 'ESP'}",2,{'EGY'},allocation_partial
W4405139381,multi_country,56,20,2.8,"On crop yield modelling, predicting, and forecasting and addressing the common issues in published studies","Abstract There has been a recent surge in the number of studies that aim to model crop yield using data-driven approaches. This has largely come about due to the increasing amounts of remote sensing (e.g. satellite imagery) and precision agriculture data available (e.g. high-resolution crop yield monitor data), as well as the abundance of machine learning modelling approaches. However, there are several common issues in published studies in the field of precision agriculture (PA) that must be addressed. This includes the terminology used in relation to crop yield modelling, predicting, forecasting, and interpolating, as well as the way that models are calibrated and validated. As a typical example, many studies will take a crop yield map or several plots within a field from a single season, build a model with satellite or Unmanned Aerial Vehicle (UAV) imagery, validate using data-splitting or some kind of cross-validation (e.g. k-fold), and say that it is a 'prediction' or 'forecast' of crop yield. However, this poses a problem as the approach is not testing the forecasting ability of the model, as it is built on the same season that it is then validating with, thus giving a substantial overestimation of the value for decision-making, such as an application of fertiliser in-season. This is an all-too-common flaw in the logic construct of many published studies. Moving forward, it is essential that clear definitions and guidelines for data-driven yield modelling and validation are outlined so that there is a greater connection between the goal of the study, and the actual study outputs/outcomes. To demonstrate this, the current study uses a case study dataset from a collection of large neighbouring farms in New South Wales, Australia. The dataset includes 160 yield maps of winter wheat ( Triticum aestivum ) covering 26,400 hectares over a 10-year period (2014-2023). Machine learning crop yield models are built at 30 m spatial resolution with a suite of predictor data layers that relate to crop yield. This includes datasets that represent soil variation, terrain, weather, and satellite imagery of the crop. Predictions are made at both the within-field (30 m), and field resolution. Crop yield predictions are useful for an array of applications, so four different experiments were set up to reflect different scenarios. This included Experiment 1: forecasting yield mid-season (e.g. for mid-season fertilisation), Experiment 2: forecasting yield late-season (e.g. for late-season logistics/forward selling), Experiment 3: predicting yield in a previous season for a field with no yield data in a season, and Experiment 4: predicting yield in a previous season for a field with some yield data (e.g. two combine harvesters, but only one was fitted with a yield monitor). This study showcases how different model calibration and validation approaches clearly impact prediction quality, and therefore how they should be interpreted in data-driven crop yield modelling studies. This is key for ensuring that the wealth of data-driven crop yield modelling studies not only contribute to the science, but also deliver actual value to growers, industry, and governments.",multi_country,,,AUS;GBR,study_area,medium,"To demonstrate this, the current study uses a case study dataset from a collection of large neighbouring farms in New South Wales, Australia.",,wheat,single_crop,high,"n of large neighbouring farms in New South Wales, Australia. The dataset includes 160 yield maps of winter wheat ( Triticum aestivum ) covering 26,400 hectares over a 10-year period (2014-2023). Machi",True,,,,,MODEL_ASSISTED_VALIDATION - not human review,False,W4405139381,incorrect,AUS,false_country_assignment,correct,,GBR spurious ('New South Wales'); sole study area is Australia,"{'AUS', 'GBR'}",2,{'AUS'},allocation_partial
W7139958713,multi_country,56,20,2.8,Experimental and simulated data for crop and grassland production and carbon-nitrogen fluxes,"Multi-year datasets from field experiments and simulations at five agricultural sites in the Northern Hemisphere were developed for three cropland sites in Ottawa (Canada), Grignon (France) and Delhi (India) and two grassland sites at Laqueuille (France) and Easter Bush (UK). The cropland sites have rotations with wheat, triticale, maize, rapeseed, soybean, phacelia and rice, as well as periods of bare fallow. Cattle (Laqueuille) or mixed cattle and sheep (Easter Bush) graze in the two grassland sites. Field data were collected between 2003 and 2012 for three to eight years, including grain yield/above-ground net primary productivity, nitrous oxide emissions, carbon fluxes (gross primary production, net ecosystem exchange, ecosystem respiration), together with daily weather data (solar radiation, maximum and minimum temperatures, precipitation, wind speed, relative humidity, vapour pressure), soil properties, and records of crop and grassland management. Simulated outputs are from 23 models: 11 crop models, eight grassland models and four models simulating both systems.",multi_country,,,CAN;FRA;GBR;IND,,medium,4 countries named,,maize;oat_rye;rapeseed_canola;rice;soybean;wheat,multi_crop,low,"Laqueuille (France) and Easter Bush (UK). The cropland sites have rotations with wheat, triticale, maize, rapeseed, soybean, phacelia and rice, as well as periods of bare fallow. Cattle (Laqueuille)",True,,,,,MODEL_ASSISTED_VALIDATION - not human review,False,W7139958713,correct,,,correct,,,"{'FRA', 'CAN', 'IND', 'GBR'}",4,,allocation_ok
W7163057425,multi_country,56,20,2.8,"Multi-Source Time-Series Integration for Progressive In-Season Prediction of Rice Yield, Aboveground Biomass, and Harvest Index","Timely and accurate assessment of rice productivity, encompassing grain yield, aboveground biomass (AGB), and harvest index (HI), is essential for harvest planning, supply chain coordination, and food security. This study evaluates the feasibility of predicting all three productivity components using satellite and weather time series data while examining trade-offs between forecast accuracy and operational lead time. Five machine learning models (CatBoost, Gaussian Process Regression (GPR), Random Forest, Ridge regression, and TabPFN) were compared across six in-season prediction windows (December to May) using Sentinel-2 vegetation indices (Normalized Difference Vegetation Index (NDVI), Chlorophyll Index Red Edge 2 (CIRE2), Land Surface Water Index (LSWI)), weather variables (minimum and maximum temperature and radiation), and agronomic records from 256 commercial and experimental rice fields in southern New South Wales, Australia, over four growing seasons (2022-2025) using leave-one-year-out cross-validation. Rolling in-season forecasts were evaluated across December-May; March was selected for further analysis as a practical window that balances accuracy and timeliness for decision-making, with minimal additional error reduction in later months closer to harvest. TabPFN had the lowest RMSE for yield prediction (RMSE = 1.85 t ha-1, r=0.72), Ridge had the lowest RMSE for AGB (RMSE = 3.05 t ha-1, r=0.77), while tree-based models yielded the lowest RMSE for derived HI (RMSE ≈ 0.07). HI prediction showed weak regional relationships, with direct prediction yielding |r|≈0.24 and derived HI (predicted yield divided by predicted AGB) showing r≈0. Although strong correlations (r>0.9) between HI and vegetation indices were observed within individual site-seasons, consistent with other studies, these relationships were highly variable across site-seasons, reflecting the difficulty of inferring HI from canopy reflectance when biotic and/or abiotic stresses decouple AGB accumulation from grain filling. Both direct and derived HI approaches yielded comparable errors, indicating that satellite and weather data lack information content for regional-scale HI prediction. These findings support satellite-based yield and AGB forecasting for operational use.",multi_country,,,AUS;GBR,study_area,medium,"emperature and radiation), and agronomic records from 256 commercial and experimental rice fields in southern New South Wales, Australia, over four growing seasons (2022-2025) using leave-one-year-out cross-validation. Rolling in-season forecast",,rice,single_crop,high,"Multi-Source Time-Series Integration for Progressive In-Season Prediction of Rice Yield, Aboveground Biomass, and Harvest Index . Timely and accurate assessment of rice producti",True,,,,,MODEL_ASSISTED_VALIDATION - not human review,False,W7163057425,incorrect,AUS,false_country_assignment,correct,,GBR spurious ('New South Wales'); sole study area is Australia,"{'AUS', 'GBR'}",2,{'AUS'},allocation_partial
W3107408591,multi_country,56,20,2.8,Predicting within‐field cotton yields using publicly available datasets and machine learning,"Abstract Early detection of within-field yield variability for high-value commodity crops, such as cotton ( Gossypium spp.), offers growers potential to improve decision-making, optimize yields, and increase profits. Over recent years, publicly available datasets have become increasingly available and at a resolution where within-field yield prediction is possible. However, the viability of using these datasets with machine learning to predict within-field cotton lint yield at key growth stages are largely unknown. This study was conducted on two cotton fields, located near Mungindi, New South Wales, Australia. Three years of yield data, soil, elevation, rainfall, and Landsat imagery were collected from each field. A total of 12 models were created using: (a) two machine learning algorithms: random forest (RF) and gradient boosting machines (GBM); (b) three growth stages: squaring, flowering, and boll-fill; and (c) two different amounts of variables: all variables and the optimal variables determined by a recursive feature elimination (RFE). Results showed a strong agreement between predicted and observed yields at flowering and boll-fill when more information was available. At flowering and boll-fill, root mean square error (RMSE) ranged between 0.15 and 0.20 t ha -1 and Lin's concordance correlation coefficient (LCCC) ranged between 0.50 and 0.66, with RF providing superior results in most cases. Models created using the optimal variables determined by the RFE provided similar results compared to using all variables, allowing greater model accuracy and resolution with targeted sampling. Overall, these findings indicate significant potential of publicly available datasets to predict within-field cotton yield and guide decision-making in-season.",multi_country,,,AUS;GBR,study_area,medium,"This study was conducted on two cotton fields, located near Mungindi, New South Wales, Australia.",,cotton,single_crop,high,Predicting within‐field cotton yields using publicly available datasets and machine learning . Abstract Early detection of w,True,,,,,MODEL_ASSISTED_VALIDATION - not human review,False,W3107408591,incorrect,AUS,false_country_assignment,correct,,GBR spurious ('New South Wales'); sole study area is Australia,"{'AUS', 'GBR'}",2,{'AUS'},allocation_partial
W3005001178,multi_country,56,20,2.8,The Implication of Different Sets of Climate Variables on Regional Maize Yield Simulations,"High-resolution and consistent grid-based climate data are important for model-based agricultural planning and farm risk assessment. However, the application of models at the regional scale is constrained by the lack of required high-quality weather data, which may be retrieved from different sources. This can potentially introduce large uncertainties into the crop simulation results. Therefore, in this study, we examined the impacts of grid-based time series of weather variables assembled from the same data source (Approach 1, consistent dataset) and from different sources (Approach 2, combined dataset) on regional scale crop yield simulations in Ghana, Ethiopia and Nigeria. There was less variability in the simulated yield under Approach 1, ranging to 58.2%, 45.6% and 8.2% in Ethiopia, Nigeria and Ghana, respectively, compared to those simulated using datasets retrieved under Approach 2. The two sources of climate data evaluated here were capable of producing both good and poor estimates of average maize yields ranging from lowest RMSE = 0.31 Mg/ha in Nigeria to highest RMSE = 0.78 Mg/ha under Approach 1 in Ghana, whereas, under Approach 2, the RMSE ranged from the lowest value of 0.51 Mg/ha in Nigeria to the highest of 0.72 Mg/ha in Ethiopia under Approach 2. The obtained results suggest that Approach 1 introduces less uncertainty to the yield estimates in large-scale regional simulations, and physical consistency between meteorological input variables is a relevant factor to consider for crop yield simulations under rain-fed conditions.",multi_country,,,ETH;GHA;NGA,locative_only,medium,"Therefore, in this study, we examined the impacts of grid-based time series of weather variables assembled from the same data source (Approach 1, consistent dataset) and from different sources (Approach 2, combined dataset) on regional scale crop yield simulations in Ghana, Ethiopia and Nigeria.",,maize,single_crop,high,The Implication of Different Sets of Climate Variables on Regional Maize Yield Simulations . High-resolution and consistent grid-based climate data are important for m,True,,,,,MODEL_ASSISTED_VALIDATION - not human review,False,W3005001178,correct,,,correct,,,"{'NGA', 'ETH', 'GHA'}",3,,allocation_ok
W4404120595,multi_country,56,20,2.8,Least absolute shrinkage and selection operator regression used to select important features when predicting wheat yield from various genotype groups,"Abstract Bread wheat and durum wheat genotypes were grown in field experiments at two locations in New South Wales, Australia across several years and using two sowing times ('early' v. 'late'). Genotypes were grouped based on genetic similarity. Grain yield, grain size, soil characteristics and daily weather data were collected. The weather data were used to calculate water and heat stress indices for four key growth periods around flowering. Least absolute shrinkage and selection operator (LASSO) was used to predict grain yield and to identify the most influential features (a combination of index and growth period). A novel approach involving the crop water supply-demand ratio effectively summarized water relations during growth. LASSO predicted grain yield quite well (adjusted R 2 from 0.57 to 0.98), especially in a set of durum genotypes. However, the addition of other important variables such as lodging score, disease incidence, weed incidence and insect damage could have improved modelling results. Growth period 2 (30 days pre-flowering up to flowering) was the most sensitive for yield loss from heat stress and water stress for most features. Although one group of bread wheat genotypes was more sensitive to water stress (drought) in period 3 (20 days pre-flowering to 10 days post-flowering). Evapotranspiration was a significant positive feature but only in the vegetative phase (pre-flowering, period 1). This study confirms the usefulness of LASSO modelling as a technique to make predictions that could be used to identify genotypes that are suitable candidates for further investigation by breeders for their stress-tolerance ability.",multi_country,,,AUS;GBR,study_area,medium,"Abstract Bread wheat and durum wheat genotypes were grown in field experiments at two locations in New South Wales, Australia across several years and using two sowing times ('early' v. 'late').",,wheat,single_crop,high,olute shrinkage and selection operator regression used to select important features when predicting wheat yield from various genotype groups . Abstract Bread wheat and durum wheat genotypes were grown,True,,,,,MODEL_ASSISTED_VALIDATION - not human review,False,W4404120595,incorrect,AUS,false_country_assignment,correct,,GBR spurious ('New South Wales'); sole study area is Australia,"{'AUS', 'GBR'}",2,{'AUS'},allocation_partial
W7164983859,multi_country,56,20,2.8,Crop Yield Shocks and Conflict in Sub-Saharan Africa: Subnational Evidence from Satellite-Based Yield Predictions,"This paper examines whether crop yields affect violent conflict at the subnational level across seven Sub-Saharan African countries: Burkina Faso, Ethiopia, Mali, Malawi, Niger, Nigeria, and Tanzania, over the period 2010 to 2024. A central identification challenge is that observed yields are endogenous to conflict: armed violence disrupts planting, cultivation, and harvest. To address this, I train a machine learning model on observed maize yield and satellite and environmental features to generate predicted yields for 1,338 second-level administrative districts annually. These predictions serve as the key regressor in a two-way fixed-effects panel with district and year fixed effects. I find that a 10% increase in maize yield is associated with an approximately 30.5% reduction in the per-capita conflict rate in a 3-month post-harvest window. The paper's most novel contribution is a systematic reversal of this relationship across agro-ecological zones: in Non-Sahel countries (Ethiopia, Malawi, Nigeria, Tanzania) the yield effect is negative, consistent with an opportunity-cost mechanism, while in Sahel countries (Burkina Faso, Mali, Niger) higher yields are associated with more per-capita conflict, consistent with a resource-predation channel in which armed groups appropriate agricultural surplus. These findings demonstrate that aggregate estimates mask a fundamental heterogeneity in the direction of the yield conflict relationship and carry direct implications for the design of agricultural interventions in conflict-affected settings.",multi_country,,,BFA;ETH;MWI;NGA;TZA,,medium,5 countries named,"Mali(ambiguous: common surname; no study-area cue); Niger(ambiguous: the river, and one letter from Nigeria; no study-area cue); Mali(ambiguous: common surname; no study-area cue); Niger(ambiguous: the river, and one letter from Nigeria; no study-area cue)",maize,single_crop,high,"s planting, cultivation, and harvest. To address this, I train a machine learning model on observed maize yield and satellite and environmental features to generate predicted yields for 1,338 second-l",True,,,,,MODEL_ASSISTED_VALIDATION - not human review,False,W7164983859,incorrect,"BFA,ETH,MLI,MWI,NER,NGA,TZA",other,correct,,Mali and Niger named as study countries but not coded,"{'NGA', 'ETH', 'TZA', 'BFA', 'MWI'}",5,"{'NGA', 'ETH', 'TZA', 'BFA', 'MWI', 'NER', 'MLI'}",allocation_partial
W4385767625,multi_country,56,20,2.8,PREDICTION OF TOMATO PLANT GROWTH AND YIELD IN GREEN HOUSE ENVIRONMENT USING ANN AND DEEP LEARNING,"Effective plant growth and yield prediction is an essential task for greenhouse growers and for agriculture in general.Developing models which can effectively model growth and yield can help growers improve the environmental control for better production, match supply and market demand and lower costs.Recent developments in Artificial neural networks and in particular, Deep Learning (DL) can provide powerful new analytical tools.The proposed study utilizes Artificial Neutral Network and Deep Learning techniques to predict yield and plant growth variation across two different scenarios, tomato yield forecasting and Ficus benjamina stem growth, in controlled greenhouse environments.So, proposing to deploy a new deep Recurrent Neural Network (RNN), using the Long Short-Term Memory (LSTM) neuron model, in the prediction formulations.Both the former yield, growth and stem diameter values, as well as the microclimate conditions, are used by the RNN architecture to model the targeted growth parameters.A comparative study is presented, using ANN methods, such as Support Vector Regression and Random Forest Regression, utilizing the Mean Square Error Criterion, in order to evaluate the performance achieved by the different methods.Very promising results, based on data that have been obtained from two greenhouses, in Belgium and the UK, in the framework of the EU Interreg SMARTGREEN project are presented, likewise in our India especially Andhra Pradesh State farmers are yielding tomato plants equally as rice plants.",multi_country,,,BEL;GBR,study_area,medium,"chieved by the different methods.Very promising results, based on data that have been obtained from two greenhouses, in Belgium and the UK, in the framework of the EU Interreg SMARTGREEN project are presented, likewise in our India especially Andh",,rice,single_crop,high,likewise in our India especially Andhra Pradesh State farmers are yielding tomato plants equally as rice plants.,True,,,,,MODEL_ASSISTED_VALIDATION - not human review,False,W4385767625,correct,,,incorrect,tomato,Rice appears only in an aside comparison; tomato yield is modelled,"{'BEL', 'GBR'}",2,,allocation_ok
W2972711976,multi_country,56,20,2.8,Study on Growth Monitoring and Yield Prediction of Winter Wheat in the South of Shanxi Province Based on MERSI Data and ALMANAC Crop Model,"Accurate crop growth monitoring and yield forecasting have important implications for food security and agricultural macro-control. Crop simulation and satellite remote sensing have their own advantages, combining the two can improve the real-time mechanism and accuracy of agricultural monitoring and evaluation. The research is based on the MERSI data carried by China's new generation Fengyun-3 meteorological satellite, combined with the US ALMANAC crop model, established the NDVI-LAI model and realized the acquisition of LAI data from point to surface. Because of the principle of the relationship between the morphological changes of LAI curve and the growth of crops, an index that can be used to determine the growth of crops is established to realize real-time, dynamic and wide-scale monitoring of winter wheat growth. At the same time, the index was used to select the different key growth stages of winter wheat for yield estimation. The results showed that the relative error of total yield during the filling period was low, nearly 5%. The research results show that the combination of domestic meteorological satellite Fengyun-3 and ALMANAC crop model for crop growth monitoring and yield estimation is feasible, and further expands the application range of domestic satellites.",multi_country,,,CHN;USA,study_area,medium,"The research is based on the MERSI data carried by China's new generation Fengyun-3 meteorological satellite, combined with the US ALMANAC crop model, established the NDVI-LAI model and realized the acquisition of LAI data from point to surface.",,wheat,single_crop,high,Study on Growth Monitoring and Yield Prediction of Winter Wheat in the South of Shanxi Province Based on MERSI Data and ALMANAC Crop Model . Accurate c,True,,,,,MODEL_ASSISTED_VALIDATION - not human review,False,W2972711976,incorrect,CHN,false_country_assignment,correct,,"USA from 'US ALMANAC crop model'; study area is Shanxi, China","{'CHN', 'USA'}",2,{'CHN'},allocation_partial
W7154632121,multi_country,56,20,2.8,Ensemble Machine Learning for Peanut Yield Prediction from Weather Variables in Georgia (USA),"As agriculture embraces data-driven methods to enhance productivity, machine learning has become essential for forecasting crop yields. Weather data, with its nonlinear effects on crop growth, poses both challenges and opportunities for predictive modeling. This study applies six ensemble machine learning models, including Random Forest (RF), Gradient Boosting Machine (GBM), Extreme Gradient Boosting (XGBoost), LightGBM, Categorical Boosting (CatBoost), and AdaBoost, to predict peanut yield in Georgia, USA, using monthly weather variables. The goal was to compare model performance and identify key environmental and temporal factors influencing peanut yield variability. Model performance was assessed using statistical metrics including the correlation coefficient ( std), coefficient of determination ( ), mean absolute error (MAE), root mean square error (RMSE), Willmott's index of agreement (d1), and bias factor (BF). Results indicate that all ensemble models provided strong predictive skill, with boosting-based methods outperforming AdaBoost. CatBoost achieved the highest predictive accuracy on test data ( ), along with the lowest RMSE ( acre) and strongest agreement ( ), followed closely by LightGBM, RF, XGBoost, and GBM. AdaBoost consistently exhibited lower performance across all evaluation metrics. Feature importance analysis revealed that the summer growing season (June through September) encompasses the most influential months, reflecting the critical impact of environmental stability during the reproductive and pod-filling stages. Overall, the results demonstrate that advanced ensemble learning methods, particularly CatBoost and LightGBM, are highly effective for modeling nonlinear weather-yield relationships and provide valuable decision-support tools for weather-resilient, data-driven peanut production management in Georgia.",multi_country,,,GEO;USA,study_area,medium,"This study applies six ensemble machine learning models, including Random Forest (RF), Gradient Boosting Machine (GBM), Extreme Gradient Boosting (XGBoost), LightGBM, Categorical Boosting (CatBoost), and AdaBoost, to predict peanut yield in Georgia, USA, using monthly weather variables.",Georgia(ambiguous: US state of the same name; no study-area cue); Georgia(ambiguous: US state of the same name; no study-area cue),groundnut,single_crop,high,Ensemble Machine Learning for Peanut Yield Prediction from Weather Variables in Georgia (USA) . As agriculture embraces data-drive,True,,,,,MODEL_ASSISTED_VALIDATION - not human review,False,W7154632121,incorrect,USA,false_country_assignment,correct,,"GEO from the US state Georgia, not the country","{'GEO', 'USA'}",2,{'USA'},allocation_partial
W3117566954,global|allocated,343,30,11.433333333333334,Algorithms for forecasting cotton yield based on climatic parameters in Brazil,"Accurate forecasts of cotton yield are of great interest for the development of the market, increasing the sustainability of the sector worldwide. Thus, the objectives of this study were: 1) to evaluate the influence of climatic elements on cotton yield in Brazil, 2) to predict cotton yield using machine learning algorithms based on climatic elements, 3) to calibrate and test machine learning models to forecast cotton yield based on climate data, and 4) to interpolate the estimated cotton yield of the most accurate model. The cotton yield forecast as a function of climatic elements was performed using machine learning algorithms with four parameters adjusted by ordinary least squares. The models show that cotton yield has a sigmoid trend due to the accumulation of P, PET, STO, and EXC during the cycle. It is possible to forecast cotton yield for the main producing regions of Brazil using Machine learning algorithms. Extra-trees regressor models performed better in forecasting cotton yield using climatic data from planting to flowering. Therefore, it is possible to have average anticipation of around 80 days, allowing the producer time to plan his activities such as harvest and sales strategies.",global,,,BRA,,medium,worldwide,,cotton,single_crop,high,Algorithms for forecasting cotton yield based on climatic parameters in Brazil . Accurate forecasts of cotton yield are of grea,True,,,,,MODEL_ASSISTED_VALIDATION - not human review,False,W3117566954,incorrect,BRA,other,correct,,Brazil-only study coded global from the filler word 'worldwide',{'BRA'},1,{'BRA'},allocation_ok
W3040185884,global|allocated,343,30,11.433333333333334,Satellite-Based Drought Impact Assessment on Rice Yield in Thailand with SIMRIW−RS,"Advances in remote sensing technologies have enabled effective drought monitoring globally, even in data-limited areas. However, the negative impact of drought on crop yields still necessitates stakeholders to make informed decisions according to its severity. This research proposes an algorithm to combine a drought monitoring model, based on rainfall, land surface temperature (LST), and normalized difference vegetation index/leaf area index (NDVI/LAI) satellite products, with a crop simulation model to assess drought impact on rice yields in Thailand. Typical crop simulation models can provide yield information, but the requirement for a complicated set of inputs prohibits their potential due to insufficient data. This work utilizes a rice crop simulation model called the Simulation Model for Use with Remote Sensing (SIMRIW-RS), whose inputs can mostly be satisfied by such satellite products. Based on experimental data collected during the 2018/19 crop seasons, this approach can successfully provide a drought monitoring function as well as effectively estimate the rice yield with mean absolute percentage error (MAPE) around 5%. In addition, we show that SIMRIW-RS can reasonably predict the rice yield when historical weather data is available. In effect, this research contributes a methodology to assess the drought impact on rice yields on a farm to regional scale, relevant to crop insurance and adaptation schemes to mitigate climate change.",global,,,THA,,medium,globally,,rice,single_crop,high,Satellite-Based Drought Impact Assessment on Rice Yield in Thailand with SIMRIW−RS . Advances in remote sensing technologies have enabled effecti,True,,,,,MODEL_ASSISTED_VALIDATION - not human review,False,W3040185884,incorrect,THA,other,correct,,Thailand study coded global from generic phrase 'drought monitoring globally',{'THA'},1,{'THA'},allocation_ok
W7162815070,global|allocated,343,30,11.433333333333334,A Novel Spectral–Temporal Attention-Based WaveNet Model for Corn Yield Prediction Using Multi-Source Data in the U.S. Corn Belt,"Abstract. Accurately predicting crop yields at a large scale is crucial for safeguarding global food security and optimizing the management of agricultural resources. Although diverse data sources, such as satellite imagery, climatic variables, and soil characteristics, have become increasingly available, traditional machine learning models still struggle to capture the complex nonlinear interactions and underlying spectral-temporal dependencies inherent in these datasets. This study proposes a novel Spectral-Temporal Attention-Based WaveNet (STAW-Net) architecture that integrates dilated causal convolutions with combined spectral and temporal attention mechanisms. The proposed model effectively learns long-range dependencies and adaptively extracts and fuses informative features from heterogeneous data sources, thereby enhancing the accuracy and robustness of crop yield predictions. The model was trained using a comprehensive dataset comprising radar imagery from Sentinel-1, multispectral optical data from Sentinel-2, daily meteorological variables from Daymet, and soil characteristics from SoilGrids. The dataset spans major U.S. corn-producing regions between 2016 and 2022; data from 2016-2020 were used for training, while 2021-2022 were reserved for independent testing to evaluate model generalization. Results that the proposed STAW-Net outperforms other models, including Random Forest, DeepRF, the standard WaveNet, Temporal-Attention WaveNet, and Spectral-Attention WaveNet models. The STAW-Net achieved R² values of 0.81 and 0.75, MAE of 12.80 and 15.18, and RMSE of 16.44 and 20.55 for 2021 and 2022, respectively. These findings highlight the model's strong generalization capability and its effectiveness in capturing complex spectral-temporal patterns for reliable crop yield prediction across diverse environmental and climatic conditions.",global,,,USA,,medium,global,,maize,single_crop,high,A Novel Spectral–Temporal Attention-Based WaveNet Model for Corn Yield Prediction Using Multi-Source Data in the U.S. Corn Belt . Abstract. Accurately predictin,True,,,,,MODEL_ASSISTED_VALIDATION - not human review,False,W7162815070,incorrect,USA,other,correct,,US Corn Belt study wrongly coded global scope,{'USA'},1,{'USA'},allocation_ok
W2196961118,global|allocated,343,30,11.433333333333334,The Evaporative Stress Index as an indicator of agricultural drought in Brazil: An assessment based on crop yield impacts,"To effectively meet growing food demands, the global agronomic community will require a better understanding of factors that are currently limiting crop yields and where production can be viably expanded with minimal environmental consequences. Remote sensing can inform these analyses, providing valuable spatiotemporal information about yield-limiting moisture conditions and crop response under current climate conditions. In this paper we study correlations for the period 2003-2013 between yield estimates for major crops grown in Brazil and the Evaporative Stress Index (ESI) - an indicator of agricultural drought that describes anomalies in the actual/reference evapotranspiration (ET) ratio, retrieved using remotely sensed inputs of land surface temperature (LST) and leaf area index (LAI). The strength and timing of peak ESI-yield correlations are compared with results using remotely sensed anomalies in water supply (rainfall from the Tropical Rainfall Mapping Mission; TRMM) and biomass accumulation (LAI from the Moderate Resolution Imaging Spectroradiometer; MODIS). Correlation patterns were generally similar between all indices, both spatially and temporally, with the strongest correlations found in the south and northeast where severe flash droughts have occurred over the past decade, and where yield variability was the highest. Peak correlations tended to occur during sensitive crop growth stages. At the state scale, the ESI provided higher yield correlations for most crops and regions in comparison with TRMM and LAI anomalies. Using finer scale yield estimates reported at the municipality level, ESI correlations with soybean yields peaked higher and earlier by 10 to 25 days in comparison to TRMM and LAI, respectively. In most states, TRMM peak correlations were marginally higher on average with municipality-level annual corn yield estimates, although these estimates do not distinguish between primary and late season harvests. A notable exception occurred in the northeastern state of Bahia, where the ESI better captured effects of rapid cycling of moisture conditions on corn yields during a series of flash drought events. The results demonstrate that for monitoring agricultural drought in Brazil, value is added by combining LAI with LST indicators within a physically based model of crop water use.",global,,,BRA,,medium,global,,maize;soybean,multi_crop,medium,"ost states, TRMM peak correlations were marginally higher on average with municipality-level annual corn yield estimates, although these estimates do not distinguish between primary and late season ha",True,,,,,MODEL_ASSISTED_VALIDATION - not human review,False,W2196961118,incorrect,BRA,other,correct,,Brazil study wrongly coded global scope,{'BRA'},1,{'BRA'},allocation_ok
W2990387227,global|allocated,343,30,11.433333333333334,A study on trade-offs between spatial resolution and temporal sampling density for wheat yield estimation using both thermal and calendar time,"Within-season forecasting of crop yields is of great economic, geo-strategic and humanitarian interest. Satellite Earth Observation now constitutes a valuable and innovative way to provide spatio-temporal information to assist such yield forecasts. This study explores different configurations of remote sensing time series to estimate of winter wheat yield using either spatially finer but temporally sparser time series (5daily at 100 m spatial resolution) or spatially coarser but denser (300 m and 1 km at daily frequency) time series. Furthermore, we hypothesised that better yield estimations could be made using thermal time, which is closer to the crop physiological development. Time series of NDVI from the PROBA-V instrument, which has delivered images at a spatial resolution of 100 m, 300 m and 1 km since 2013, were extracted for 39 fields for field and 56 fields for regional level analysis across Northern France during the growing season 2014-2015. An asymmetric double sigmoid model was fitted on the NDVI series of the central pixel of the field. The fitted model was subsequently integrated either over thermal time or over calendar time, using different baseline NDVI thresholds to mark the start and end of the cropping season. These integrated values were used as a predictor for yield using a simple linear regression and yield observations at field level. The dependency of this relationship on the spatial pixel purity was analysed for the 100 m, 300 m and 1 km spatial resolution. At field level, depending on the spatial resolution and the NDVI threshold, the adjusted R² ranged from 0.20 to 0.74; jackknifed - leave-one-field-out cross validation - RMSE ranged from 0.6 to 1.07 t/ha and MAE ranged between 0.46 and 0.90 t/ha for thermal time analysis. The best results for yield estimation (adjusted R² = 0.74, RMSE =0.6 t/ha and MAE =0.46 t/ha) were obtained from the integration over thermal time of 100 m pixel resolution using a baseline NDVI threshold of 0.2 and without any selection based on pixel purity. The field scale yield estimation was aggregated to the regional scale using 56 fields. At the regional level, there was a difference of 0.0012 t/ha between thermal and calendar time for average yield estimations. The standard error of mean results showed that the error was larger for a higher spatial resolution with no pixel purity and smaller when purity increased. These results suggest that, for winter wheat, a finer spatial resolution rather than a higher revisit frequency and an increasing pixel purity enable more accurate yield estimations when integrated over thermal time at the field scale and at the regional scale only if higher pixel purity levels are considered. This method can be extended to larger regions, other crops, and other regions in the world, although site and crop-specific adjustments will have to include other threshold temperatures to reflect the boundaries of phenological activity. In general, however, this methodological approach should be applicable to yield estimation at the parcel and regional scales across the world.",global,,,FRA,,medium,across the world,,wheat,single_crop,high,A study on trade-offs between spatial resolution and temporal sampling density for wheat yield estimation using both thermal and calendar time . Within-season forecasting of crop yiel,True,,,,,MODEL_ASSISTED_VALIDATION - not human review,False,W2990387227,incorrect,FRA,other,correct,,Northern France field study wrongly coded global scope,{'FRA'},1,{'FRA'},allocation_ok
W3042780372,global|allocated,343,30,11.433333333333334,"Integration of genotypic, hyperspectral, and phenotypic data to improve biomass yield prediction in hybrid rye","KEY MESSAGE: Hyperspectral and genomic data are effective predictors of biomass yield in winter rye. Variable selection procedures can improve the informativeness of reflectance data. Integrating cutting-edge technologies is imperative to sustainably breed crops for a growing global population. To predict dry matter yield (DMY) in winter rye (Secale cereale L.), we tested single-kernel models based on genomic (GBLUP) and hyperspectral reflectance-derived (HBLUP) relationship matrices, a multi-kernel model combining both matrices and a bivariate model fitted with plant height as a secondary trait. In total, 274 elite rye lines were genotyped using a 10 k-SNP array and phenotyped as testcrosses for DMY and plant height at four locations in Germany in two years (eight environments). Spectral data consisted of 400 discrete narrow bands ranging between 410 and 993 nm collected by an unmanned aerial vehicle (UAV) on two dates on each environment. To reduce data dimensionality, variable selection of bands was performed, resulting in the least absolute shrinkage and selection operator (Lasso) as the best method in terms of predictive abilities. The mean heritability of reflectance data was moderate ([Formula: see text] = 0.72) and highly variable across the spectrum. Correlations between DMY and single bands were generally significant (p < 0.05) but low (≤ 0.29). Across environments and training set (TRN) sizes, the bivariate model showed the highest prediction abilities (0.56-0.75), followed by the multi-kernel (0.45-0.71) and single-kernel (0.33-0.61) models. With reduced TRN, HBLUP performed better than GBLUP. The HBLUP model fitted with a set of selected bands was preferred. Within and across environments, prediction abilities increased with larger TRN. Our results suggest that in the era of digital breeding, the integration of high-throughput phenotyping and genomic selection is a promising strategy to achieve superior selection gains in hybrid rye.",global,,,DEU,,medium,global,,oat_rye,single_crop,high,"tion of genotypic, hyperspectral, and phenotypic data to improve biomass yield prediction in hybrid rye . KEY MESSAGE: Hyperspectral and genomic data are effective predictors of biomass yield in winte",True,,,,,MODEL_ASSISTED_VALIDATION - not human review,False,W3042780372,incorrect,DEU,other,correct,,Four locations in Germany; wrongly coded global scope,{'DEU'},1,{'DEU'},allocation_ok
W4396772974,global|allocated,343,30,11.433333333333334,Global de-trending significantly improves the accuracy of XGBoost-based county-level maize and soybean yield prediction in the Midwestern United States,"The application of machine learning in crop yield prediction has gained considerable traction, yet uncertainties persist regarding the impact of the yield trends on these predictions and the differences between the detrending methods. In our study, we utilized extreme gradient boosting (XGBoost) to scrutinize the effects of no trend processing (NTP), input year as a feature (IYF), input average yield as a feature (IAYF), input linear yield as a feature (ILYF), and the global detrending method (GDT) on the yield prediction of maize and soybean in the Midwestern United States. Based on our findings, compared with that of NTP, the incorporation of the yield trend as a predictor in XGBoost significantly improved the accuracy and reduced the uncertainty of the yield prediction. Notably, GDT emerged as a standout performer, significantly reducing the average yield prediction error by 0.091 t/ha for soybean and 0.158 t/ha for maize with respect to NTP, and concurrently improving the determination coefficient (R2) by 20.6% and 19.6% for soybean and maize, respectively. Compared with IYF, IAYF, and ILYF, GDT showed substantial improvements ranging from 3.8% to 12.7% in R2 for soybean and 3.6% to 12.7% for maize. The SHapley Additive ExPlanations (SHAP) framework showed that the enhanced vegetation index (EVI), particularly during the soybean podding and maize dough formation stages, played a crucial role in understanding the variations in interannual yield variability. These findings confirmed the importance of GDT in crop yield prediction via machine learning and could be used to facilitate future advancements in machine learning applications for yield forecasting.",global,,,USA,,medium,Global,,maize;soybean,multi_crop,medium,Global de-trending significantly improves the accuracy of XGBoost-based county-level maize and soybean yield prediction in the Midwestern United States . The application of machine lear,True,,,,,MODEL_ASSISTED_VALIDATION - not human review,False,W4396772974,incorrect,USA,other,correct,,Midwestern US study; 'global de-trending' method name misread as scope,{'USA'},1,{'USA'},allocation_ok
W4405301470,global|allocated,343,30,11.433333333333334,Adaptive fusion of multi-modal remote sensing data for optimal sub-field crop yield prediction,"Accurate crop yield prediction is of utmost importance for informed decision-making in agriculture, aiding farmers, industry stakeholders, and policymakers in optimizing agricultural practices. However, this task is complex and depends on multiple factors, such as environmental conditions, soil properties, and management practices. Leveraging Remote Sensing (RS) technologies, multi-modal data from diverse global data sources can be collected to enhance predictive model accuracy. However, combining heterogeneous RS data poses a fusion challenge, like identifying the specific contribution of each modality in the predictive task. In this paper, we present a novel multi-modal learning approach to predict crop yield for different crops (soybean, wheat, rapeseed) and regions (Argentina, Uruguay, and Germany). Our multi-modal input data includes multi-spectral optical images from Sentinel-2 satellites and weather data as dynamic features during the crop growing season, complemented by static features like soil properties and topographic information. To effectively fuse the multi-modal data, we introduce a Multi-modal Gated Fusion (MMGF) model, comprising dedicated modality-encoders and a Gated Unit (GU) module. The modality-encoders handle the heterogeneity of data sources with varying temporal resolutions by learning a modality-specific representation. These representations are adaptively fused via a weighted sum. The fusion weights are computed for each sample by the GU using a concatenation of the multi-modal representations. The MMGF model is trained at sub-field level with 10 m resolution pixels. Our evaluations show that the MMGF outperforms conventional models on the same task, achieving the best results by incorporating all the data sources, unlike the usual fusion results in the literature. For Argentina, the MMGF model achieves an R 2 value of 0.68 at sub-field yield prediction, while at the field level evaluation (comparing field averages), it reaches around 0.80 across different countries. The GU module learned different weights based on the country and crop-type, aligning with the variable significance of each data source to the prediction task. This novel method has proven its effectiveness in enhancing the accuracy of the challenging sub-field crop yield prediction. Our investigation indicates that the gated fusion approach promises a significant advancement in the field of agriculture and precision farming. • Multi-modal model that adaptively fuses four data sources to predict crop yield. • Prediction at 10 m spatial resolution over multiple crops, regions, and years. • Gated fusion weights allow a simple interpretation of modalities contribution. • Optimal predictions are consistently obtained when all modalities are used.",global,,,ARG;DEU;URY,,medium,global,,rapeseed_canola;soybean;wheat,multi_crop,medium,"nt a novel multi-modal learning approach to predict crop yield for different crops (soybean, wheat, rapeseed) and regions (Argentina, Uruguay, and Germany). Our multi-modal input data includes multi-s",True,,,,,MODEL_ASSISTED_VALIDATION - not human review,False,W4405301470,incorrect,"ARG,DEU,URY",other,correct,,Three-country study coded global rather than multi_country,"{'URY', 'DEU', 'ARG'}",3,"{'URY', 'DEU', 'ARG'}",allocation_ok
W4303981410,global|allocated,343,30,11.433333333333334,Rice Yield Prediction and Model Interpretation Based on Satellite and Climatic Indicators Using a Transformer Method,"As the second largest rice producer, India contributes about 20% of the world's rice production. Timely, accurate, and reliable rice yield prediction in India is crucial for global food security and health issues. Deep learning models have achieved excellent performances in predicting crop yield. However, the interpretation of deep learning models is still rare. In this study, we proposed a transformer-based model, Informer, to predict rice yield across the Indian Indo-Gangetic Plains by integrating time-series satellite data, environmental variables, and rice yield records from 2001 to 2016. The results showed that Informer had better performance (R2 = 0.81, RMSE = 0.41 t/ha) than four other machine learning and deep learning models for end-of-season prediction. For within-season prediction, the Informer model could achieve stable performances (R2 ≈ 0.78) after late September, which indicated that the optimal prediction could be achieved 2 months before rice maturity. In addition, we interpreted the prediction models by evaluating the input feature importance and analyzing hidden features. The evaluation of feature importance indicated that NIRV was the most critical factor, while intervals 6 (mid-August) and 12 (mid-November) were the key periods for rice yield prediction. The hidden feature analysis demonstrated that the attention-based long short-term memory (AtLSTM) model accumulated the information of each growth period, while the Informer model focused on the information around intervals 5 to 6 (August) and 11 to 12 (November). Our findings provided a reliable and simple framework for crop yield prediction and a new perspective for explaining the internal mechanism of deep learning models.",global,,,IND,,medium,global,,rice,single_crop,high,Rice Yield Prediction and Model Interpretation Based on Satellite and Climatic Indicators Using a Tr,True,,,,,MODEL_ASSISTED_VALIDATION - not human review,False,W4303981410,incorrect,IND,other,correct,,Indian Indo-Gangetic Plains study wrongly coded global scope,{'IND'},1,{'IND'},allocation_ok
W4392760602,global|allocated,343,30,11.433333333333334,Assessment and comparison of crop growth models for estimating wheat production in a semi-arid region of Morocco,"Faced with growing food security challenges influenced by global factors such as population growth, climate change, and soil erosion, the need for sustainable agricultural practices is particularly relevant in Africa. In Morocco, wheat is the most dominant crop, but its production is highly dependent on rainfall. In this research, we evaluate several crop growth models, including AquaCrop, among others, focusing on their ability to effectively improve crop production predictions and yield gap analysis in Morocco. This evaluation is essential to develop adaptive agricultural practices that can mitigate the adverse effects of climate change on crop yields. This study employs AquaCrop-OSPy (ACOSP), an open-source Python version of the AquaCrop model, to simulate various indicators of crop growth such as canopy cover (CC), actual evapotranspiration (ETcact), biomass, and grain yield (GY) for wheat under drip irrigation in the semi-arid Chichaoua region of Marrakech in Morocco. The model was first calibrated by using the field data collected over two wheat fields during the 2016/2017 cropping season. Key parameters affecting CC, ETcact, biomass, and GY were calibrated by comparing field measurements with the model outputs. Then, model validation was carried out on the same fields but during the 2017/2018 cropping season. The results demonstrated that ACOSP effectively simulates CC, ETcact, biomass, and GY across two growing seasons. The comparative analysis between observed and simulated parameters yielded the following average values: for CC, R²=95%, RMSE=8.5%, and MSE=1.1%; for ETcact, R²=76%, RMSE=0.61 mm/day, and MSE=0.40 mm/day; and biomass, R²=87%, RMSE=0.22 t/ha, and MSE=0.05 t/ha during the calibration season. GY recorded was 3.87 t/ha. In the validation season, the model achieved similar accuracy for CC R²=95%, RMSE=8.0%, MSE=1.0 %; and biomass R²=91%, RMSE=0.15 t/ha, MSE=0.05 t/ha; with a GY of 3.29 t/ha. These results confirm the model's reliability in simulating key growth parameters of wheat in a semi-arid environment. Two main aspects are addressed through this study: firstly, to provide valuable information for agricultural policy and decision-making in Morocco, and secondly, to enrich the international conversation on sustainable agricultural practices, particularly in arid and semi-arid regions. Leveraging the findings of efficient simulation of wheat growth and production using the ACOSP model, this research provides a solid basis for local, national, and international key actors in developing robust strategies to improve wheat production, thus enhancing the sustainability and resilience of Moroccan agriculture.",global,,,MAR,,medium,global,Morocco(affiliation/publication context),wheat,single_crop,high,Assessment and comparison of crop growth models for estimating wheat production in a semi-arid region of Morocco . Faced with growing food security challenges infl,True,,,,,MODEL_ASSISTED_VALIDATION - not human review,False,W4392760602,incorrect,MAR,other,correct,,Morocco semi-arid field study wrongly coded global scope,{'MAR'},1,{'MAR'},allocation_ok
W3159743384,global|allocated,343,30,11.433333333333334,The Application of Multiple Linear Regression and Artificial Neural Network Models for Yield Prediction of Very Early Potato Cultivars before Harvest,"Yield forecasting is a rational and scientific way of predicting future occurrences in agriculture-the level of production effects. Its main purpose is reducing the risk in the decision-making process affecting the yield in terms of quantity and quality. The aim of the following study was to generate a linear and non-linear model to forecast the tuber yield of three very early potato cultivars: Arielle, Riviera, and Viviana. In order to achieve the set goal of the study, data from the period 2010-2017 were collected, coming from official varietal experiments carried out in northern and northwestern Poland. The linear model has been created based on multiple linear regression analysis (MLR), while the non-linear model has been built using artificial neural networks (ANN). The created models can predict the yield of very early potato varieties on 20th June. Agronomic, phytophenological, and meteorological data were used to prepare the models, and the correctness of their operation was verified on the basis of separate sets of data not participating in the construction of the models. For the proper validation of the model, six forecast error metrics were used: i.e., global relative approximation error (RAE), root mean square error (RMS), mean absolute error (MAE), and mean absolute percentage error (MAPE). As a result of the conducted analyses, the forecast error results for most models did not exceed 15% of MAPE. The predictive neural model NY1 was characterized by better values of quality measures and ex post forecast errors than the regression model RY1.",global,,,POL,,medium,global,,potato,single_crop,high,Multiple Linear Regression and Artificial Neural Network Models for Yield Prediction of Very Early Potato Cultivars before Harvest . Yield forecasting is a rational and scientific way of predicting f,True,,,,,MODEL_ASSISTED_VALIDATION - not human review,False,W3159743384,incorrect,POL,other,correct,,Northern Poland varietal trials wrongly coded global scope,{'POL'},1,{'POL'},allocation_ok
W4321376907,global|allocated,343,30,11.433333333333334,The combined effects of VPD and soil moisture on historical maize yield and prediction in China,"Understanding the effects of thermal and water stress on maize yield in the context of climate change is crucial to ensure food security in China. However, very few studies looked into the combined effects of heat and water stress on maize yield in China. Here, we utilized historical reanalysis data from ERA5 and four future shared socioeconomic pathway scenarios (SSP1-2.6, SSP2-4.5, SSP3-7.0, and SSP5-8.5) of the Coupled Model Intercomparison Project 6 (CMIP6) models to predict the maize yield. We used the linear mixed-effects model to quantify the grid cell sensitivity of vapor pressure deficit (VPD) and root-zone soil moisture to maize yield in China during 2010-2016. The results infer that VPD and root-zone soil moisture are excellent representatives of heat and moisture stress. Maize yield is beneficial only when the atmospheric moisture demand and soil moisture are in relative balance. Based on the historical results' polynomial function for VPD and soil moisture, we predict the maize yield response to soil moisture and VPD in the four SSPs. The results show that considering soil moisture in the future the projected yield estimates reduce the overestimated yield loss by half compared to considering only atmospheric moisture requirements. Maize yield will decrease under representative SSPs due to an increase in temperature (1.5, 2.0, 2.5, 3.0, 3.5, and 4.0°C). This study suggests that both atmospheric moisture demand and supply need to be considered when analyzing the specific influence of climate change on crop yield to secure and assure global food supplies.",global,,,CHN,,medium,global,China(affiliation/publication context),maize,single_crop,high,The combined effects of VPD and soil moisture on historical maize yield and prediction in China . Understanding the effects of thermal and water stress on maize,True,,,,,MODEL_ASSISTED_VALIDATION - not human review,False,W4321376907,incorrect,CHN,other,correct,,China maize study wrongly coded global scope,{'CHN'},1,{'CHN'},allocation_ok
W4417199848,global|allocated,343,30,11.433333333333334,Enhanced Corn Yield Prediction Using Multitemporal and Multispectral UAS data Combined with Machine Learning,"The United States plays a pivotal role in global corn production, necessitating accurate yield estimation at the field scale to support effective and timely field management. This study evaluates an integrated approach for estimating corn yield in well-watered and water-stressed fields using multi-source data acquired by Unmanned Aerial Systems (UAS) at USDA-ARS Limited Irrigation Research Farm, Greeley, Colorado. High-resolution Red-Green-Blue (RGB), multispectral reflectance (Ref), and thermal longwave infrared (LWIR) imagery were combined with machine learning algorithms to predict yield across multiple phenological stages over two growing seasons (2023 and 2024). Three machine learning models-Least Absolute Shrinkage and Selection Operator (LASSO) regression, Random Forest (RF), and Gradient Boosting (GB)-were employed to evaluate the influence of data type and model complexity on yield prediction accuracy. Results indicated that Ref data consistently outperformed high-resolution RGB imagery for yield prediction, regardless of the model applied. The RF and GB models provided higher prediction accuracy than the LASSO regression method. Incorporating thermal imagery further improved prediction performance with RF and GB models, particularly in water-stressed conditions. Time-series analysis demonstrated that Ref data enabled stable and accurate yield estimation as early as the R1 (reproductive) growth stage (day of year 208-209) when using RF and GB over different growing seasons. In contrast, RGB imagery alone exhibited limited predictive capability during the reproductive stages, underscoring the advantage of multispectral sensors during these periods. Additionally, combining LWIR data with multispectral reflectance improved prediction accuracy in deficit-irrigated fields, especially during the reproductive stages when using RF, demonstrating the extra value of thermal sensing under water stress. The trend of model performances in corn yield prediction was similar in 2023 and 2024. However, the models performed less well in 2023 than in 2024, probably due to variation in precipitation and slightly different configuration of sensors and different image processing software.",global,,,USA,,medium,global,,maize,single_crop,high,Enhanced Corn Yield Prediction Using Multitemporal and Multispectral UAS data Combined with Machine Learning,True,,,,,MODEL_ASSISTED_VALIDATION - not human review,False,W4417199848,incorrect,USA,other,correct,,"Greeley, Colorado USDA-ARS farm study wrongly coded global scope",{'USA'},1,{'USA'},allocation_ok
W3217270882,global|allocated,343,30,11.433333333333334,Predicting Climate Change Impact on Water Productivity of Irrigated Rice in Malaysia Using FAO-AquaCrop Model,"Water productivity (WP) is a key indicator of agricultural water management, since it affects the quantity of water used for crop yield in various management scenarios. This study evaluated the WP of irrigated rice due to a changing climate in the Northwest Selangor Rice Irrigation Scheme (NSRIS) by using field experimental data and the FAO-AquaCrop Model. Pertinent soil, water, climate, and crop data were acquired by executing a field investigation during the off-season (dry season, January-April) and main season (wet season, July-October) in 2017. The AquaCrop 6.0 model was calibrated and validated using the measured data. A Climate-smart Decision Support System (CSDSS) with an ensemble of 10 Global Climate Models (GCMs) was used to downscale climate variables under RCP4.5, RCP6.0, and RCP8.5 emission scenarios during baseline (1976 to 2005) and future (2020 to 2099) periods. The AquaCrop model fairly predicted rice yields under field conditions with root-mean-square error (RMSE), mean absolute error (MAE), prediction error (PE) and index of agreement (d) between the observed and estimated yields of 0.173, 0.157, -0.31 to 5.4 and 0.78, respectively for the off-season; and 0.167, 0.127, -5.6 to 2.3 and 0.73, respectively for the main season. It predicted a 10% decrease in actual crop evapotranspiration (ETc) in both crop seasons in the future. The WP of rice based on total water input (WPIrr+RF), applied irrigation (WPIrr), and actual crop evapotranspiration (WPETc) will likely increase by 14-24%, 14-19%, and 17-29%, respectively under the three RCP emission scenarios in the off-season. The likely increase in WP for the corresponding base is 13-22%, 15-24%, and 14-25% in the main season. Various agronomic management options linked to WP will most likely become important in making crucial decisions to cope with the risk of impacts on climate change.",global,,,MYS,,medium,Global,,rice,single_crop,high,Predicting Climate Change Impact on Water Productivity of Irrigated Rice in Malaysia Using FAO-AquaCrop Model . Water productivity (WP) is a key indicator of agricultur,True,,,,,MODEL_ASSISTED_VALIDATION - not human review,False,W3217270882,incorrect,MYS,other,correct,,"Selangor, Malaysia irrigation scheme wrongly coded global scope",{'MYS'},1,{'MYS'},allocation_ok
W130010577,global|allocated,343,30,11.433333333333334,Mining climate data for shire level wheat yield predictions in Western Australia,"Climate change and the reduction of available agricultural land are two of the most important factors that affect global food production especially in terms of wheat stores. An ever increasing world population places a huge demand on these resources. Consequently, there is a dire need to optimise food production. Estimations of crop yield for the South West agricultural region of Western Australia have usually been based on statistical analyses by the Department of Agriculture and Food in Western Australia. Their estimations involve a system of crop planting recommendations and yield prediction tools based on crop variety trials. However, many crop failures arise from adherence to these crop recommendations by farmers that were contrary to the reported estimations. Consequently, the Department has sought to investigate new avenues for analyses that improve their estimations and recommendations. This thesis explores a new approach in the way analyses are carried out. This is done through the introduction of new methods of analyses such as data mining and online analytical processing in the strategy. Additionally, this research attempts to provide a better understanding of the effects of both gradual variation parameters such as soil type, and continuous variation parameters such as rainfall and temperature, on the wheat yields. The ultimate aim of the research is to enhance the prediction efficiency of wheat yields. The task was formidable due to the complex and dichotomous mixture of gradual and continuous variability data that required successive information transformations. It necessitated the progressive moulding of the data into useful information, practical knowledge and effective industry practices. Ultimately, this new direction is to improve the crop predictions and to thereby reduce crop failures. The research journey involved data exploration, grappling with the complexity of Geographic Information System (GIS), discovering and learning data compatible software tools, and forging an effective processing method through an iterative cycle of action research experimentation. A series of trials was conducted to determine the combined effects of rainfall and temperature variations on wheat crop yields. These experiments specifically related to the South Western Agricultural region of Western Australia. The study focused on wheat producing shires within the study area. The investigations involved a combination of macro and micro analyses techniques for visual data mining and data mining classification techniques, respectively. The research activities revealed that wheat yield was most dependent upon rainfall and temperature. In addition, it showed that rainfall cyclically affected the temperature and soil type due to the moisture retention of crop growing locations. Results from the regression analyses, showed that the statistical prediction of wheat yields from historical data, may be enhanced by data mining techniques including classification. The main contribution to knowledge as a consequence of this research was the provision of an alternate and supplementary method of wheat crop prediction within the study area. Another contribution was the division of the study area into a GIS surface grid of 100 hectare cells upon which the interpolated data was projected. Furthermore, the proposed framework within this thesis offers other researchers, with similarly structured complex data, the benefits of a general processing pathway to enable them to navigate their own investigations through variegated analytical exploration spaces. In addition, it offers insights and suggestions for future directions in other contextual research explorations.",global,,,AUS,,medium,global,Australia(affiliation/publication context); Australia(affiliation/publication context),wheat,single_crop,high,Mining climate data for shire level wheat yield predictions in Western Australia . Climate change and the reduction of available agricul,True,,,,,MODEL_ASSISTED_VALIDATION - not human review,False,W130010577,incorrect,AUS,other,correct,,Western Australia shire-level study wrongly coded global scope,{'AUS'},1,{'AUS'},allocation_ok
W4415145726,global|allocated,343,30,11.433333333333334,Assessment of the Effectiveness of Spectral Indices Derived from EnMAP Hyperspectral Imageries Using Machine Learning and Deep Learning Models for Winter Wheat Yield Prediction,"Accurate and timely crop yield estimation is essential for effective agricultural management and global food security, particularly for winter wheat. This study aimed to assess the effectiveness of EnMAP hyperspectral imagery in combination with machine learning and deep learning models for winter wheat yield prediction in Hungary. Using EnMAP images from February and May 2023, along with ground truth yield data from four fields, we derived 10 distinct vegetation indices. Random Forest, Gradient Boosting, and Multilayer Perceptron algorithms were employed, and model performance was evaluated using Mean Absolute Error (MAE) and Coefficient of Determination (R2) values. The results consistently demonstrated that integrating multi-temporal data significantly enhanced predictive accuracy, with the MLP model achieving an R2 of 0.79 and an MAE of 0.27, notably outperforming single-date predictions. Shortwave infrared (SWIR) indices were particularly critical for early-season yield estimations. This research highlights the substantial potential of hyperspectral data and advanced machine learning techniques in precision agriculture, emphasizing the promising role of future missions such as CHIME in further refining and expanding yield estimation capabilities.",global,,,HUN,,medium,global,,wheat,single_crop,high,ices Derived from EnMAP Hyperspectral Imageries Using Machine Learning and Deep Learning Models for Winter Wheat Yield Prediction . Accurate and timely crop yield estimation is essential for effective,True,,,,,MODEL_ASSISTED_VALIDATION - not human review,False,W4415145726,incorrect,HUN,missed_country_should_be_resolved,correct,,Winter wheat fields in Hungary; 'global food security' is a false cue,{'HUN'},1,{'HUN'},allocation_ok
W4406524733,global|allocated,343,30,11.433333333333334,Corn Crop Yield Prediction using Deep Learning,"Accurate crop yield prediction has emerged as a critical area of research, especially in light of global food security challenges and the need for sustainable agricultural practices. In this study, we focus on predicting the yield of US corn, a staple crop with significant economic and nutritional value. By leveraging data mining techniques, we extract meaningful patterns from large agricultural datasets, aiming to enhance our understanding of the factors influencing crop yields. Accurate predictions can guide farmers and policymakers in making informed decisions, such as optimizing planting schedules, managing resources more effectively, and anticipating potential shortages. In this study, we utilized a variety of machine learning models, such as Logistic Regression, Decision Trees, Convolutional Neural Networks (CNN), Recurrent Neural Networks (RNN), Random Forest, Support Vector Machines (SVM), and Long Short Term Memory (LSTM) networks. These models were selected to explore their varying capabilities in handling complex agricultural data and providing accurate predictions. The final outcome, Linear Regression, achieved an impressive accuracy of 93%, demonstrating its effectiveness in predicting crop yields based on the given dataset.",global,,,USA,,medium,global,,maize,single_crop,high,Corn Crop Yield Prediction using Deep Learning . Accurate crop yield prediction has emerged as a cri,True,,,,,MODEL_ASSISTED_VALIDATION - not human review,False,W4406524733,incorrect,USA,missed_country_should_be_resolved,correct,,Yield of US corn is the modelled data; not global,{'USA'},1,{'USA'},allocation_ok
W4400941771,global|allocated,343,30,11.433333333333334,Crop yield estimation at different growing stages using a synergy of SAR and optical remote sensing data,"Crop yield forecasting is an essential component of crop production assessment, impacting people at the global scale down to the level of individual farms. Until now, yield forecasting has predominantly relied on optical data, particularly the maximum value of vegetation indexes. However, this approach only presents a short forecasting window, and it is essential to obtain yield estimates as early as possible in the growing season and then further improve forecasting even after the vegetation index has reached its peak. So far, optical satellite data at high-temporal resolution (1-3 days) has been actively used for real time crop yield monitoring, whereas fewer operational models make a use of synthetic aperture radar (SAR). In this study, we explore whether SAR data can capture distinct aspects of crop dynamics, providing new insights for yield estimation depending on the crop's phenological stage. We assess the efficiency of dual- (Sentinel-1) and quad-polarimetric (UAVSAR, RADARSAT-2) data to explain inter-field crop yield variability for corn, soybean, and rice over a test area in Arkansas, US (258 fields, 2019). We used optical imagery acquired by Planet/Dove-Classic, Sentinel-2, and Landsat 8, to establish a baseline performance of satellite-based indicators to explain yield variability and assess dual- and quad-polarimetric SAR data for crop yield assessment. In terms of polarimetric indexes, the results showed that in general the results for rice were mostly stable and better than the other crops (R2adj ∼ 0.4 on average). The best results were obtained for the Sentinel-1 VHasc with R2adj = 0.47 and RADARSAT-2 phase difference with R2adj = 0.45. The results for corn performed the least with an R2adj <0.35 for all the indexes. The results for soybeans were more variable and were highly correlated with certain indicators such as RADARSAT-2 HV, RADARSAT-2 Volume, and RADARSAT-2 Pauli HV with R2adj>0.4. We also investigated the day of year (DOY) with the maximum correlation between optical and SAR-derived features and the final yields for corn, soybean, and rice. The maximum correlation for optical features occurs over a short time between DOY 155 (June 4) and 185 (July 5) for corn and rice, and DOY 190 (July 9) and DOY 211 (July 30) for soybean, with these results being consistent across various optical-based sensors. On the contrary, the maximum correlation for SAR-derived features varied significantly and was between DOY 120 (April 30) to DOY 225 (August 13). A study of the time series parameters cross-correlation showed that the optical parameters were highly correlated, but the SAR parameters showed strong temporal decorrelation. We conducted a comparison between C-band and L-band to assess their sensitivity at each stage of growth. In this experiment, we determined that for low vegetation, the C band will be more useful at the beginning of the growth cycle, while the L band provides more information in later stages of growth. Using a random forest regression model combining SAR parameters with common difference vegetation index (DVI), we improved the error by 50% in comparison to the error using the (DVI) for corn, soybean, and rice.",global,,,USA,,medium,global,,maize;rice;soybean,multi_crop,medium,") and quad-polarimetric (UAVSAR, RADARSAT-2) data to explain inter-field crop yield variability for corn, soybean, and rice over a test area in Arkansas, US (258 fields, 2019). We used optical imagery",True,,,,,MODEL_ASSISTED_VALIDATION - not human review,False,W4400941771,incorrect,USA,missed_country_should_be_resolved,correct,,"Test area of 258 fields in Arkansas, US; not global",{'USA'},1,{'USA'},allocation_ok
W4309003307,global|allocated,343,30,11.433333333333334,Coupling Process-Based Models and Machine Learning Algorithms for Predicting Yield and Evapotranspiration of Maize in Arid Environments,"Crop yield prediction is critical for investigating the yield gap and potential adaptations to environmental and management factors in arid regions. Crop models (CMs) are powerful tools for predicting yield and water use, but they still have some limitations and uncertainties; therefore, combining them with machine learning algorithms (MLs) could improve predictions and reduce uncertainty. To that end, the DSSAT-CERES-maize model was calibrated in one location and validated in others across Egypt with varying agro-climatic zones. Following that, the dynamic model (CERES-Maize) was used for long-term simulation (1990-2020) of maize grain yield (GY) and evapotranspiration (ET) under a wide range of management and environmental factors. Detailed outputs from three growing seasons of field experiments in Egypt, as well as CERES-maize outputs, were used to train and test six machine learning algorithms (linear regression, ridge regression, lasso regression, K-nearest neighbors, random forest, and XGBoost), resulting in more than 1.5 million simulated yield and evapotranspiration scenarios. Seven warming years (i.e., 1991, 1998, 2002, 2005, 2010, 2013, and 2020) were chosen from a 31-year dataset to test MLs, while the remaining 23 years were used to train the models. The Ensemble model (super learner) and XGBoost outperform other models in predicting GY and ET for maize, as evidenced by R2 values greater than 0.82 and RRMSE less than 9%. The broad range of management practices, when averaged across all locations and 31 years of simulation, not only reduced the hazard impact of environmental factors but also increased GY and reduced ET. Moving beyond prediction and interpreting the outputs from Lasso and XGBoost, and using global and local SHAP values, we found that the most important features for predicting GY and ET are maximum temperatures, minimum temperature, available water content, soil organic carbon, irrigation, cultivars, soil texture, solar radiation, and planting date. Determining the most important features is critical for assisting farmers and agronomists in prioritizing such features over other factors in order to increase yield and resource efficiency values. The combination of CMs and ML algorithms is a powerful tool for predicting yield and water use in arid regions, which are particularly vulnerable to climate change and water scarcity.",global,,,EGY,,medium,global,,maize,single_crop,high,Process-Based Models and Machine Learning Algorithms for Predicting Yield and Evapotranspiration of Maize in Arid Environments . Crop yield prediction is critical for investigating the yield gap and p,True,,,,,MODEL_ASSISTED_VALIDATION - not human review,False,W4309003307,incorrect,EGY,missed_country_should_be_resolved,correct,,Model calibrated and field experiments run across Egypt; not global,{'EGY'},1,{'EGY'},allocation_ok
W4414002569,global|allocated,343,30,11.433333333333334,Investigation of Drought Propagation Dynamics and Cereal Crop Yield Prediction using Machine Learning Models under Global Warming in Ethiopia,"Meteorological drought is characterized by both magnitude and duration, and its spatiotemporal dynamics drive its propagation to other drought type. Ethiopia's agricultural sector faces significant challenges in achieving accurate crop yield prediction, a critical requirement for effective resource management and ensuring food security for its rapidly growing population. This study analyzes drought propagation dynamics across Ethiopia for 1981-2022 period and their impacts on cereal crop yields-maize, sorghum teff and wheat over 1993-2022. Multi-scale meteorological drought indices (SPI, SPEI at 1-12 months) from observed and ENACT rainfall and temperature data were integrated with root-zone soil moisture anomalies to map spatio-temporal propagation. Lagged correlation and maximum-correlation lag times quantified lead times between meteorological and soil moisture droughts. Random Forest and XGBoost models were applied for yield prediction, evaluated using RMSE and R2. Results indicate spatially variable drought regimes, with rapid onset in lowlands and slow cumulative patterns in highlands, alongside crop specific vulnerability periods. Maximum temperature and medium-term drought consistently dominated as predictors, highlighting combined heat and moisture stress effects. Recommended adaptation include breeding for heat-tolerant maize and wheat, implementing water-saving agronomy and supplemental irrigation, adjusting planting dates to avoid peak heat, and diversifying cropping systems to mitigate climate risks.",global,,,ETH,,medium,Global,,maize;sorghum;wheat,multi_crop,medium,"t propagation dynamics across Ethiopia for 1981-2022 period and their impacts on cereal crop yields-maize, sorghum teff and wheat over 1993-2022. Multi-scale meteorological drought indices (SPI, SPEI",True,,,,,MODEL_ASSISTED_VALIDATION - not human review,False,W4414002569,incorrect,ETH,missed_country_should_be_resolved,incorrect,maize;sorghum;teff;wheat,Ethiopia-wide study coded global; teff omitted from coded crops,{'ETH'},1,{'ETH'},allocation_ok
W3093496230,global|allocated,343,30,11.433333333333334,Comparing a random forest based prediction of winter wheat yield to historical production potential,"Predicting wheat yield is crucial due to the importance of wheat across the world. When modeling yield, the difference between potential and actual yield consistently changes because of technology. Considering historical yield potential would help determine spatiotemporal trends in agricultural development. Comparing current and historical production in Denmark is possible because production has been documented throughout history. However, the current winter wheat yield model is solely based on soil. The aim of this study was to generate a new Danish winter wheat yield map and compare the results to historical production potential. Utilizing random forest with soil, climate, and topography variables, a winter wheat yield map was generated from 876 field trials carried out from 1992 to 2018. The random forest model performed better than the model based only on soil. The updated national yield map was then compared to production potential maps from 1688 and 1844. While historical time periods are characterized by numerous low production potential areas and few highly productive areas, present-day production is evenly distributed between low and high production. Advances in technology and farm practices have exceeded historical yield predictions. Thus, modeling current yield could be unreliable in future years as technology progresses.",global,,,DNK,,medium,across the world,,wheat,single_crop,high,Comparing a random forest based prediction of winter wheat yield to historical production potential . Predicting wheat yield is crucial due to the,True,,,,,MODEL_ASSISTED_VALIDATION - not human review,False,W3093496230,incorrect,DNK,missed_country_should_be_resolved,correct,,876 Danish field trials and national yield map; not global,{'DNK'},1,{'DNK'},allocation_ok
W1554183641,global|allocated,343,30,11.433333333333334,Estimating the impact of climate change on crop yields: The importance of non-linear temperature effects,"There has been an active debate whether global warming will result in a net gain or net loss for United States agriculture. With mounting evidence that climate is warming, we show that such warming will have substantial impacts on agricultural yields by the end of the century: yields of three major crops in the United States are predicted to decrease by 60 to 79% under the most rapid warming scenario. We use a 55-year panel of crop yields in the United States and pair it with a unique fine-scale weather data set that incorporates the whole distribution of temperatures between the minimum and maximum within each day and across all days in the growing season. The key contribution of our study is in identifying a highly non-linear and asymmetric relationship between temperature and yields. Yields increase in temperature until about 29Â° C for corn and soybeans and 33Â° C for cotton, but temperatures above these thresholds quickly become very harmful, and the slope of the decline above the optimum is significantly steeper than the incline below it. Previous studies average temperatures over a season, month, or day and thereby dilute this highly non-linear relationship. We use encompassing tests to compare our model with others in the literature and find its out-of-sample forecasts are significantly better. The stability of the estimated relationship across regions, crops, and time suggests it may be transferable to other crops and countries.",global,,,USA,,medium,global,,cotton;maize,multi_crop,medium,"and yields. Yields increase in temperature until about 29Â° C for corn and soybeans and 33Â° C for cotton, but temperatures above these thresholds quickly become very harmful, and the slope of the de",True,,,,,MODEL_ASSISTED_VALIDATION - not human review,False,W1554183641,incorrect,USA,missed_country_should_be_resolved,incorrect,maize;soybean;cotton,US 55-year yield panel coded global; soybean omitted from crops,{'USA'},1,{'USA'},allocation_ok
W7163182020,global|allocated,343,30,11.433333333333334,Performance Analysis of Machine Learning Techniques in Predicting Maize Crop Yield: Case Study of Kayonza District—Rwanda,"Climate change presents significant challenges to agriculture worldwide, leading to food insecurity and impacting rural livelihoods. Maize farming is especially vulnerable to extreme weather, such as heavy rainfall, high temperatures, soil acidity, humidity, and poor irrigation, which reduce crop yields and raise concerns about food security. The study aimed to develop a reliable and accurate machine learning method to predict maize crop yields using historical climate data to facilitate decision-making. This allows farmers and agronomists to forecast maize production based on past data for adaptation. A dataset from Meteo Rwanda and maize yield data from the Kayonza district, Rwanda, were used for training and testing. The weather data included annual mean temperature, maximum temperature, minimum temperature, rainfall, and soil temperature over the past thirteen years. The data were analyzed using machine learning techniques such as Random Forest regressor, Extreme Boost regressor, Gradient, Support Vector Machine, and LASSO (Least Absolute Shrinkage and Selection Operator). The results show that developing a high-yield crop depends on predicting and integrating climate variables, especially temperature and rainfall. Overall, Random Forest, Support Vector Machine, and Extreme Boost outperformed LASSO, with R2 values of 0.957, 0.955, and 0.953, compared to 0.256 for LASSO.",global,,,RWA,,medium,worldwide,,maize,single_crop,high,Performance Analysis of Machine Learning Techniques in Predicting Maize Crop Yield: Case Study of Kayonza District—Rwanda . Climate change presents significant challe,True,,,,,MODEL_ASSISTED_VALIDATION - not human review,False,W7163182020,incorrect,RWA,missed_country_should_be_resolved,correct,,"Kayonza district, Rwanda case study; 'worldwide' is a false cue",{'RWA'},1,{'RWA'},allocation_ok
W2277985105,global|allocated,343,30,11.433333333333334,Performance and sensitivity of the DSSAT crop growth model in simulating maize yield under conservation agriculture,"With the practice of conservation agriculture (CA) soil water and nutrient dynamics are modified by the presence of a mulch of crop residues and by reduced or no-tillage. These alterations may have impacts on crop yields. The crop growth model DSSAT (Decision Support Systems for Agrotechnology Transfer) has recently been modified and used to simulate these impacts on crop growth and yield. In this study, we applied DSSAT to a long-term experiment with maize ( Zea mays L.) grown under contrasting tillage and residue management practices in Monze, Southern Province of Zambia. The aim was (1) to assess the capability of DSSAT in simulating crop responses to mulching and no-tillage, and (2) to understand the sensitivity of DSSAT model output to input parameters, with special attention to the determinants of the model response to the practice of CA. The model was first parameterized and calibrated for the tillage treatment (CP) of the experiment, and then run for the CA treatment by removing tillage and applying a mulch of crop residues in the model. In order to reproduce observed maize yields under the CP versus CA treatment, optimal root development in the model was restricted to the upper 22 cm soil layer in the CP treatment, while roots could optimally develop to 100 cm depth under CA. The normalized RMSE values between observed and simulated maize phenology and total above ground biomass and grain yield indicated that the CA treatment was equally well simulated as the CP treatment, for which the model was calibrated. A global sensitivity analysis using co-inertia analysis was performed to describe the DSSAT model response to 32 model input parameters and crop management factors. Phenological cultivar parameters were the most influential model parameters. This analysis also demonstrated that in DSSAT mulching primarily affects the surface soil organic carbon content and secondly the total soil moisture content, since it is negatively correlated with simulated soil water evaporation and run-off. The correlations between the input parameters or crop management factors and the output variables were stable over a wide range of seasonal rainfall conditions. A local sensitivity analysis of simulated maize yield to three key parameters for the simulation of the CA practice revealed that DSSAT responds to mulching particularly when rooting depth is restricted, i.e., when water is a critical limiting crop growth factor. The results of this study demonstrate that DSSAT can be used to simulate crop responses to CA, in particular through simulated mulching effects on the soil water balance, but other, often site-specific, factors that are not modeled by DSSAT, such as plough pan formation under CP or improved soil structure under CA, may need to be considered in the model parameterization to reproduce the observed crop yield effects of CA versus CP.",global,,,ZMB,,medium,global,,maize,single_crop,high,Performance and sensitivity of the DSSAT crop growth model in simulating maize yield under conservation agriculture . With the practice of conservation agriculture (CA) soil,True,,,,,MODEL_ASSISTED_VALIDATION - not human review,False,W2277985105,incorrect,ZMB,missed_country_should_be_resolved,correct,,"Long-term maize experiment at Monze, Southern Province, Zambia",{'ZMB'},1,{'ZMB'},allocation_ok
W3006660218,global|allocated,343,30,11.433333333333334,Harnessing seasonal GCM forecasts for crop yield forecasting through multivariate forecast post-processing methods,"Seasonal climate forecasts may be coupled with crop models to provide quantitative forecasts of crop yield, assess sensitivity to farm management decisions and manage risk associated with seasonal climate variability. Today, seasonal climate forecasts are produced by computationally expensive, physically-based global climate models, which capture large-scale climate patterns well. However, their coarse spatial resolution (typically >50km) means they do not reliably depict daily weather at sub-grid locations, limiting their direct use in crop models. Consequently, operational crop forecasting systems in Australia typically use alternative meteorological forcings such as historical climate analogues based on El Niño - Southern Oscillation phases, which may be less skillful than global climate model forecasts. An emerging tactic for coupling global climate model forecasts and crop models is to apply quantile mapping (otherwise known as cumulative distribution function matching) to adjust forecast ensemble members according to the historical distribution of observations. However, quantile mapping assumes the global climate model forecasts are highly skilful and well-behaved (which they are often not). The overly simplistic formulation of quantile-mapping propagates an assortment of model errors. Additionally, quantile-mapping cannot be used for downscaling to multiple sub-grid locations owing to its deterministic nature. Accordingly, an increasing number of studies are reporting negative results arising from coupling global climate model forecasts and crop models using quantile mapping. Hence, the overarching objective of this thesis is to develop more robust, spatially and temporally relevant post-processing methods to harness global climate model forecasts for use in crop models. To this end, I develop a new multivariate forecast post-processing workflow that combines Bayesian parametric methods and non-parametric methods to calibrate and downscale global climate model forecasts for use in crop models. Forecast calibration means to (1) minimise systematic error such as forecast bias, (2) ensure forecast uncertainty is reliably conveyed by ensemble spread, and (3) ensure forecasts are at least as skilful as climatology. Downscaling means, depending on the context, either: (1) producing a revised forecast with the correct local weather variability at a spatial scale smaller than the GCM grid (2) producing a local forecast based on large-scale climate drivers (e.g. sea surface temperature patterns) (this approach is also referred to as bridging), or (3) spatial or temporal disaggregation of a forecast. Crop forecasting models require physically-coherent inputs of rainfall, temperature and solar radiation. Previous research has established the suitability of the Bayesian joint probability modelling approach for calibrating monthly and three-monthly rainfall forecasts from global climate models. The Bayesian joint probability modelling approach has not previously been applied to post-process temperature or solar radiation forecasts or to post-process multivariate forecasts. However, it is formed on the general assumption that the joint distribution of two or more variables can be modelled as a multivariate normal distribution in transformed space. It can theoretically be extended for multivariate forecast post-processing with a relevant transformation for each variable. Thus the first objective of this thesis is to develop and evaluate several strategies for calibrating multivariate global climate model forecasts using the Bayesian joint probability modelling approach. Three strategies are compared: (1) simultaneous calibration of multiple climate variables in a single statistical model, which explicitly models inter-variable dependence via the covariance matrix; (2) univariate calibration coupled with an empirical ensemble reordering method (the Schaake Shuffle) that injects inter-variable dependence from historical data; and (3) quantile-mapping, which borrows inter-variable dependence from the raw forecasts. Applied to Australian seasonal (three-month) forecasts from the European Centre for Medium-range Weather Forecasts System4 model, univariate calibration paired with the Schaake Shuffle performs best in terms of univariate and multivariate forecast verification metrics. Direct multivariate calibration is the second-best method, with its far superior performance in in-sample testing vanishing in cross-validation, likely because of insufficient data to reliably infer the sizeable covariance matrix. Bayesian joint probability post-processing is confirmed to outperform quantile-mapping. Hence the Bayesian joint probability modelling approach and the Schaake Shuffle should, therefore, be preferred to quantile-mapping as a basis for calibrating GCM forecasts for crop forecasting applications. Global climate model forecast skill is best captured by post-processing on seasonal time scales. However, crop models require daily forecast sequences. Also, it is observed that some operational crop forecasting systems run separate crop models for multiple locations within a region and then aggregate the results into a regional forecast. Therefore, spatial forecasts are also needed. Accordingly, the second objective of this thesis is to develop and evaluate downscaling and disaggregation methods for post-processing global climate model forecasts to higher spatial and temporal resolutions. To this end, I develop an empirical multivariate downscaling method that imparts observed spatial, temporal and inter-variable relationships into disaggregated forecasts whilst completely preserving the joint distribution of forecasts post-processed at coarser spatial and/or temporal scales. Specifically, a Euclidean distance metric is devised to identify a nearest-neighbour in historical observations for each forecast ensemble member. The method of fragments is subsequently applied to simultaneously disaggregate the forecast spatial and temporally. The new method is demonstrated to perform well for downscaling skilful forecasts of rainfall, temperature and solar radiation for six locations in northeast Australia. The climatological distributions of the downscaled forecasts mirror observations and the observed frequency of wet days is also reproduced in forecasts. The new downscaling method is a step towards full integration of calibrated seasonal climate forecasts into crop models and has a significant advantage over quantile-mapping in that it can be applied for multiple sub-grid locations. The final objective of this thesis is to feed global climate model forecasts, post-processed using the new methods, to a crop decision support system to demonstrate an end-to-end solution for linking global climate model forecasts with a crop model to produce yield forecasts. The first crop forecasting application of the new methods is for sugarcane yield forecasting in Tully. The region is selected because it is a non-irrigated region, and it is thus suitable for assessing the value of climate forecasts. Two sets of post-processed forecasts are produced for the Tully Mill weather station in North-east Queensland. The first set is obtained by applying the Bayesian joint probability modelling approach to calibrate monthly rainfall, temperature and solar radiation forecasts for the grid cell containing Tully. The second set is obtained by using global climate model forecasts of the Niño 3.4 climate index (commonly associated with the El Niño Southern Oscillation), also using the Bayesian joint probability modelling approach, to produce local forecasts of monthly rainfall, temperature and solar radiation. In both cases, the monthly forecasts are subjected to the Schaake Shuffle and subsequently downscaled to daily sequences using identical methods. The calibration and bridging forecasts are used to drive a sugarcane crop model to generate long-lead forecasts of biomass in north-eastern Australia from 1982-2016. A rigorous probabilistic assessment of forecast attributes suggests that the calibration forecasts provide the most skilful forecasts overall although the bridging forecasts give more skilful yield forecasts at certain times. The biomass forecasts are unbiased and reliable for short to long lead times, suggesting that the new downscaling methods are effective. My end-to-end solution for linking global climate model forecasts and crop models enables quantitative modelling and risk management at the farm level. It has the potential to improve farm productivity and profitability through better decisions. Future research should investigate the value of the post-processing methods for a wide range of crops.",global,,,AUS,,medium,global,,sugarcane,single_crop,high,"model to produce yield forecasts. The first crop forecasting application of the new methods is for sugarcane yield forecasting in Tully. The region is selected because it is a non-irrigated region, a",True,,,,,MODEL_ASSISTED_VALIDATION - not human review,False,W3006660218,incorrect,AUS,missed_country_should_be_resolved,correct,,Australian forecasting context; sugarcane application at Tully; not global,{'AUS'},1,{'AUS'},allocation_ok
W2510560976,global|allocated,343,30,11.433333333333334,Retrieval of regional LAI over agricultural land from an Indian geostationary satellite and its application for crop yield estimation,"Agriculture productivity at spatio-temporal scales can be modelled through quantification of biophysical parameters like LAI (leaf area index) and radiation parameters from satellites. The Indian geostationary satellite INSAT 3A CCD was used to retrieve agricultural LAI at regular temporal intervals from the ProSail 1-D (Dimensional) canopy radiative transfer (CRT) model. The ProSail model was customized to simulate reflectance for three CCD spectral bands. The model was run in forward mode and then inverted by using reflectances from the CCD and the generated LUT by applying the least square distance approach to retrieve LAI for agricultural crops. Daily CCD data from January 1 to March 30, 2010 at 0700 GMT were used to retrieve agricultural crop LAI data. The validation of daily retrieved LAI was done with available in situ measurements over wheat crops in Punjab, Haryana and Madhya Pradesh states. The overall root mean square error (RMSE) of 0.84 with correlation of 0.8 was observed for 20 in situ measured LAI at different phenological phases of wheat crops. Retrieved INSAT CCD LAI has been compared with LAI retrieved from high-resolution IRS P6 AWiFS using an empirical approach for wheat crop. The CCD-derived wheat crop LAI showed a RMSE of 0.45 (n = 55, 14.2 percent from mean) with mean absolute error (MAE) of 0.34. It was also compared with the 8-day MODIS TERRA global LAI product from January to March 2010. The LAI profiles extracted for different regions of India representing different crops using CCD data and MODIS products were compared and an overall RMSE of 2.25 (n = 156, 73 percent from mean) with MAE of 2.85 was observed. INSAT CCD-retrieved LAI was further used for wheat yield estimation over Madhya Pradesh state. At district level, yield showed a RMSE of 516.6 kg ha-1 with 29.4 percent deviation from the mean. Our demonstrative case studies recommended coupled use of satellite observations from multiple EO missions and radiative transfer simulation to make efficiency-based approaches operationally viable for regional crop yield estimation in near real time.",global,,,IND,,medium,global,,wheat,single_crop,high,", 73 percent from mean) with MAE of 2.85 was observed. INSAT CCD-retrieved LAI was further used for wheat yield estimation over Madhya Pradesh state. At district level, yield showed a RMSE of 516.6 kg",True,,,,,MODEL_ASSISTED_VALIDATION - not human review,False,W2510560976,incorrect,IND,missed_country_should_be_resolved,correct,,"Indian satellite validated over Punjab, Haryana, Madhya Pradesh",{'IND'},1,{'IND'},allocation_ok
W4319594319,global|allocated,343,30,11.433333333333334,Copulas modelling of maize yield losses – drought compound events using the multiple remote sensing indices over the Danube River Basin,"Danube countries have witnessed numerous waves of drought events, causing significant agro-economic loss, but three consecutive dry years amplified the debate on how to deal with future drought risk. The European drought of 2022 has shown how important it is to look at food security from an environmental droughts risk assessment approach. The coupling drought-yield losses framework derives from the understanding that all land systems are connected through coupled human and natural systems, and these social, ecological, and agro-economic impacts are the result. Maize is considered a commodity and a staple food in Europe with the largest market share in global maize exports. Drought-heat stress, war and subsequent limitations on Ukrainian trade have created a shortage of maize supply in 2022 over Europe. This study focused on eighteen countries where maize production becomes highly susceptible to drought in the Danube River Basin (DRB; Austria, Bosnia and Herzegovina, Bulgaria, Croatia, the Czech Republic, Hungary, Montenegro, Romania, Serbia, Slovakia, and Slovenia). To understand the coupling drought-yield losses mechanism, time series of maize yield datasets and multiple remote sensing indices were used on arable lands for 278 districts at a high spatial resolution. The main objective of this study was to determine which regions respond to the changes in the rate of evapotranspiration and soil moisture and in which period and how much maize production is affected. The time series of the two-band enhanced vegetation index (EVI2), the evaporative stress index (ESI), and the relative water availability (AWR) were calculated. The spatial evolution of the ESI for 4-week and 12-week time windows, EVI2, and relative soil saturation at the topsoil and rootzone layers demonstrate the progress of agricultural drought under varying agroclimatic conditions and its impacts on maize yields. Our study adopted a novel mechanism-based risk assessment approach using a four-variate C-vine copula in the perspective of modelling yield losses. To assess how much maize production can be limited by drought stress, the weekly dynamics of the strength of bivariate linkage of eight compound modes were provided. The return periods of drought-yield losses signatures in the study region were less than 4 years. The highest chances (once every 2.50-2.86 years) of the occurrence of drought-yield losses signature occurred in Romania, Bulgaria, Slovakia, Bosnia and Herzegovina. The availability of soil water is one of the crucial indicators (AWR40) that explain the high degree of yield variability. This is an alarming finding given the expected or increasing year-to-year variability in soil moisture in these regions. The joint cumulative distribution function (FCROP, ESI, AWR40, AWR100) suggests that shorter-term ESI will be most beneficial for maize yield estimation in agricultural districts where crop productivity is primarily impaired by warmer and drier events. This combination of effects can cause short-term compound hot and dry extremes characterized by rapid onset, severe intensity, and devastating impacts on crop production. Droughts between 2015 and 2022 challenged governments across the Danube basin and highlighted the need for intergovernmental interactions and coordination. For the DRB area, user-oriented drought monitoring portals are already providing real-time information about drought occurrences and intensity to practitioners, but drought-yield loss assessments for such predictions for most of the region have been lacking.",global,,,AUT;BGR;BIH;CZE;HRV;HUN;MNE;ROU;SRB;SVK;SVN,,medium,global,,maize,single_crop,high,Copulas modelling of maize yield losses – drought compound events using the multiple remote sensing indices over the Danu,True,,,,,MODEL_ASSISTED_VALIDATION - not human review,False,W4319594319,incorrect,"AUT,BGR,BIH,CZE,HRV,HUN,MNE,ROU,SRB,SVK,SVN",missed_country_should_be_resolved,correct,,Danube River Basin multi-country European study; not global,"{'BGR', 'CZE', 'ROU', 'SRB', 'BIH', 'SVN', 'MNE', 'AUT', 'HUN', 'HRV', 'SVK'}",11,"{'BGR', 'CZE', 'ROU', 'SRB', 'BIH', 'SVN', 'MNE', 'AUT', 'HUN', 'HRV', 'SVK'}",allocation_ok
W4416231946,global|allocated,343,30,11.433333333333334,A Framework for Accurate Food Crop Yield Prediction from Multispectral Imagery and Meteorological Data,"Food insecurity occurs due to the impact of climate change and intense global conditions. Thus, understanding the crop farming plans and monitoring crop yields have become major tasks for decision makers. Previous work has applied remote sensing techniques and empirical methods to predict the yields and analyse the relationships between spectral indices and historical crop yield data. However, a limitation of these studies is that they do not extract the values of spectral indices by crop types, which can cause inaccurate results when investigating the correlations between the yield and the spectral indices. This research develops a yield prediction framework with historical crop maps by unsupervised classification with zero ground truth using Sentinel-2 imagery to retrieve the values of spectral indices of winter barley. The extracted spectral indices, the meteorological and historical yield data in North Norfolk, UK are implemented in 1D Convolutional Neural Network (CNN), Long Short-Term Memory (LSTM) and CNN-LSTM for winter barley yield predictions. LSTM with Soil-Adjusted Vegetation Index (SAVI) has outstanding performance overall and the best result approaches a Mean Square Error (MSE) of 0.21 kg/hectare and a Mean Absolute Error (MAE) of 13.63 kg/hectare. SAVI is the best predictor due to the strong positive correlation with the yield of winter barley. The developed framework with unsupervised crop classification and LSTM-SAVI can be applied on multiple crop types and in different regions using opensource datasets, the historical yields, the spectral indices and the meteorological data. Correlations between these datasets indicate that higher maximum and minimum SAVI and temperature and sun hours at the germination and seedling growth stages increase the yields of winter barley but excess rainfall with higher NDMI at the tillering stage and sun hours at the stem elongation, flowering and grain filling stages lead to a decline in the yields of winter barley.",global,,,GBR,,medium,global,,barley,single_crop,high,"ith zero ground truth using Sentinel-2 imagery to retrieve the values of spectral indices of winter barley. The extracted spectral indices, the meteorological and historical yield data in North Norfol",True,,,,,MODEL_ASSISTED_VALIDATION - not human review,False,W4416231946,incorrect,GBR,missed_country_should_be_resolved,correct,,"Imagery, weather and yield data for North Norfolk, UK",{'GBR'},1,{'GBR'},allocation_ok
W3080526112,global|allocated,343,30,11.433333333333334,Identifying meteorological drivers of extreme impacts: an application to simulated crop yields,"Abstract. Compound weather events may lead to extreme impacts that can affect many aspects of society including agriculture. Identifying the underlying mechanisms that cause extreme impacts, such as crop failure, is of crucial importance to improve their understanding and forecasting. In this study, we investigate whether key meteorological drivers of extreme impacts can be identified using the least absolute shrinkage and selection operator (LASSO) in a model environment, a method that allows for automated variable selection and is able to handle collinearity between variables. As an example of an extreme impact, we investigate crop failure using annual wheat yield as simulated by the Agricultural Production Systems sIMulator (APSIM) crop model driven by 1600 years of daily weather data from a global climate model (EC-Earth) under present-day conditions for the Northern Hemisphere. We then apply LASSO logistic regression to determine which weather conditions during the growing season lead to crop failure. We obtain good model performance in central Europe and the eastern half of the United States, while crop failure years in regions in Asia and the western half of the United States are less accurately predicted. Model performance correlates strongly with annual mean and variability of crop yields; that is, model performance is highest in regions with relatively large annual crop yield mean and variability. Overall, for nearly all grid points, the inclusion of temperature, precipitation and vapour pressure deficit is key to predict crop failure. In addition, meteorological predictors during all seasons are required for a good prediction. These results illustrate the omnipresence of compounding effects of both meteorological drivers and different periods of the growing season for creating crop failure events. Especially vapour pressure deficit and climate extreme indicators such as diurnal temperature range and the number of frost days are selected by the statistical model as relevant predictors for crop failure at most grid points, underlining their overarching relevance. We conclude that the LASSO regression model is a useful tool to automatically detect compound drivers of extreme impacts and could be applied to other weather impacts such as wildfires or floods. As the detected relationships are of purely correlative nature, more detailed analyses are required to establish the causal structure between drivers and impacts.",global,,,USA,,medium,global,,wheat,single_crop,high,"ity between variables. As an example of an extreme impact, we investigate crop failure using annual wheat yield as simulated by the Agricultural Production Systems sIMulator (APSIM) crop model driven",True,,,,,MODEL_ASSISTED_VALIDATION - not human review,False,W3080526112,incorrect,,global_forced_to_country,correct,,Northern Hemisphere simulation; allocation to USA alone is unsupported,{'USA'},1,,scope_label_only
W4408295874,unresolved|allocated,294,30,9.8,"Enhancing green bean crop maturity and yield prediction by harnessing the power of statistical analysis, crop records and weather data","Climate change impacts require us to reexamine crop growth and yield under increasing temperatures and continuing yearly climate variability. Agronomic and agro-meteorological variables were concorded for a large number of plantings of green bean (Phaseolus vulgaris L.) in three growing seasons over several years from semi-tropical Queensland. Using the Queensland government's SILO meteorological database matched to sowing dates and crop phenology, we derived planting specific agro-meteorological variables. Linear and nonlinear statistical models were used to predict duration of vegetative and pod filling periods and fresh yield using agro-meteorological variables including thermal time, radiation and days of high temperature stress. High temperatures over 27.5∘C and 30∘C in the pod fill period were associated with a lower fresh bean yield. Differences between specific bean growing sites were examined using our bespoke open source software to derive agro-meteorological variables. Agronomically informed statistical models using production data were useful in predicting time of harvest. These methods can be applied to other commercial crops when crop phenology dates are collected.",unresolved,,,USA,,low,Climate change impacts require us to reexamine crop growth and yield under increasing temperatures and continuing yearly climate variability.,,beans,single_crop,high,mic and agro-meteorological variables were concorded for a large number of plantings of green bean (Phaseolus vulgaris L.) in three growing seasons over several years from semi-tropical Queensland. Us,True,,,,,MODEL_ASSISTED_VALIDATION - not human review,False,W4408295874,incorrect,AUS,wrong_country,correct,,"Queensland, Australia sites and SILO database; USA allocation unsupported",{'USA'},1,{'AUS'},allocation_wrong
W2115398532,unresolved|allocated,294,30,9.8,Soybean yield estimation by an agrometeorological model in a GIS,"Agrometeorological models interfaced with the Geographic Information System - GIS are an alternative to simulate and quantify the effect of weather spatial and temporal variability on crop yield. The objective of this work was to adapt and interface an agrometeorological model with a GIS to estimate soybean [Glycine max (L.) Merr.] yield. Yield estimates were generated for 144 municipalities in the State of Paraná, Brazil, responsible for 90% of the soybean production in the State, from 1996/1997 to 2000/2001. The model uses agronomical parameters and meteorological data to calculate maximum yield which will be penalized under drought stress. Comparative analyses between the yield estimated by the model and that reported by the Paraná State Department of Agriculture (SEAB) were performed using the ""t"" test for paired observations. For the 1996/1997 year the model overestimated yield by 10.8%, which may be attributed to the occurrence of fungal diseases not considered by the model. For 1997/1998, 1998/1999 and 1999/2000 no differences (P > 0.05) were found between the yield estimated by the model and SEAB's data. For 2000/2001 the model underestimated yield by 10.5% and the cause for this difference needs further investigation. The model interfaced with a GIS is an useful tool to monitor soybean crop during growing season to estimate crop yield.",unresolved,,,BRA,,low,"Yield estimates were generated for 144 municipalities in the State of Paraná, Brazil, responsible for 90% of the soybean production in the State, from 1996/1997 to 2000/2001.",,soybean,single_crop,high,Soybean yield estimation by an agrometeorological model in a GIS . Agrometeorological models interfa,True,,,,,MODEL_ASSISTED_VALIDATION - not human review,False,W2115398532,incorrect,BRA,missed_country_should_be_resolved,correct,,"144 municipalities in Parana State, Brazil named as study area",{'BRA'},1,{'BRA'},allocation_ok
W2896336917,unresolved|allocated,294,30,9.8,"Use of Satellite Remote Sensing for Rice Yield Estimation: A Case Study of Polonnaruwa District, Sri Lanka",International audience,unresolved,,,LKA,,low,"Use of Satellite Remote Sensing for Rice Yield Estimation: A Case Study of Polonnaruwa District, Sri Lanka .",,rice,single_crop,high,"Use of Satellite Remote Sensing for Rice Yield Estimation: A Case Study of Polonnaruwa District, Sri Lanka . International audience",True,,,,,MODEL_ASSISTED_VALIDATION - not human review,False,W2896336917,incorrect,LKA,missed_country_should_be_resolved,correct,,"Title names Polonnaruwa District, Sri Lanka as the case study",{'LKA'},1,{'LKA'},allocation_ok
W4411316600,unresolved|allocated,294,30,9.8,Estimation of Rice Yield at Block Level in Karnal district of Haryana using Remote Sensing Data,"Small area estimation is widely acknowledged as a valuable tool for generating reliable estimates when working with limited sample data. Direct yield estimation methods used in general agricultural surveys are effective at national and state levels but face challenges at smaller scales due to limited sample sizes. Over the past decade, there has been a significant surge in demand for precise micro-level statistics. This demand is particularly noticeable at the district, block, and village levels, driven by their extensive and diverse utilization across both public and private sectors. Employing satellite imagery and crop yield data within the existing sampling framework enables the creation of small area estimates of agricultural production at the micro level. This research focuses on implementing small area estimation techniques at the block level in Karnal district, Haryana, India. To enhance the accuracy of rice crop yield estimates, a stratification process based on vegetation indices has been employed. The use of NDVI-based stratification has yielded promising results in improving the precision of yield estimates. Various estimation methods, including direct, synthetic, and composite estimators, were explored to enhance the accuracy of yield estimation. It was observed that direct estimators were ineffective due to limited sample sizes, while composite estimators emerged as the most effective among all estimation methods. The composite estimator outperforms by balancing the high variability of direct estimators with the potential bias of synthetic estimators. This approach ensures more reliable and robust estimates, particularly when working with limited sample sizes.. KEYWORDS :Composite estimator, NDVI, Sentinel 2, Small area estimation, Synthetic estimator.",unresolved,,,IND,,low,"This research focuses on implementing small area estimation techniques at the block level in Karnal district, Haryana, India.",,rice,single_crop,high,Estimation of Rice Yield at Block Level in Karnal district of Haryana using Remote Sensing Data . Small area estim,True,,,,,MODEL_ASSISTED_VALIDATION - not human review,False,W4411316600,incorrect,IND,missed_country_should_be_resolved,correct,,"Karnal district, Haryana, India named as the study area",{'IND'},1,{'IND'},allocation_ok
W4220660190,unresolved|allocated,294,30,9.8,"The rice yield gap estimation using integrated system approaches: a case study—Guilan province, Iran",,unresolved,,,IRN,,low,"The rice yield gap estimation using integrated system approaches: a case study—Guilan province, Iran .",,rice,single_crop,high,"The rice yield gap estimation using integrated system approaches: a case study—Guilan province, Iran .",True,,,,,MODEL_ASSISTED_VALIDATION - not human review,False,W4220660190,incorrect,IRN,missed_country_should_be_resolved,correct,,"Abstract empty but title names Guilan province, Iran",{'IRN'},1,{'IRN'},allocation_ok
W4416301594,unresolved|allocated,294,30,9.8,"MACHINE LEARNING APPROACH FOR CEREAL YIELD PREDICTION IN KOREA, CHHATTISGARH, INDIA","This study aims to improve crop yield forecasting for maize, wheat, and rice in Korea by combining meteorological trend analysis, correlation assessments, and machine learning. The study uses various machine learning models, including Multiple Linear Regression, Stepwise MLR, LASSO, Elastic Net, Ridge Regression, Random Forest and Artificial Neural Networks, to create forecasting models. The data is analyzed in both weighted and unweighted formats and a 70:30 data split is applied for training and testing. The results aim to enhance prediction accuracy, promote climate-resilient farming and provide data-driven insights for agricultural decisions in Korea",unresolved,,,IND,,low,"MACHINE LEARNING APPROACH FOR CEREAL YIELD PREDICTION IN KOREA, CHHATTISGARH, INDIA .",KOREA(ambiguous: two distinct countries share the name); Korea(ambiguous: two distinct countries share the name); Korea(ambiguous: two distinct countries share the name),maize;rice;wheat,multi_crop,medium,"LD PREDICTION IN KOREA, CHHATTISGARH, INDIA . This study aims to improve crop yield forecasting for maize, wheat, and rice in Korea by combining meteorological trend analysis, correlation assessments,",True,,,,,MODEL_ASSISTED_VALIDATION - not human review,False,W4416301594,incorrect,IND,missed_country_should_be_resolved,correct,,"Korea district, Chhattisgarh, India; not the Republic of Korea",{'IND'},1,{'IND'},allocation_ok
W4406814689,unresolved|allocated,294,30,9.8,Spatial sorghum yield forecasting: Integrating remote sensing data and DSSAT simulation model in Belagavi,"Effective sorghum yield prediction plays a pivotal role in sustainable agricultural planning and food security. This research explores the integration of Sentinel-1A synthetic aperture radar (SAR) data and the Decision Support System for Agrotechnology Transfer (DSSAT) crop simulation model to map sorghum yield spatially in Belagavi district, Karnataka, India. The study processed SAR backscatter to delineate crop areas, achieving an overall classification accuracy of 85.2% with a kappa index of 0.70, demonstrating the utility of SAR for consistent monitoring under diverse weather conditions. Leaf Area Index (LAI) derived from backscatter was integrated with DSSAT outputs to estimate spatial yield, validated against Crop Cutting Experiment (CCE) data. The results showed an agreement of 85.4% between observed and predicted yields, confirming the robustness of this approach for precision agriculture. Future work will aim to refine model parameters and leverage advanced machine learning for enhanced adaptability to climate impacts.",unresolved,,,IND,,low,"This research explores the integration of Sentinel-1A synthetic aperture radar (SAR) data and the Decision Support System for Agrotechnology Transfer (DSSAT) crop simulation model to map sorghum yield spatially in Belagavi district, Karnataka, India.",,sorghum,single_crop,high,Spatial sorghum yield forecasting: Integrating remote sensing data and DSSAT simulation model in Belagavi .,True,,,,,MODEL_ASSISTED_VALIDATION - not human review,False,W4406814689,incorrect,IND,missed_country_should_be_resolved,correct,,"Belagavi district, Karnataka, India named as the study area",{'IND'},1,{'IND'},allocation_ok
W1480454195,unresolved|allocated,294,30,9.8,Türkiye’de tarım yılı kuraklık değerlendirmesi ve bitki gelişim modeli ile buğdayda kuraklık-verim analizi,"Kuraklik, canlilarin yasami uzerinde cok buyuk olumsuz etkileri olan, onemli ekolojik sorunlarin yasanmasina neden olan, meteorolojik karakterli bir afettir. 21. yuzyil'da meydana gelmesi beklenen iklim degisikligi ve kuraklik, gida guvenligini tehdit etmektedir. Bu calismanin amaci, kuraklik izleme ve etkilerini azaltma calismalarinda baslangic asamasinin tamamlanmasina katki saglamaktir. Bu calismalar yardimiyla, gecmiste meydana gelen kuraklik ve olusan zararlar daha iyi analiz edilerek, gelecekte hangi asamada hangi tedbirlerin alinmasi gerektigi konusunda planlamalar yapilabilecektir. Ayrica Birlesmis Milletler Gida ve Tarim Orgutu (FAO) tarafindan gelistirilen AgroMetShell (AMS) modelinin Turkiye'de verim analiz ve tahminleri icin kullanilma olanaklari arastirilmistir. Bu calismada Turkiye geneli icin Standart Yagis Indeksi (SPI) ve Normalin Yuzdesi Indeksi (PNI) yontemleri kullanilarak aylik, mevsimlik ve tarim yili bazinda kuraklik analizleri yapilmistir. SPI ve PNI ile bulunan indeks degerlerinden bugday uretiminde onde gelen 10 il icin aylik, mevsimlik ve tarim yili trend analizleri yapilmistir. Ayrica AMS modeli kullanilarak Su Yeterlilik Indeksi (WSI) uretilmis ve secilen illerde bugday icin verim analizi yapilmistir. Tarim yili bazinda uretilen SPI ile WSI degerlerinin iliskisi incelenmistir. Ayrica WSI degerleri ile farkli periyotlara ait Normallestirilmis Bitki Fark Indeksi (NDVI) arasinda iliski olup olmadigi arastirilmistir. WSI degerleri kullanilarak gelecege donuk senaryolar ve hassasiyet analizi yapilarak bugday veriminde meydana gelmesi muhtemel dususler incelenmistir. SPI yontemine gore kurakligin en fazla yasandigi bolge Guneydogu Anadolu olmus, kuraklik 18 yil tekrar etmis ve % 46.2'lik bir oran yakalamistir. PNI yontemi ile kuraklik analizinde yine kurakligin en fazla yasandigi bolge Guneydogu Anadolu olmus, kuraklik 9 yil tekrar etmis ve % 23.1'lik bir oran yakalamistir. SPI ve PNI degerleri icin yapilan trend analizleri sonucunda Konya'da, her iki yontemde de en fazla ve en yuksek duzeyde oneme sahip trendler tespit edilmistir. Burada % 1, % 5 ve % 10'luk duzeyde onem arz eden negatif yonde (azalan) trendler bulunmustur. Hesaplanan WSI degerlerine tarim yili bazinda baktigimizda en yuksek ortalama degere ulasilan yil 1981-1982 Tarim Yili olup, 10 istasyona ait ortalama deger 97.2 olarak gerceklesmistir. Bu deger iyi duzeyde verimi ifade etmektedir. Analiz periyodunda gorulen en dusuk ortalama deger 1994 yilinda 72.6 olmustur. Bu deger vasat duzeyde bir verimi ifade etmektedir. Illere ait NDVI degerleri ile modelin bu illerdeki istasyonlara ait WSI degerleri arasinda bir iliski olup olmadigi arastirilmis, sonucta anlamli bir iliski tespit edilememistir. Yapilan butun senaryo analizlerinde verimde dusus meydana geldigi gorulmustur. En fazla dusus % 18.2'lik azalma ile sicakligin 2 °C'lik, guneslenme siddetinin % 20'lik artisi ve yagisin % 20'lik azalisi durumunda olusmaktadir. Adana istasyonunda 1987-1988 ve 1988-1989 Tarim Yili'nda SPI ile WSI arasinda dogrusal bir iliski, 1989-1990 ve 1990-1991 Tarim Yili'nda ise negatif bir iliski meydana gelmistir. Analizler sonucunda ulasilan en onemli sonuc, SPI gibi meteorolojik kurakligi ifade eden bir yontemin tarimsal kurakligi izlemede yetersiz kaldigidir. Bu yontemin yaninda WSI gibi tarimsal kurakligi ifade eden bir kuraklik analiz yonteminin de mutlaka kullanilmasi gerekmektedir.Abstract Drought has been characterized as a meteorological natural disaster, which has profound negative effect on the living beings and led to major ecological problems. The expected climate change and drought scenarios in 21 century will have threatened the food security. The aim of this research is to contribute to the completion of studies which helps monitoring of drought and reduction of its effects. By better analyzing the droughts occurred in the past and its damages through these researches, it is possible to do plans about what kind of precaution should be taken at which stage. Furthermore, the possible use of AgroMetShell model, developed by the United Nations Food and Agriculture Organization (FAO), on yield analysis and forecasts in Turkey was investigated. In this study, monthly, seasonal and agricultural year based drought analyses for over all Turkey have been performed by using Standardized Precipitation Index (SPI) and Percent of Normal Index (PNI) methods. Monthly, seasonal and agricultural year based trend analysis of index values obtained from SPI and PNI have been realized for ten cities lead at wheat production. In addition, Water Satisfaction Index (WSI) values were produced by using AMS model and wheat yield forecasts were made for the selected cities. The relationship of SPI and WSI values produced at agricultural year base was obtained. In addition, it was investigated that whether a relationship exists between WSI values and Normalized Difference Vegetation Index (NDVI) belong to different period. Possible decreases in wheat yield were examined by using WSI values for future scenarios and realizing sensitivity analysis. According to SPI method, Southeastern Anatolia was the region which faced with drought at most. Drought was repeated 18 years with a rate of 46.2%. The other drought analyzing method of PNI was also detected that Southeastern Anatolia region was most drought experienced region with a 9-year repetition period and a rate of 23.1%. Trend analyses of the SPI and PNI values show that Konya has the most trends with the highest significant value for both methods. Negative (decreasing) trends significant at 1%, 5% and 10% levels were obtained. In terms of agricultural year base, the highest average value of calculated WSI was obtained for 1981-1982 agricultural year and average value of 10 stations is realized as 97.2 which represents a good yield level. The lowest average value of 72.6 was obtained for 1994. This value represents a moderate yield level. Whether there is a relationship exists between NDVI values of cities and model's WSI values belong to the stations of these cities was investigated and as a result no significant relationship was obtained. It was observed that there was a decrease in yield for all realized scenarios analysis. The highest decrease was observed for the scenario with 2°C and 20% increases in temperature and sun intensity, respectively, and 20% decrease in precipitation. For Adana station, a linear positive correlation between SPI and WSI in the agricultural years of 1987-1988 and 1988-1989 and a negative correlation in the agricultural years of 1989-1990 and 1990-1991 were obtained. The most important result of analysis is that SPI method which express meteorological drought was insufficient for monitoring agricultural drought. In addition to the use of this method, another method which express agricultural drought such as WSI method should also be used.",unresolved,,,TUR,,low,Türkiye’de tarım yılı kuraklık değerlendirmesi ve bitki gelişim modeli ile buğdayda kuraklık-verim analizi .,,wheat,single_crop,high,"trend analysis of index values obtained from SPI and PNI have been realized for ten cities lead at wheat production. In addition, Water Satisfaction Index (WSI) values were produced by using AMS mode",True,,,,,MODEL_ASSISTED_VALIDATION - not human review,False,W1480454195,incorrect,TUR,missed_country_should_be_resolved,correct,,Turkey-wide drought and wheat yield analysis over ten provinces,{'TUR'},1,{'TUR'},allocation_ok
W3014518228,unresolved|allocated,294,30,9.8,Real time estimation of leaf area index and groundnut yield using multispectral UAV,"The use of Unmanned Aerial Vehicles (UAVs) is becoming very common for last few years for monitoring agricultural crops efficiently.Â Low altitude remote sensing (UAV) provides people with high temporal and spatial resolution for non-destructive, accurate and timely estimation of biophysical parameters like Leaf Area Index (LAI), crop growth, plant biomass and final crop yield.Â Collection of the data by UAV helps to reduce errors and it fills the biasness on an observational scale in precision agriculture.Â The main objective of this study was to estimate real time LAI and yield of groundnut crop based on Normalized Difference Vegetation Index (NDVI) using low cost multispectral UAV.Â A field experiment was set up Â with three different groundnut cultivars (V1= BARD-479, V2 = Chakwal-2011 and V3 = Chakwal-2016) with three replications.Â Field data collection regarding LAI was performed in 2019 at two different growth stages (2-3 leaf stage and Peg formation stage) of groundnut on PMAS-Arid Agriculture Research Farm (Knoot), Pakistan.Â Final yield was calculated at the time of crop maturity.Â In this study, low cost UAV platform was established with DJI Phantom 4 pro and Parrot Sequoia Sensor to develop a multispectral UAV system used as the survey platform.Â A Parrot Sequoia camera was mounted on the UAV used as the remote sensor.Â The sensor provided the information in five narrow bands including Red, Blue, Green, Near infrared (NIR) and Red Edge.Â The processing of UAV images was performed in the Python environment and NDVI images were created.Â Then regression model was performed to compare the NDVI data with the LAI and final yield of groundnut crop.Â The results indicated that the highest value of R 2 = 0.93 was found with NDVI and LAI at peg formation stage while value of R 2 = 0.59 was at 2-3 leaf stage.Â The strong and positive relationship was found between LAI and yield ( R 2 = 0.97).Â There was also a strong and positive relationship between NDVI and yield of groundnut with value of R 2 = 0.92.Â The study showed that low cost multispectral UAV can be effectively used for real time estimation of LAI and groundnut yield nondestructively and accurately.Â The study results show that this low cost multispectral UAV platform (DJI Phantom 4 Pro with Parrot Squoia) is robust in management decisions of agriculture such as effective fertilizer application, growth monitoring, and yield estimation accurately and timely based on the vegetation indices.Â This study also proved the low cost multispectral UAV practicability in estimating plant biophysical parameters at a small field experiment scale reliably. Keywords: vegetation indices, UAV, LAI, yield, multispectral camera, NDVI, groundnut, growth stages DOI: Â 10.33440/j.ijpaa.20200301.70 Â Citation: Tahir M N, Lan Y B, Zhang Y L, Wang Y K, Faisal N, Shah M A A, et al. Â Real time estimation of leaf area index and groundnut yield using multispectral UAV. Â Int J Precis Agric Aviat, 2020; 3(1): 1â€""6.",unresolved,,,PAK,,low,"ent growth stages (2-3 leaf stage and Peg formation stage) of groundnut on PMAS-Arid Agriculture Research Farm (Knoot), Pakistan.Â Final yield was calculated at the time of crop maturity.Â In this study, low cost UAV platform was established with D",,groundnut,single_crop,high,Real time estimation of leaf area index and groundnut yield using multispectral UAV . The use of Unmanned Aerial Vehicles (UAVs) is becoming ver,True,,,,,MODEL_ASSISTED_VALIDATION - not human review,False,W3014518228,incorrect,PAK,missed_country_should_be_resolved,correct,,Field experiment at research farm in Pakistan; coded unresolved,{'PAK'},1,{'PAK'},allocation_ok
W2945600159,unresolved|allocated,294,30,9.8,"A Comparison Between Major Artificial Intelligence Models for Crop Yield Prediction: Case Study of the Midwestern United States, 2006–2015","This paper compares different artificial intelligence (AI) models in order to develop the best crop yield prediction model for the Midwestern United States (US). Through experiments to examine the effects of phenology using three different periods, we selected the July-August (JA) database as the best months to predict corn and soybean yields. Six different AI models for crop yield prediction are tested in this research. Then, a comprehensive and objective comparison is conducted between the AI models. Particularly for the deep neural network (DNN) model, we performed an optimization process to ensure the best configurations for the layer structure, cost function, optimizer, activation function, and drop-out ratio. In terms of mean absolute error (MAE), our DNN model with the JA database was approximately 21-33% and 17-22% more accurate for corn and soybean yields, respectively, than the other five AI models. This indicates that corn and soybean yields for a given year can be forecasted in advance, at the beginning of September, approximately a month or more ahead of harvesting time. A combination of the optimized DNN model and spatial statistical methods should be investigated in future work, to mitigate partly clustered errors in some regions.",unresolved,,,USA,,low,"A Comparison Between Major Artificial Intelligence Models for Crop Yield Prediction: Case Study of the Midwestern United States, 2006–2015 .",,maize;soybean,multi_crop,medium,"ng three different periods, we selected the July-August (JA) database as the best months to predict corn and soybean yields. Six different AI models for crop yield prediction are tested in this resear",True,,,,,MODEL_ASSISTED_VALIDATION - not human review,False,W2945600159,incorrect,USA,missed_country_should_be_resolved,correct,,Midwestern United States is the stated study area,{'USA'},1,{'USA'},allocation_ok
W1989851445,unresolved|allocated,294,30,9.8,Predicting Crop Yields with the Agricultural Reference Index for Drought,"Abstract A generic agricultural drought index, called A gricultural R eference I ndex for D rought ( ARID ), was designed recently to quantify water stress for use in predicting crop yield loss from drought. This study evaluated ARID in terms of its ability to predict crop yields. Daily historical weather data and yields of cotton, maize, peanut and soybean were obtained for several locations and years in the south-eastern USA . Daily values of ARID were computed for each location and converted to monthly average values. Using regression analyses of crop yields vs. monthly ARID values during the crop growing season, ARID -yield relationships were developed for each crop. The ability of ARID to predict yield loss from drought was evaluated using the root mean square error ( RMSE ), the Willmott index and the modelling efficiency ( ME ). The ARID -based yield models predicted relative yields with the RMSE values of 0.144, 0.087, 0.089 and 0.142 (kg ha -1 yield per kg ha -1 potential yield); the Willmott index values of 0.70, 0.92, 0.86 and 0.79; and the ME values of 0.33, 0.73, 0.60 and 0.49 for cotton, maize, peanut and soybean, respectively. These values indicated that the ARID -based yield models can predict the yield loss from drought for these crops with reasonable accuracy.",unresolved,,,USA,,low,"Daily historical weather data and yields of cotton, maize, peanut and soybean were obtained for several locations and years in the south-eastern USA .",,cotton;groundnut;maize;soybean,multi_crop,medium,"ed ARID in terms of its ability to predict crop yields. Daily historical weather data and yields of cotton, maize, peanut and soybean were obtained for several locations and years in the south-eastern",True,,,,,MODEL_ASSISTED_VALIDATION - not human review,False,W1989851445,incorrect,USA,missed_country_should_be_resolved,correct,,Weather and yield data from south-eastern USA locations,{'USA'},1,{'USA'},allocation_ok
W7165808889,unresolved|allocated,294,30,9.8,"Forecasting of wheat yield through statistical models for different districts of Himachal Pradesh, India","Aim of study: The objective was to construct weather-based forecasting models that can estimate wheat yield well in advance at pre-harvest stages. Area of study: This study primarily focused on diez wheat-growing areas in Himachal Pradesh, India. Material and methods: The forecast model was developed using long-term data on yield and meteorological parameters spanning from 1990 to 2020. The models were then validated using data from the remaining two years, 2021 and 2022. The yield projection for wheat was derived for ten districts at two growth stages, namely vegetative stage (F1) and pre-harvest stage (F2). The stepwise regression analysis was conducted using a trial and error strategy to determine the optimal combination of predictors that were statistically significant at a 5% level. Multiple regression techniques were employed to fit the model, with the best fit determined by the highest coefficient of determination (R2) value and the lowest percentage error. Main results: The findings indicated that the constructed forecast model successfully accounted for 43 to 93% of the variability in wheat output. The crop yield forecasting models provided accurate projections, with a percentage deviation ranging from 1.2 to 9.8 at the F1 stage and from 0.2 to -9.1 at the F2 stage. These deviations fell within the allowed limit of ±10%. Throughout both years of validation, the observed yield closely matched the anticipated wheat output for all ten districts. Research highlights: The characteristics that had the greatest impact on wheat yield were temperature and relative humidity. The crop forecasting models provided accurate estimates of wheat yield throughout all stages of the forecast for the majority of districts.",unresolved,,,IND,,low,"Forecasting of wheat yield through statistical models for different districts of Himachal Pradesh, India .",,wheat,single_crop,high,"Forecasting of wheat yield through statistical models for different districts of Himachal Pradesh, India . Aim of s",True,,,,,MODEL_ASSISTED_VALIDATION - not human review,False,W7165808889,incorrect,IND,missed_country_should_be_resolved,correct,,"Himachal Pradesh, India districts are the study area",{'IND'},1,{'IND'},allocation_ok
W4404638069,unresolved|allocated,294,30,9.8,Modeling Rice Growth and Yield using Integrated Remote Sensing Data on Google Earth Engine,"Assessing the growth stages, health, and yield of rice is crucial for agriculture, economy, sustainability, and food security. Such assessments provide valuable insights for farmers to optimize agricultural practices, effectively manage pests and diseases, and enhance crop management, leading to improved yields and efficient resource management. This study focuses on paddy fields in Buak Khang sub-district, San Kamphaeng district, Chiang Mai, Thailand, with the objective of developing models to assess rice growth stages, evaluate rice health using the NDVI, and model rice yield using Sentinel-2 MSI and Sentinel-1 SAR (VV and VH polarizations) satellite imagery. The study was conducted during the rainy season of 2023 (June-November). Various parameters were identified to establish correlations and develop models, with field data collected to validate the models. The study yielded three models for rice growth stage assessment, with the best model achieving an R² of 0.67. Monitoring rice health revealed that on September 21, the NDVI values ranged between 0.51 and 0.91, indicating optimal growth conditions and healthy crops. Similarly, three models were developed for yield estimation, with the best model achieving an R² of 0.51. Validation showed that the growth stage model had a Kappa coefficient of 0.80, while the yield estimation model had a RMSE of 0.887 kg/m². These models, demonstrating high accuracy, provide a robust framework for agricultural agencies to develop effective agricultural policies.",unresolved,,,THA,,low,"This study focuses on paddy fields in Buak Khang sub-district, San Kamphaeng district, Chiang Mai, Thailand, with the objective of developing models to assess rice growth stages, evaluate rice health using the NDVI, and model rice yield using Sentinel-2 MSI and Sentinel-1 SAR (VV and VH polarization",,rice,single_crop,high,Modeling Rice Growth and Yield using Integrated Remote Sensing Data on Google Earth Engine . Assessing the gr,True,,,,,MODEL_ASSISTED_VALIDATION - not human review,False,W4404638069,incorrect,THA,missed_country_should_be_resolved,correct,,"Paddy fields in Chiang Mai, Thailand are study area",{'THA'},1,{'THA'},allocation_ok
W7125814690,unresolved|allocated,294,30,9.8,"Estimation of Wheat Yield on a Farm in Najaf/Iraq, using Multi-Temporal Satellite Images Pairs","The present work aims to estimate the yield of wheat crop for a particular wheat farm in Najaf Governorate, southwestern Iraq. To achieve this objective, seven multispectral bands of the Landsat satellite with a spatial resolution of 30×30 square meters were used for two different time periods. The satellite image for the first time represents the high vegetative growth of the wheat crop, and the satellite image for the second time represents the farm after harvest. The RGB coloring model was used as an unsupervised method, which classifies the scene according to its three-component RGB color combination. This model was used to determine the number of classes in a scene. Depending on the number of classes determined by the unsupervised method, a supervised classification using a maximum-likelihood technique was used to perform the classification process for the Multi temporal-spectral images. A mask was created to define the selected area (a wheat farm) and through it, the data was read within the boundaries of the area in which the yield will be calculated. The results show that the rate of wheat production for the study area is equal to 89.27 ton by using spectral bands. It can also be seen that the average percentage error (8.66%) applied with the spectral bands. Keywords: Wheat production, remote sensing, multi-temporal data, crop yield.",unresolved,,,IRQ,,low,"Estimation of Wheat Yield on a Farm in Najaf/Iraq, using Multi-Temporal Satellite Images Pairs .",,wheat,single_crop,high,"Estimation of Wheat Yield on a Farm in Najaf/Iraq, using Multi-Temporal Satellite Images Pairs . The present work",True,,,,,MODEL_ASSISTED_VALIDATION - not human review,False,W7125814690,incorrect,IRQ,missed_country_should_be_resolved,correct,,"Wheat farm in Najaf Governorate, Iraq",{'IRQ'},1,{'IRQ'},allocation_ok
W7117476400,unresolved|allocated,294,30,9.8,In-season estimation of aboveground biomass and yield in winter wheat with a UAV-based LUE model and machine learning,"Timely and accurate in-season estimation of aboveground biomass (AGB) and yield in winter wheat is crucial for optimizing resources and ensuring food security. Light use efficiency (LUE) models have proven effective in estimating crop gross primary productivity and yield across sites and years due to their strong physiological and ecological mechanisms. However, existing studies are limited to satellite applications and have not utilized unmanned aerial vehicle (UAV) imagery. This study proposed a practical framework for accurate in-season estimation of AGB and yield in winter wheat from UAV imagery by combining a LUE model and machine learning (LUE-ML) across five plot experiments. Subsequently, the scalability of the LUE-ML yield prediction approach was assessed in farmer's fields from five counties of Jiangsu Province, China. The results demonstrated that while the AGB for the heading stage was estimated by combining the retrieved LAI and 20-day accumulated meteorological features, the AGB during the post-heading period could be estimated accurately using the stage-skipping or stage-progressive strategy, with the latter ( R val 2 = 0.93) outperforming the former ( R val 2 = 0.84). The combination of one spectral index, LUE-derived AGB, and three 20-day accumulated relative meteorological features (Comb. #6) performed the best ( R cal 2 = 0.89; R val 2 ≥ 0.79) for yield prediction among all combinations. When extended to farmer-field yield prediction across the province, Comb. #6 also achieved acceptable performance. This study suggests the use of LUE-ML models represents a significant step forward towards mechanistic estimation of AGB and yield for cereal crops from UAV imagery.",unresolved,,,CHN,,low,"Subsequently, the scalability of the LUE-ML yield prediction approach was assessed in farmer's fields from five counties of Jiangsu Province, China.",,wheat,single_crop,high,In-season estimation of aboveground biomass and yield in winter wheat with a UAV-based LUE model and machine learning . Timely and accurate in-season estimat,True,,,,,MODEL_ASSISTED_VALIDATION - not human review,False,W7117476400,incorrect,CHN,missed_country_should_be_resolved,correct,,"Plot experiments and farmer fields in Jiangsu Province, China",{'CHN'},1,{'CHN'},allocation_ok
W2270888577,unresolved|allocated,294,30,9.8,"Statistical assessment of maize leaf nutrient and yield relationships in rural agriculture in the Mbizana area, Eastern Cape province, South Africa","A medium-term study was conducted under dry land to develop regression models to predict maize yield from leaf analyses for cost-effective fertiliser recommendations. Treatments consisted of lime, organic and inorganic fertiliser applications in a randomised complete block design with three replicates. Measurements consisted of leaf and topsoil sampling, harvesting, as well as chemical and statistical analyses. Linear regression analyses of pooled leaf macronutrient data over four growing seasons indicated highly significant relationships. Linear regressions of leaf macro- vs micronutrients generally revealed inverse relationships. Highly significant synergistic interactions were observed for leaf micronutrients. Cluster analysis of maize grain yields produced four distinct groups. Multiple regression models for the clusters explained 24-90% of the yield variation. Certain leaf macro- and micronutrients appeared in more than one cluster model. Multiple regression analyses on the yield clusters indicate that it would be worthwhile to cluster large yield data sets. The regression model for the entire data set contains the variables P, Zn, Cu and Fe, accounting for 68% of yield variation. These findings may contribute to a reduction in leaf analysis costs and enable cost-effective fertiliser recommendations. It is recommended that similar regression studies be performed on maize leaf and yield data from contrasting agro-ecological zones.",unresolved,,,ZAF,,low,"Statistical assessment of maize leaf nutrient and yield relationships in rural agriculture in the Mbizana area, Eastern Cape province, South Africa .",,maize,single_crop,high,"Statistical assessment of maize leaf nutrient and yield relationships in rural agriculture in the Mbizana area, Eastern Cape p",True,,,,,MODEL_ASSISTED_VALIDATION - not human review,False,W2270888577,incorrect,ZAF,missed_country_should_be_resolved,correct,,"Mbizana, Eastern Cape, South Africa field trial",{'ZAF'},1,{'ZAF'},allocation_ok
W7166433837,unresolved|allocated,294,30,9.8,"Rethinking water governance through indigenous systems: A comparative assessment of qanat and well irrigation productivity in Sabzevar County, Iran","This study investigates the relationship between water governance and agricultural water productivity in two irrigation systems, qanat and well-based farming, in Sabzevar County, Iran. The study is based on cross-sectional field survey data collected from 202 farmers using a structured questionnaire grounded in internationally recognized water governance frameworks. A multistage random sampling approach was applied. Water governance was operationalized as a multidimensional index consisting of eight components. Physical water productivity (crop yield per cubic meter of water, kg·m⁻³) and economic water productivity (net economic return per cubic meter of water, IRR·m⁻³) were calculated for three major crops (wheat, barley, and cotton). Descriptive statistics, Spearman correlation analysis, Mann-Whitney U tests, and multiple linear regression models were employed for data analysis. The results show that overall water governance is at a moderate level, with relatively higher performance in consensus-building and responsibility, and lower performance in accountability, transparency, and equity-related dimensions. Water productivity was significantly higher in qanat-based systems compared to well-based systems for both physical and economic indicators, with larger differences observed in economic productivity. Correlation analysis indicates a positive association between water governance and water productivity, stronger for economic productivity (r = 0.258, p < 0.01) than for physical productivity (r = 0.162, p < 0.05). Regression results further confirm that governance is positively associated with economic water productivity after controlling for socio-economic and farm-level variables. The findings highlight the importance of strengthening formal water governance institutions, particularly in accountability, transparency, and equity, while leveraging existing social capital and traditional irrigation systems. Rehabilitation and sustainable management of qanat systems are suggested as complementary strategies for improving agricultural water efficiency and reducing pressure on groundwater resources. This study contributes to the literature by providing comparative empirical evidence on governance-productivity linkages in traditional and modern irrigation systems in arid regions.",unresolved,,,IRN,,low,"Rethinking water governance through indigenous systems: A comparative assessment of qanat and well irrigation productivity in Sabzevar County, Iran .",,barley;cotton;wheat,multi_crop,medium,"et economic return per cubic meter of water, IRR·m⁻³) were calculated for three major crops (wheat, barley, and cotton). Descriptive statistics, Spearman correlation analysis, Mann-Whitney U tests, an",True,,,,,MODEL_ASSISTED_VALIDATION - not human review,False,W7166433837,incorrect,IRN,missed_country_should_be_resolved,correct,,"Farmer survey in Sabzevar County, Iran",{'IRN'},1,{'IRN'},allocation_ok
W4297435899,unresolved|allocated,294,30,9.8,High-Resolution Satellite Imagery for Modeling the Impact of Aridification on Crop Production,"The availability of well-curated datasets has driven the success of Machine Learning (ML) models. Despite the increased access to earth observation data for agriculture, there is a scarcity of curated, labelled datasets, which limits the potential of its use in training ML models for remote sensing (RS) in agriculture. To this end, we introduce a first-of-its-kind dataset, SICKLE, having time-series images at different spatial resolutions from 3 different satellites, annotated with multiple key cropping parameters for paddy cultivation for the Cauvery Delta region in Tamil Nadu, India. The dataset comprises of 2,398 season-wise samples from 388 unique plots distributed across 4 districts of the Delta. The dataset covers multi-spectral, thermal and microwave data between the time period January 2018-March 2021. The paddy samples are annotated with 4 key cropping parameters, i.e. sowing date, transplanting date, harvesting date and crop yield. This is one of the first studies to consider the growing season (using sowing and harvesting dates) as part of a dataset. We also propose a yield prediction strategy that uses time-series data generated based on the observed growing season and the standard seasonal information obtained from Tamil Nadu Agricultural University for the region. The consequent performance improvement highlights the impact of ML techniques that leverage domain knowledge that are consistent with standard practices followed by farmers in a specific region. We benchmark the dataset on 3 separate tasks, namely crop type, phenology date (sowing, transplanting, harvesting) and yield prediction, and develop an end-to-end framework for predicting key crop parameters in a real-world setting.",unresolved,,,IND,,low,"To this end, we introduce a first-of-its-kind dataset, SICKLE, having time-series images at different spatial resolutions from 3 different satellites, annotated with multiple key cropping parameters for paddy cultivation for the Cauvery Delta region in Tamil Nadu, India.",,rice,single_crop,high,"ers multi-spectral, thermal and microwave data between the time period January 2018-March 2021. The paddy samples are annotated with 4 key cropping parameters, i.e. sowing date, transplanting date, ha",True,,,,,MODEL_ASSISTED_VALIDATION - not human review,False,W4297435899,incorrect,IND,missed_country_should_be_resolved,correct,,"Cauvery Delta, Tamil Nadu, India dataset",{'IND'},1,{'IND'},allocation_ok
W3206466112,unresolved|allocated,294,30,9.8,"Enviromics, nonlinear kernels and optimized training sets for a climate-smart genomic prediction of yield plasticity in maize","\n Large-scale envirotyping (environmental + typing) or simply enviromics, is an emerging field of data science, applied both in agronomic research and plant breeding. This \\""omics\\"" consists of gathering and processing reliable environmental information, respecting the crop-specific ecophysiology aspects, then for further integration of this data into quantitative genetics and prediction-based breeding. However, most of the current prediction-based platforms are based on genotype-phenotype relationships (i.e., the phenotype-genotype association enabled by whole-genome markers), in which the state-of-art of this approach in the context of predictive breeding is so-called genomic selection or prediction (GP). Despite the success of its use in preliminary breeding stages, mostly conducted under restricted environmental variations (e.g., few number of environments or a single environment), the occurrence of low accuracy values are still a reality under multiple environmental conditions, in which is detected the presence of the so-called \\""genotype by environment interaction\\"" (G×E). On the other hand, knowledge of crop ecophysiology can be the alternative to boost the accuracy of GP under G×E. This environmental variation shapes genotype-specific phenotypic responses to a given gradient of soil, climate and management factors i.e., the reaction norm. In this thesis, we conducted three studies aimed to investigate the use of GP enviromics under G×E scenarios, using for this the grain yield of two datasets of tropical maize hybrids. The first study of this thesis involves the development of the first open-source software dedicated to envirotyping in genomic prediction. In this study, we elucidate the use of remote sensing to popularize the use of envirotyping, as well as aspects of ecophysiology useful to understand and define the concepts of \\'environment\\', \\'enviromics\\' and \\'envirotyping\\'. In the second chapter, we verify the accuracy gains acquired by the adoption of non-linear kernels (Gaussian Kernel, GK; Deep Kernel, DK) for modeling non-additive effects (e.g., dominance and envirotyping-enabled reaction-norms) using the traditional GBLUP (genomic best linear unbiased predictor) as a reference method. Our results suggest that non-linear kernels (GK and DK) are the best alternative to model non-additive and reaction norm effects. The adoption of GK or DK reduced the computational time in running the models, as well as increased the accuracy to predict complex G×E interactions (variations in the rank of genotypes across environments). Finally, we observe that the use of GK or DK for modeling non-additive effects is critical to expand GP\\'s resolve to predict the interaction of a particular maize hybrid across multiple environments. Finally, in the third chapter we propose the concept of \\'envirotype marker\\', developed by reconciling classical concepts of ecophysiology (Shelford\\'s Law) and characterization of the environmental typology (i.e., frequency of occurrence of qualitative classes of environmental factors over time and over time. space). The approach was exemplified with two case studies covering the hypothetical use of GP under evaluation trials in maize hybrids in different environments. The combined use of enviromics and genomics made it possible to design a prediction platform (called E-GP) that reconciles selective phenotyping (reduction of training populations for GP) and prediction of future scenarios (i.e., unknown G×E). We observed that the increase in phenotypic information in various environments does not always correspond to the increase in the accuracy of GP. Therefore, the representativeness of each hybrid under evaluation at the experimental network (most representative genotypes, evaluated in \\""key\\"" environments) is more important than the number of genotypes and environments considered for training GP. Through E-GP together with genetic algorithms, we were able to select the most representative G×E combinations, which directly reflected in a drastic reduction in the size of the experimental network, reconciling increased accuracy. Finally, we found that GBLUP without any envirotyping information is inefficient in predicting the phenotypic plasticity of maize hybrids under multiple environments and unknown G×E. With E-GP it was possible to screen the best hybrids, in terms of phenotypic plasticity, using reduced phenotypic information and supplemented by the wide use of genomics and enviromics. Such results allow us to envision smart approaches to climate, involving the drastic reduction of field-testing efforts as the conscious use of enviromics (and envirotyping) combined with genomics increases.\n",unresolved,,,USA,,low,"Such results allow us to envision smart approaches to climate, involving the drastic reduction of field-testing efforts as the conscious use of enviromics (and envirotyping) combined with genomics increases.\n",,maize,single_crop,high,"r kernels and optimized training sets for a climate-smart genomic prediction of yield plasticity in maize . \n Large-scale envirotyping (environmental + typing) or simply enviromics, is an emerging fi",True,,,,,MODEL_ASSISTED_VALIDATION - not human review,False,W3206466112,correct,,,correct,,,{'USA'},1,,allocation_ok
W2023758251,unresolved|allocated,294,30,9.8,Estimating Sugarcane Yield Potential Using an In-Season Determination of Normalized Difference Vegetative Index,"Estimating crop yield using remote sensing techniques has proven to be successful. However, sugarcane possesses unique characteristics; such as, a multi-year cropping cycle and plant height-limiting for midseason fertilizer application timing. Our study objective was to determine if sugarcane yield potential could be estimated using an in-season estimation of normalized difference vegetative index (NDVI). Sensor readings were taken using the GreenSeeker® handheld sensor from 2008 to 2011 in St. Gabriel and Jeanerette, LA, USA. In-season estimates of yield (INSEY) values were calculated by dividing NDVI by thermal variables. Optimum timing for estimating sugarcane yield was between 601-750 GDD. In-season estimated yield values improved the yield potential (YP) model compared to using NDVI. Generally, INSEY value showed a positive exponential relationship with yield (r(2) values 0.48 and 0.42 for cane tonnage and sugar yield, respectively). When models were separated based on canopy structure there was an increase the strength of the relationship for the erectophile varieties (r(2) 0.53 and 0.47 for cane tonnage and sugar yield, respectively); however, the model for planophile varieties weakened slightly. Results of this study indicate using an INSEY value for predicting sugarcane yield shows potential of being a valuable management tool for sugarcane producers in Louisiana.",unresolved,,,USA,,low,"Gabriel and Jeanerette, LA, USA.",,sugarcane,single_crop,high,Estimating Sugarcane Yield Potential Using an In-Season Determination of Normalized Difference Vegetative Index,True,,,,,MODEL_ASSISTED_VALIDATION - not human review,False,W2023758251,incorrect,USA,missed_country_should_be_resolved,correct,,"Sensor readings at St. Gabriel and Jeanerette, Louisiana, USA",{'USA'},1,{'USA'},allocation_ok
W2058709694,unresolved|allocated,294,30,9.8,Large‐Area Maize Yield Forecasting Using Leaf Area Index Based Yield Model,"Large-area yield prediction early in the growing season is important in agricultural decision-making. This study derived maize ( Zea mays L.) leaf area index (LAI) estimates from spectral data and used these estimates with a simple LAI-based yield model to forecast yield under irrigated conditions in large areas in Sinaloa, Mexico. Leaf area index was derived from satellite data with the use of an equation developed with LAI measurements from farmers' fields during the 2001-2002 autumn-winter growing season. These measurements were correlated with the normalized difference vegetation index values from 2002 Landsat ETM+ (enhanced thematic mapper) data. The equation was then tested with 2003 Landsat imagery data. A yield model was validated with maximum LAI and yield data measured in farmers' fields in northern and central Sinaloa during three consecutive autumn-winter growing seasons (1999-2000, 2000-2001, and 2001-2002). The yield model was further validated with 2002-2003 autumn-winter ground LAI (gLAI) and satellite-derived LAI (sLAI) data from 71 farmers' fields in northern and central Sinaloa. Grain yield was predicted with a mean error of -9.2% with maximum gLAI and -11.2% with sLAI. Results indicate that the yield model using LAI can forecast yield in large areas in Sinaloa in the middle of the growing season with a mean absolute error of -1.2 Mg ha -1 . The use of sLAI in place of ground measurements increased the mean absolute error by 0.3 Mg ha -1 . Nevertheless, the use of sLAI would eliminate laborious LAI measurements for large-area yield prediction in Sinaloa.",unresolved,,,MEX,,low,"This study derived maize ( Zea mays L.) leaf area index (LAI) estimates from spectral data and used these estimates with a simple LAI-based yield model to forecast yield under irrigated conditions in large areas in Sinaloa, Mexico.",,maize,single_crop,high,Large‐Area Maize Yield Forecasting Using Leaf Area Index Based Yield Model . Large-area yield prediction early,True,,,,,MODEL_ASSISTED_VALIDATION - not human review,False,W2058709694,incorrect,MEX,missed_country_should_be_resolved,correct,,"Farmers' fields in Sinaloa, Mexico",{'MEX'},1,{'MEX'},allocation_ok
W4414623252,unresolved|allocated,294,30,9.8,"Weather based wheat yield prediction model for the state of Himachal Pradesh, India","Yield forecast models of wheat for different districts of state have been prepared using long term crop yield data as well as weather data from 48th week to 11th standard meteorological week for respective districts. The data from the period of (1990-2020) has been used in developing the forecast model and the remaining two years data from (2021-2022) has been used for the validation of the models. Model performance was evaluated by calculating the different statistical parameters viz. Standard Error (SE), Correlation Coefficient and Root Mean Square Error (RMSE). According to R2 value the performance of the model in predicting yields at district level was quite satisfactory for all the districts. The percentage deviation between the observed and simulated yield ranged between acceptable limit i.e. ±10%. The model is simple and can be used for predicting the wheat yield at district, agro climatic zone and state level. Bangladesh J. Bot. 54(3): 587-592, 2025 (September)",unresolved,,,BGD;IND,,low,"Weather based wheat yield prediction model for the state of Himachal Pradesh, India .",,wheat,single_crop,high,"Weather based wheat yield prediction model for the state of Himachal Pradesh, India . Yield forecast models of whe",True,,,,,MODEL_ASSISTED_VALIDATION - not human review,False,W4414623252,incorrect,IND,missed_country_should_be_resolved,correct,,"Title names Himachal Pradesh, India; BGD cue is journal name","{'BGD', 'IND'}",2,{'IND'},allocation_partial
W1946042141,unresolved|allocated,294,30,9.8,"Research on yield estimation of rice based on remote sensing using moderate-resolution imaging spectroradiometer(MODIS) data: a case study of Jiangsu Province, China.","Based on the unique characteristic of high soil moisture in the flooding and transplanting period of rice, rice pixels in Jiangsu Province, China were extracted by vegetation index algorithm. The unique characteristic could be reflected by relationship between different vegetation indexes derived from MODIS09 data. Then, the relationship between statistical yield data and vegetation index of rice extracted previously in 2004-2006 was analyzed. Finally, rice yield in 2007 was predicted. The results showed that the method based on MODIS data can estimate yield effectively. The accuracy of predicted yield of each city in 2007 was about 95% and the relative error was 0.38% at the provincial level.",unresolved,,,CHN,,low,"Research on yield estimation of rice based on remote sensing using moderate-resolution imaging spectroradiometer(MODIS) data: a case study of Jiangsu Province, China. .",,rice,single_crop,high,Research on yield estimation of rice based on remote sensing using moderate-resolution imaging spectroradiometer(MODIS) data: a case,True,,,,,MODEL_ASSISTED_VALIDATION - not human review,False,W1946042141,incorrect,CHN,missed_country_should_be_resolved,correct,,"Jiangsu Province, China rice pixels and yield statistics",{'CHN'},1,{'CHN'},allocation_ok
W4415402724,unresolved|allocated,294,30,9.8,"Assessing NDVI, Climate, and Management to Predict Winter Wheat Yields at Field Scale in Kansas, USA","Accurate crop yield prediction is challenging in environmentally diverse areas. This study evaluated the potential of different satellite sensors to predict winter wheat grain yield at the field level in Kansas, the U.S.'s leading winter wheat producer. Using Landsat NDVI data from late February to June, a linear regression model was able to reduce the standard deviation of predicted yields by over 20% (with a normalized root mean square error (nRMSE) of 80%). The NDVI during the anthesis and grain fill stages was essential for precise yield estimation. A subregional approach that incorporated weather and management data improved results, accounting for 51%, 63%, and 68% of the nRMSE in W, SC, and NC. Results indicate that NDVI-based yield models at the field scale are environmentally dependent, particularly in south-central and western Kansas, areas prone to heat stress and water deficit, respectively. Our findings showed the benefits of an environmental subregional model integrating remote sensing and field-specific weather and management data to improve yield prediction accuracy, particularly in large, environmentally diverse regions.",unresolved,,,USA,,low,"Assessing NDVI, Climate, and Management to Predict Winter Wheat Yields at Field Scale in Kansas, USA .",,wheat,single_crop,high,"Assessing NDVI, Climate, and Management to Predict Winter Wheat Yields at Field Scale in Kansas, USA . Accurate crop yield prediction is challenging in",True,,,,,MODEL_ASSISTED_VALIDATION - not human review,False,W4415402724,incorrect,USA,missed_country_should_be_resolved,correct,,"Field-scale winter wheat in Kansas, USA",{'USA'},1,{'USA'},allocation_ok
W4200170688,unresolved|allocated,294,30,9.8,"Improving wheat yield estimates using data augmentation models and remotely sensed biophysical indices within deep neural networks in the Guanzhong Plain, PR China","Crop yield estimation and prediction constitutes a key issue in agricultural management, particularly under the context of demographic pressure and climate change. Currently, the main challenge in estimating crop yields based on remotely sensed data and data-driven methods is how to cope with small datasets and the limited amount of annotated samples. In order to cope with small datasets and the limited amount of annotated samples and improve the accuracy of winter wheat yield estimation in the Guanzhong Plain, PR China, this study proposed a method of combining generative adversarial networks (GANs) and convolutional neural network (CNN) for comprehensive growth monitoring of winter wheat, in which the remotely sensed leaf area index (LAI), vegetation temperature condition index (VTCI) and meteorological data at four growth stages of winter wheat during 2012-2017 were generated as the inputs of multi-layer convolutional neural networks (CNNs), and GAN was employed to artificially increase the number of training samples. Then, a linear regression model between the simulated comprehensive growth monitoring (I) and the measured yields was established to estimate yields of winter wheat in the Guanzhong Plain pixel by pixel. The final results showed when GAN was used to double the size of the training samples, and the simulation values obtained by CNN based on augmented samples using GAN provided a better training (R2 = 0.95, RMSE = 0.05), validation (R2 = 0.54, RMSE = 0.16) and testing (R2 = 0.50, RMSE = 0.14) performance than that just using the original samples. The achieved best pixel-scale yield estimation accuracy of winter wheat (R2 = 0.50, RMSE = 591.46 kg/ha) in the Guanzhong Plain. These results showed that small samples can be enlarged by GAN, thus, more important features for reflecting the growth conditions and yields of winter wheat from the remotely sensed indices and meteorological indices can be extracted, and indicated that CNN accompanied with GAN could contribute a lot to the comprehensive growth monitoring and yield estimation of winter wheat and data augmentation methods are extremely useful for the application of small samples in deep learning.",unresolved,,,CHN,,low,"Improving wheat yield estimates using data augmentation models and remotely sensed biophysical indices within deep neural networks in the Guanzhong Plain, PR China .",,wheat,single_crop,high,Improving wheat yield estimates using data augmentation models and remotely sensed biophysical indices within,True,,,,,MODEL_ASSISTED_VALIDATION - not human review,False,W4200170688,incorrect,CHN,missed_country_should_be_resolved,correct,,"Guanzhong Plain, PR China winter wheat estimation",{'CHN'},1,{'CHN'},allocation_ok
W3201207117,unresolved|allocated,294,30,9.8,Forecasting the winter wheat yield based on the vegetation index NDVI dynamic model,"Abstract The proposed vegetation index NDVI dynamic model allows us to move from describing the plants' development and growth phenomenological way to model ideas about the vegetation process as a whole. The biological research previously obtained experimental material is linked within a mathematical model framework with the vegetation indices values calculated from satellite images. This makes it possible to quantitatively evaluate the plant development characteristics and indicators in the crops observations framework carried out using spacecraft. This work main task is to explicate the mathematical model main provisions, which allows combining these two viewpoints obtained in different ways: experimentally and through visual analysis. This approach allows explaining how the processes occurring in plants are displayed in a data mathematical model obtained from space. In this paper, we consider an approach based solely on a dynamic model parameter for the current field season and an introduced new integral characteristic that depends on the vegetation index NDVI current values. This approach advantage to yield forecasting is that the forecast is made on the data basis coming from the spacecraft, i.e. is operational. At the same time, the forecast is based on a dynamic model that takes into account the agricultural plants physiological characteristics, in particular, winter wheat.",unresolved,,,USA,,low,Abstract The proposed vegetation index NDVI dynamic model allows us to move from describing the plants' development and growth phenomenological way to model ideas about the vegetation process as a whole.,,wheat,single_crop,high,Forecasting the winter wheat yield based on the vegetation index NDVI dynamic model . Abstract The proposed vegetati,True,,,,,MODEL_ASSISTED_VALIDATION - not human review,False,W3201207117,correct,,,correct,,,{'USA'},1,,allocation_ok
W3209013515,unresolved|allocated,294,30,9.8,"EBLUP Estimate of Crop Yield at Sub-district Level in Hisar District, Haryana, India using MODIS/terra Data","The present study was carried out to develop improved crop yield estimates for rice and wheat crops through the Empirical Best Linear Unbiased Prediction (EBLUP) procedure via the Fay-Herriot area level model at sub-district level in Hisar district. Villagewise crop cutting data and auxiliary remote sensing data (satellite imaginaries) derived from the MODIS Vegetation Indices (MOD13Q1) version 6 were used for model construction. It is noteworthy that the coefficient of variation of the developed EBLUP estimates was below 10% for almost all sub-districts. The study revealed a significant enhancement in the efficiency of the yield estimator in comparison to the direct estimator, which recommended that with the use of remote sensing data together with crop cutting experiment data, crop yield estimates can be obtained on a smaller scale than the district using existing crop cutting experiments in the district.",unresolved,,,IND,,low,"EBLUP Estimate of Crop Yield at Sub-district Level in Hisar District, Haryana, India using MODIS/terra Data .",,rice;wheat,multi_crop,medium,g MODIS/terra Data . The present study was carried out to develop improved crop yield estimates for rice and wheat crops through the Empirical Best Linear Unbiased Prediction (EBLUP) procedure via the,True,,,,,MODEL_ASSISTED_VALIDATION - not human review,False,W3209013515,incorrect,IND,missed_country_should_be_resolved,correct,,"Hisar district, Haryana, India crop cutting data",{'IND'},1,{'IND'},allocation_ok
W7126169709,unresolved|allocated,294,30,9.8,"Statistical assessment and trend analysis of major crop yields in Tamil Nadu: A multi-metric evaluation using descriptive statistics, CAGR and ANOVA","This study analyses long-term yield trends of major crops in Tamil Nadu from 1965-66 to 2023-24 using descriptive statistics, compound annual growth rate (CAGR), Analysis of Variance (ANOVA) and linear regression. The analysis revealed notable inter-crop yield inequalities, with maize and groundnut exhibiting the greatest productivity increase. Meanwhile, pulses and minor millets continued to underperform. ANOVA validated the existence of significant yield disparities between the crops, emphasising the need for differentiated policy interventions. The trends also revealed consistent increases in groundnut and paddy, though maize exhibited more volatile yields. The results suggest some crops need more concentrated efforts, while some need to be neglected to optimise productivity and climate-resilient approaches need to be implemented. This study, in addition to advanced seamless frameworks for yield assessments, also provided India and other developing countries with a planning model for evidence-based agricultural strategies.",unresolved,,,IND,,low,"This study, in addition to advanced seamless frameworks for yield assessments, also provided India and other developing countries with a planning model for evidence-based agricultural strategies.",,groundnut;maize;pulses;rice,multi_crop,medium,"and linear regression. The analysis revealed notable inter-crop yield inequalities, with maize and groundnut exhibiting the greatest productivity increase. Meanwhile, pulses and minor millets continu",True,,,,,MODEL_ASSISTED_VALIDATION - not human review,False,W7126169709,incorrect,IND,missed_country_should_be_resolved,incorrect,groundnut;maize;pulses;rice;millet,"Tamil Nadu, India yield series; minor millets omitted from crops",{'IND'},1,{'IND'},allocation_ok
W7133225567,unresolved|allocated,294,30,9.8,Stacked ensemble machine learning for phenological wheat yield prediction from UAV-RGB and multispectral satellite data,"Highly accurate monitoring of crop growth and yield prediction is essential for farm-level field management and ensuring food security. High resolution satellite and unmanned aerial vehicle (UAV) imaging systems offer timely and cost-effective methods of agroecosystem monitoring under changing climatic conditions. In this context, this study aimed to monitor farm-level wheat phenological growth and yield prediction by integrating UAV-RGB and satellite-based multispectral (Sentinel-2) time series data in a stacked machine learning framework. Six UAV flights were conducted following the wheat crop growth calendar at an altitude of 50 m on a 25-acre experimental site in the Bahawalpur District, Pakistan. The UAV-based Visible Atmospheric Resistance Vegetation Index (VARI) was computed from each Ortho mosaic image presenting a specific stage of crop growth. In parallel, five satellite-based vegetation indices, namely the Normalized Difference Vegetation Index (NDVI), Normalized Difference Red Edge Index (NDRE), modified soil-adjusted vegetation index (MSAVI), Normalized Difference Moisture Index (NDMI), and Red Edge Chlorophyll Index (RECI), were also computed from Sentinel-2. All vegetation indices were used as inputs into three separate stacked machine learning frameworks to predict wheat yield across 22 acres, independently at the vegetative (Vg), reproductive (Rp), and maturity (Mt) stages of crop growth. The results revealed that the ensemble of four base models showed R 2 = 0.70, RMSE = 2.44 at the Vg stage, R 2 = 0.79, RMSE = 2.05 at the Rp stage, and R 2 = 0.75, RMSE = 2.20 at the Mt stage. The GBR meta-learner improved the prediction performance at all stages compared to the ensemble, with the highest R 2 = 0.83 and lowest RMSE = 1.78 achieved at the Mt stage. It was followed by R 2 = 0.79, RMSE = 2.02 and 2.03 at Rp and Vg stages. Furthermore, the SHAP kernel explainer showed that MSAVI, VARI and NDRE contributed significantly to yield predictions. These findings underscore the significance of integrating UAV-RGB and high-resolution multispectral data for accurate and timely wheat yield predictions across 22 plots in a single season. It reflects the effectiveness of proposed stacked machine learning framework supporting stakeholders in making sustainable decisions in limited agricultural settings. • UAV-RGB integrated with multispectral Sentinel-2 indices provided accurate identification of wheat growth stages. • Among the base models, Random Forest achieved highest prediction accuracy in reproductive stage. • Meta learner GBR outperformed base models and ensemble models at maturity and reproductive stage. • Reproductive and Maturity stages are the most suitable periods for accurate yield modeling.",unresolved,,,PAK,,low,"Six UAV flights were conducted following the wheat crop growth calendar at an altitude of 50 m on a 25-acre experimental site in the Bahawalpur District, Pakistan.",,wheat,single_crop,high,Stacked ensemble machine learning for phenological wheat yield prediction from UAV-RGB and multispectral satellite data . Highly accurate monitoring of,True,,,,,MODEL_ASSISTED_VALIDATION - not human review,False,W7133225567,incorrect,PAK,missed_country_should_be_resolved,correct,,"UAV flights over site in Bahawalpur District, Pakistan",{'PAK'},1,{'PAK'},allocation_ok
W4312559873,unresolved|allocated,294,30,9.8,A Preliminary Study of Paddy Rice Yield Estimation Using Full Polarimetric Air-Borne X-Band SAR Data,"This study aimed to estimate the paddy rice yield using full polarimetric air-borne X-band synthetic aperture radar (SAR) data. We analyzed X-band Pi-SAR2 data of the early maturing stage of rice crops from Osaki City, Miyagi Prefecture, Japan, which were acquired at two different incidence angles, 32° and 53°. Four-component decomposition and eigenvalue-eigenvector decomposition were applied for the data, and full polarimetric parameters were extracted. The correlation of backscattering coefficient values and the full polarimetric parameters with the paddy rice yield were examined. The contribution of volume and surface scattering and scattering entropy computed from the data obtained at incidence angle of 53° were correlated with the paddy rice yield. These parameters were sensitive to panicle biomass and hence can be possible for estimating paddy rice yield.",unresolved,,,JPN,,low,"We analyzed X-band Pi-SAR2 data of the early maturing stage of rice crops from Osaki City, Miyagi Prefecture, Japan, which were acquired at two different incidence angles, 32° and 53°.",,rice,single_crop,high,A Preliminary Study of Paddy Rice Yield Estimation Using Full Polarimetric Air-Borne X-Band SAR Data . This study aimed to,True,,,,,MODEL_ASSISTED_VALIDATION - not human review,False,W4312559873,incorrect,JPN,missed_country_should_be_resolved,correct,,"Pi-SAR2 data over Osaki City, Miyagi, Japan",{'JPN'},1,{'JPN'},allocation_ok
