panel,iso3,crop_standard_name,n_studies_fractional,area_ha_mean,research_share_pct,area_share_pct
country-crop system,AFG,barley,0.0,71308.2,0.0,0.005877178313415836
country-crop system,AFG,beans,0.0,19054.333333333332,0.0,0.0015704465214836883
country-crop system,AFG,cotton,0.0,51477.0,0.0,0.004242702915509114
country-crop system,AFG,maize,0.0,117184.2,0.0,0.00965825022809416
country-crop system,AFG,millet,0.0,1260.0,0.0,0.00010384843082428042
country-crop system,AFG,potato,0.0,50969.2,0.0,0.004200850349499138
country-crop system,AFG,pulses,0.0,28776.666666666668,0.0,0.002371755299751357
country-crop system,AFG,rice,0.0,132369.2,0.0,0.010909788658305827
country-crop system,AFG,soybean,0.0,1828.0,0.0,0.0001506626440847497
country-crop system,AFG,sugarbeet,0.0,370.4,0.0,3.052814188675672e-05
country-crop system,AFG,sugarcane,0.0,1649.4,0.0,0.00013594254111235567
country-crop system,AFG,sunflower,0.0,655.6,0.0,5.403415178444305e-05
country-crop system,AFG,wheat,0.0,2108580.6,0.0,0.17378792585438071
country-crop system,AGO,banana_plantain,0.0,166314.8,0.0,0.01370756428797939
country-crop system,AGO,beans,0.0,700445.6,0.0,0.05773029876013619
country-crop system,AGO,cassava,0.0,982098.0,0.0,0.08094391763147948
country-crop system,AGO,coffee_cocoa,0.0,34864.8,0.0,0.0028735355325415655
country-crop system,AGO,cotton,0.0,3518.8,0.0,0.00029001734792418886
country-crop system,AGO,groundnut,0.0,344486.2,0.0,0.02839234231001526
country-crop system,AGO,maize,0.0,2697016.4,0.0,0.22228644527567445
country-crop system,AGO,millet,0.0,206212.4,0.0,0.01699590012421337
country-crop system,AGO,oilpalm,0.0,23188.4,0.0,0.0019111737724807492
country-crop system,AGO,potato,0.0,66056.2,0.0,0.005444311679535582
country-crop system,AGO,rice,0.0,8513.4,0.0,0.0007016692309360547
country-crop system,AGO,sorghum,0.0,149958.4,0.0,0.012359479784856964
country-crop system,AGO,soybean,0.0,36268.0,0.0,0.0029891864199484146
country-crop system,AGO,sugarcane,0.0,21796.4,0.0,0.0017964459822367824
country-crop system,AGO,sunflower,0.0,17118.8,0.0,0.0014109210457100728
country-crop system,AGO,sweet_potato,0.0,183708.8,0.0,0.01514116714969172
country-crop system,AGO,wheat,0.0,10226.8,0.0,0.0008428866129791674
country-crop system,ALB,barley,0.0,4115.6,0.0,0.00033920523960349886
country-crop system,ALB,beans,0.0,13325.0,0.0,0.001098238365661537
country-crop system,ALB,cotton,0.0,724.2,0.0,5.968812190709832e-05
country-crop system,ALB,maize,0.0,56179.0,0.0,0.004630238885140674
country-crop system,ALB,oat_rye,0.0,16839.4,0.0,0.0013878930682717364
country-crop system,ALB,potato,0.0,9975.8,0.0,0.0008221993462038543
country-crop system,ALB,pulses,0.0,175.0,0.0,1.4423393170038948e-05
country-crop system,ALB,soybean,0.0,207.4,0.0,1.709378139123473e-05
country-crop system,ALB,sugarbeet,0.0,752.0,0.0,6.197938093639594e-05
country-crop system,ALB,sunflower,0.0,414.8,0.0,3.418756278246946e-05
country-crop system,ALB,wheat,1.0,57025.8,0.04942787237723352,0.004700031624205754
country-crop system,ARE,banana_plantain,0.0,7.2,0.0,5.934196047101739e-07
country-crop system,ARE,maize,0.0,1022.8,0.0,8.429855162466192e-05
country-crop system,ARE,potato,0.0,74.0,0.0,6.099034826187898e-06
country-crop system,ARG,banana_plantain,0.0,8419.8,0.0,0.0006939547760748223
country-crop system,ARG,barley,0.0,1150481.0,0.0,0.09482194170091188
country-crop system,ARG,beans,0.0,476610.4,0.0,0.03928193821788303
country-crop system,ARG,cassava,0.0,19800.2,0.0,0.0016319203968308868
country-crop system,ARG,chickpea,0.0,99637.0,0.0,0.008212020715903831
country-crop system,ARG,cotton,0.0,390422.4,0.0,0.03217837587194408
country-crop system,ARG,groundnut,0.0,401297.6,0.0,0.03307470321710298
country-crop system,ARG,lentil,0.0,30964.8,0.0,0.0025520999133235543
country-crop system,ARG,maize,2.4166666666666665,7803384.8,0.11945069157831434,0.643150211585747
country-crop system,ARG,millet,0.0,3913.0,0.0,0.0003225070712820709
country-crop system,ARG,oat_rye,0.0,355009.6,0.0,0.029259674513932906
country-crop system,ARG,potato,0.0,76174.0,0.0,0.006278214579054553
country-crop system,ARG,pulses,0.0,79887.8,0.0,0.006584303707939642
country-crop system,ARG,rapeseed_canola,0.6388888888888888,19425.4,0.031578918463232526,0.0016010296096301405
country-crop system,ARG,rice,0.0,190563.6,0.0,0.01570613558113162
country-crop system,ARG,sorghum,0.0,524748.6,0.0,0.04324945927558571
country-crop system,ARG,soybean,10.055555555555555,16389144.0,0.4970247166821815,1.3507832436136273
country-crop system,ARG,sugarcane,0.0,428628.4,0.0,0.03532729106882698
country-crop system,ARG,sunflower,0.0,1704445.6,0.0,0.1404793658613882
country-crop system,ARG,sweet_potato,0.0,10182.4,0.0,0.0008392271920834547
country-crop system,ARG,wheat,2.138888888888889,6242419.6,0.1057207270290828,0.5144964127037558
country-crop system,ARM,barley,0.0,48322.8,0.0,0.003982735677012332
country-crop system,ARM,beans,0.0,1163.2,0.0,9.587023391651031e-05
country-crop system,ARM,chickpea,0.0,79.8,0.0,6.57706728553776e-06
country-crop system,ARM,lentil,0.0,140.4,0.0,1.157168229184839e-05
country-crop system,ARM,maize,0.5,1186.0,0.02471393618861676,9.774939599809253e-05
country-crop system,ARM,oat_rye,0.0,3802.2,0.0,0.00031337500292069766
country-crop system,ARM,potato,0.0,20379.6,0.0,0.001679674191132147
country-crop system,ARM,pulses,0.0,66.6,0.0,5.4891313435691074e-06
country-crop system,ARM,sugarbeet,0.0,3638.8,0.0,0.00029990767466935844
country-crop system,ARM,wheat,0.0,59404.0,0.0,0.004896041416417107
country-crop system,ATG,banana_plantain,0.0,6.4,0.0,5.274840930757101e-07
country-crop system,ATG,cassava,0.0,21.6,0.0,1.7802588141305217e-06
country-crop system,ATG,cotton,0.0,606.8,0.0,5.0012085574740756e-05
country-crop system,ATG,maize,0.0,24.6,0.0,2.0275169827597607e-06
country-crop system,ATG,sweet_potato,0.0,34.8,0.0,2.868194756099173e-06
country-crop system,ATG,yam,0.0,43.8,0.0,3.6099692619868907e-06
country-crop system,AUS,banana_plantain,0.0,12669.0,0.0,0.0010441712461212768
country-crop system,AUS,barley,1.0,4774144.4,0.04942787237723352,0.3934820670385126
country-crop system,AUS,beans,0.0,99018.8,0.0,0.0081610690492883
country-crop system,AUS,chickpea,1.0,412463.2,0.04942787237723352,0.03399496515298519
country-crop system,AUS,cotton,1.0,336450.2,0.04942787237723352,0.027730020095647075
country-crop system,AUS,groundnut,0.0,5387.2,0.0,0.00044400973534647895
country-crop system,AUS,lentil,0.0,552363.4,0.0,0.04552545423393995
country-crop system,AUS,maize,1.25,49560.8,0.061784840471541896,0.004084770881266664
country-crop system,AUS,millet,0.0,36005.4,0.0,0.002967543088254402
country-crop system,AUS,oat_rye,0.25,955418.8,0.01235696809430838,0.07874503425398176
country-crop system,AUS,potato,0.0,32253.6,0.0,0.0026583220225666754
country-crop system,AUS,pulses,0.0,512773.8,0.0,0.04226250356968524
country-crop system,AUS,rapeseed_canola,0.5,2874842.2,0.02471393618861676,0.23694273915668423
country-crop system,AUS,rice,5.25,36282.2,0.259496329980476,0.0029903567752799258
country-crop system,AUS,sorghum,0.0,482138.6,0.0,0.03973756908715509
country-crop system,AUS,soybean,0.0,20830.8,0.0,0.0017168618196939846
country-crop system,AUS,sugarbeet,0.0,300.0,0.0,2.472581686292391e-05
country-crop system,AUS,sugarcane,11.0,380621.2,0.5437065961495687,0.03137056695115445
country-crop system,AUS,sunflower,0.0,14331.8,0.0,0.0011812182070535097
country-crop system,AUS,sweet_potato,0.0,2421.8,0.0,0.00019960327759543044
country-crop system,AUS,wheat,23.892857142857142,11712441.8,1.1809730935846152,0.9653323032148496
country-crop system,AUT,barley,0.4444444444444444,131496.0,0.02196794327877045,0.01083782004735681
country-crop system,AUT,maize,0.5353535353535354,215344.0,0.02646138622215532,0.017748521021764954
country-crop system,AUT,oat_rye,0.0,115088.0,0.0,0.009485482703733956
country-crop system,AUT,potato,0.0,23198.0,0.0,0.001911964998620363
country-crop system,AUT,pulses,0.0,12010.0,0.0,0.0009898568684123873
country-crop system,AUT,rapeseed_canola,0.0,32984.0,0.0,0.0027185211446889407
country-crop system,AUT,sorghum,0.0,4010.0,0.0,0.00033050175206774963
country-crop system,AUT,soybean,0.16666666666666666,75160.0,0.008237978729538919,0.006194641318057871
country-crop system,AUT,sugarbeet,0.16666666666666666,31458.0,0.008237978729538919,0.0025927491562462014
country-crop system,AUT,sunflower,0.16666666666666666,23040.0,0.008237978729538919,0.0018989427350725562
country-crop system,AUT,wheat,0.9444444444444444,285404.0,0.046681879467387215,0.023522823453153117
country-crop system,AZE,barley,0.0,356143.6,0.0,0.02935313810167476
country-crop system,AZE,beans,0.0,3357.4,0.0,0.0002767148584519358
country-crop system,AZE,cotton,0.0,107533.0,0.0,0.00886280421573599
country-crop system,AZE,lentil,0.0,613.0,0.0,5.0523085789907856e-05
country-crop system,AZE,maize,0.0,32140.6,0.0,0.0026490086315483076
country-crop system,AZE,millet,0.0,135.2,0.0,1.1143101466224374e-05
country-crop system,AZE,oat_rye,0.0,5892.0,0.0,0.0004856150431878256
country-crop system,AZE,potato,0.0,56819.8,0.0,0.00468305322995988
country-crop system,AZE,pulses,0.0,7875.8,0.0,0.0006491186281633872
country-crop system,AZE,rice,0.0,3445.2,0.0,0.0002839512808538182
country-crop system,AZE,sorghum,0.0,110.4,0.0,9.099100605556e-06
country-crop system,AZE,soybean,0.0,53.4,0.0,4.401195401600456e-06
country-crop system,AZE,sugarbeet,0.0,6083.2,0.0,0.0005013736304684624
country-crop system,AZE,sunflower,0.0,12197.6,0.0,0.001005318745890669
country-crop system,AZE,wheat,2.0,610398.6,0.09885574475446704,0.05030867998995049
country-crop system,BDI,banana_plantain,0.0,171519.0,0.0,0.014136491275039487
country-crop system,BDI,beans,0.0,800258.2,0.0,0.06595679232084378
country-crop system,BDI,cassava,0.0,333121.8,0.0,0.027455695399491886
country-crop system,BDI,coffee_cocoa,0.0,12548.2,0.0,0.0010342149838644726
country-crop system,BDI,cotton,0.0,2369.8,0.0,0.0001953174693391903
country-crop system,BDI,groundnut,0.0,21515.2,0.0,0.0017732696498972684
country-crop system,BDI,maize,0.0,388251.6,0.0,0.031999459861123965
country-crop system,BDI,millet,0.0,8816.2,0.0,0.0007266258220896993
country-crop system,BDI,oilpalm,0.0,8839.4,0.0,0.0007285379519270987
country-crop system,BDI,potato,0.0,41080.6,0.0,0.00338583797406344
country-crop system,BDI,pulses,0.0,2844.6,0.0,0.00023445019549424452
country-crop system,BDI,rice,0.0,87112.4,0.0,0.0071797508296325765
country-crop system,BDI,sorghum,0.0,34955.6,0.0,0.002881019213112077
country-crop system,BDI,soybean,0.0,4979.4,0.0,0.00041039910829081104
country-crop system,BDI,sugarcane,0.0,3091.8,0.0,0.00025482426858929383
country-crop system,BDI,sweet_potato,0.0,89526.2,0.0,0.007378694752111662
country-crop system,BDI,wheat,0.0,11094.2,0.0,0.0009143771914688348
country-crop system,BDI,yam,0.0,254.4,0.0,2.0967492699759475e-05
country-crop system,BEL,barley,0.0,43518.0,0.0,0.0035867269941357426
country-crop system,BEL,maize,0.7916666666666666,53120.0,0.039130398965309864,0.004378117972528394
country-crop system,BEL,oat_rye,0.0,9632.0,0.0,0.0007938635600789436
country-crop system,BEL,potato,1.0416666666666667,94144.0,0.051487367059618254,0.007759291009143695
country-crop system,BEL,pulses,0.0,1864.0,0.0,0.00015362974210830055
country-crop system,BEL,rapeseed_canola,0.0,9076.0,0.0,0.0007480383794929914
country-crop system,BEL,sugarbeet,0.5,57102.0,0.02471393618861676,0.004706311981688937
country-crop system,BEL,wheat,2.7916666666666665,201550.0,0.13798614371977688,0.016611627962407713
country-crop system,BEN,banana_plantain,0.0,4335.2,0.0,0.0003573045375471591
country-crop system,BEN,beans,0.0,147977.0,0.0,0.012196174006416306
country-crop system,BEN,cassava,0.0,339479.8,0.0,0.02797971787820679
country-crop system,BEN,coffee_cocoa,0.0,283.2,0.0,2.334117111860017e-05
country-crop system,BEN,cotton,0.0,628589.0,0.0,0.051807921653494925
country-crop system,BEN,groundnut,0.0,180306.0,0.0,0.014860710450954528
country-crop system,BEN,maize,1.75,1327166.0,0.08649877666015866,0.10938421154233091
country-crop system,BEN,millet,0.5,26134.8,0.02471393618861676,0.0021540142618304793
country-crop system,BEN,oilpalm,0.0,37525.0,0.0,0.0030927875926040657
country-crop system,BEN,potato,0.0,11.6,0.0,9.560649186997244e-07
country-crop system,BEN,rice,0.0,120754.8,0.0,0.00995253690039668
country-crop system,BEN,sorghum,0.0,167612.4,0.0,0.013814511687850492
country-crop system,BEN,soybean,0.0,221974.8,0.0,0.018295027509947208
country-crop system,BEN,sugarcane,0.0,2218.0,0.0,0.00018280620600655078
country-crop system,BEN,sweet_potato,0.0,9911.0,0.0,0.0008168585697614629
country-crop system,BEN,yam,0.0,236529.6,0.0,0.019494625240868823
country-crop system,BFA,banana_plantain,0.0,1804.8,0.0,0.00014875051424735025
country-crop system,BFA,beans,0.375,1397814.2,0.018535452141462568,0.11520699305864832
country-crop system,BFA,cassava,0.0,1102.6,0.0,9.087561891019966e-05
country-crop system,BFA,cotton,0.3333333333333333,586874.0,0.016475957459077838,0.04836979681870536
country-crop system,BFA,groundnut,0.0,564120.8,0.0,0.04649449196455376
country-crop system,BFA,maize,2.408333333333333,1086534.0,0.11903879264183738,0.08955146899780056
country-crop system,BFA,millet,1.0416666666666665,1131143.4,0.05148736705961825,0.0932281485136836
country-crop system,BFA,potato,0.0,17233.0,0.0,0.0014203333399958925
country-crop system,BFA,rice,1.0,191892.8,0.04942787237723352,0.015815687433712283
country-crop system,BFA,sorghum,2.5416666666666665,1863656.0,0.12562917562546852,0.15360138983829774
country-crop system,BFA,soybean,0.0,77401.6,0.0,0.006379392621657639
country-crop system,BFA,sugarcane,0.0,4972.6,0.0,0.00040983865644191817
country-crop system,BFA,sweet_potato,0.0,8602.8,0.0,0.000709037524361206
country-crop system,BFA,yam,0.0,6087.4,0.0,0.0005017197919045433
country-crop system,BGD,banana_plantain,0.0,60811.8,0.0,0.005012071433015854
country-crop system,BGD,barley,0.0,201.4,0.0,1.6599265053976253e-05
country-crop system,BGD,beans,0.0,84342.2,0.0,0.006951432636720337
country-crop system,BGD,chickpea,0.0,4677.2,0.0,0.0003854919687708924
country-crop system,BGD,cotton,0.0,21960.4,0.0,0.0018099627621218474
country-crop system,BGD,groundnut,0.0,34665.4,0.0,0.002857101106266675
country-crop system,BGD,lentil,0.0,146017.8,0.0,0.012034697938423503
country-crop system,BGD,maize,3.0,455067.8,0.14828361713170055,0.03750641027671228
country-crop system,BGD,millet,0.0,11084.8,0.0,0.0009136024492071298
country-crop system,BGD,potato,5.75,467975.0,0.28421026616909273,0.03857021382142272
country-crop system,BGD,pulses,0.25,7498.8,0.01235696809430838,0.000618046518305646
country-crop system,BGD,rapeseed_canola,0.0,309381.0,0.0,0.025498993156227542
country-crop system,BGD,rice,17.666666666666668,11598036.2,0.8732257453311255,0.9559030635025398
country-crop system,BGD,sorghum,0.0,67.6,0.0,5.571550733112187e-06
country-crop system,BGD,soybean,0.0,59881.6,0.0,0.004935404916862882
country-crop system,BGD,sugarcane,1.25,81510.6,0.061784840471541896,0.006718053893290153
country-crop system,BGD,sweet_potato,0.0,25397.8,0.0,0.0020932711717372298
country-crop system,BGD,wheat,4.75,331498.2,0.23478239379185922,0.027321879278629745
country-crop system,BGR,barley,0.0,119016.0,0.0,0.009809226065859173
country-crop system,BGR,cotton,0.0,3063.0,0.0,0.0002524505901704531
country-crop system,BGR,maize,2.382575757575758,536108.0,0.11776565047454503,0.04418569408916137
country-crop system,BGR,oat_rye,0.0,33602.0,0.0,0.002769456327426564
country-crop system,BGR,potato,0.041666666666666664,10680.0,0.0020594946823847297,0.0008802390803200912
country-crop system,BGR,pulses,0.0,17924.0,0.0,0.0014772851381701605
country-crop system,BGR,rapeseed_canola,0.25,142614.0,0.01235696809430838,0.011754158820296769
country-crop system,BGR,rice,0.0,11560.0,0.0,0.0009527681431180014
country-crop system,BGR,sorghum,0.0,4706.0,0.0,0.00038786564718973305
country-crop system,BGR,soybean,0.0,4436.0,0.0,0.00036561241201310156
country-crop system,BGR,sunflower,0.25,835914.0,0.01235696809430838,0.06889552159051393
country-crop system,BGR,wheat,0.2916666666666667,1204728.0,0.01441646277669311,0.09929294632545532
country-crop system,BHR,potato,0.0,4.0,0.0,3.296775581723188e-07
country-crop system,BHS,banana_plantain,0.0,437.6,0.0,3.606672486405168e-05
country-crop system,BHS,cassava,0.0,33.6,0.0,2.769291488647478e-06
country-crop system,BHS,maize,0.0,80.2,0.0,6.610035041354992e-06
country-crop system,BHS,sugarcane,0.0,2511.0,0.0,0.00020695508714267314
country-crop system,BHS,sweet_potato,0.0,534.8,0.0,4.407788952763902e-05
country-crop system,BIH,barley,0.0,21450.0,0.0,0.0017678959056990596
country-crop system,BIH,beans,0.0,6591.4,0.0,0.0005432591642342556
country-crop system,BIH,chickpea,0.0,1654.2,0.0,0.00013633815418216243
country-crop system,BIH,maize,0.09090909090909091,179995.2,0.004493442943384866,0.014835094504684539
country-crop system,BIH,oat_rye,0.0,26290.2,0.0,0.002166822234965474
country-crop system,BIH,potato,0.0,32194.8,0.0,0.0026534757624615424
country-crop system,BIH,pulses,0.0,1046.8,0.0,8.627661697369583e-05
country-crop system,BIH,rapeseed_canola,0.0,2872.6,0.0,0.00023675793840145074
country-crop system,BIH,soybean,0.0,11030.0,0.0,0.0009090858666601691
country-crop system,BIH,sugarbeet,0.0,85.4,0.0,7.038615866979006e-06
country-crop system,BIH,sunflower,0.0,506.0,0.0,4.170421110879833e-05
country-crop system,BIH,wheat,1.0,65932.0,0.04942787237723352,0.005434075191354331
country-crop system,BLR,barley,0.8333333333333333,396486.8,0.0411898936476946,0.03267820001788913
country-crop system,BLR,beans,0.0,98124.8,0.0,0.008087386115036788
country-crop system,BLR,maize,0.0,206523.2,0.0,0.01702151607048336
country-crop system,BLR,millet,0.0,10168.2,0.0,0.0008380568367519431
country-crop system,BLR,oat_rye,0.5,909730.6,0.02471393618861676,0.07497944070065962
country-crop system,BLR,potato,0.0,183100.0,0.0,0.015090990225337893
country-crop system,BLR,pulses,0.0,30721.2,0.0,0.00253202255003086
country-crop system,BLR,rapeseed_canola,0.3333333333333333,364372.6,0.016475957459077838,0.030031367258224764
country-crop system,BLR,sugarbeet,0.0,92052.0,0.0,0.007586869646219573
country-crop system,BLR,sunflower,0.0,1449.6,0.0,0.00011947514708164834
country-crop system,BLR,wheat,2.3333333333333335,719568.6,0.11533170221354488,0.0593064047463685
country-crop system,BLZ,banana_plantain,0.0,3325.2,0.0,0.0002740609541086486
country-crop system,BLZ,beans,0.0,8366.2,0.0,0.0006895370967953135
country-crop system,BLZ,cassava,0.0,60.6,0.0,4.99461500631063e-06
country-crop system,BLZ,coffee_cocoa,0.0,414.2,0.0,3.4138111148743615e-05
country-crop system,BLZ,groundnut,0.0,130.0,0.0,1.071452064060036e-05
country-crop system,BLZ,maize,0.0,22128.8,0.0,0.001823842187320902
country-crop system,BLZ,potato,0.0,107.4,0.0,8.85184243692676e-06
country-crop system,BLZ,pulses,0.0,2177.6,0.0,0.00017947646266901036
country-crop system,BLZ,rice,0.0,2753.2,0.0,0.00022691706329000703
country-crop system,BLZ,sorghum,0.0,5086.2,0.0,0.00041920149909401195
country-crop system,BLZ,soybean,0.0,10089.4,0.0,0.0008315621888559483
country-crop system,BLZ,sugarcane,0.0,40756.2,0.0,0.0033591011240956645
country-crop system,BLZ,sweet_potato,0.0,32.6,0.0,2.6868720991043983e-06
country-crop system,BLZ,yam,0.0,13.2,0.0,1.087935941968652e-06
country-crop system,BOL,banana_plantain,0.0,61101.2,0.0,0.005035923604349622
country-crop system,BOL,barley,0.0,53779.6,0.0,0.004432481801871009
country-crop system,BOL,beans,0.0,82838.8,0.0,0.006827523326481271
country-crop system,BOL,cassava,0.0,29406.2,0.0,0.0024236410527817102
country-crop system,BOL,chickpea,0.0,291.0,0.0,2.3984042357036193e-05
country-crop system,BOL,coffee_cocoa,0.0,35779.4,0.0,0.002948916306217666
country-crop system,BOL,cotton,0.0,4037.0,0.0,0.00033272707558541277
country-crop system,BOL,groundnut,0.0,19148.0,0.0,0.00157816647097089
country-crop system,BOL,maize,0.0,434236.2,0.0,0.03578948252150667
country-crop system,BOL,oat_rye,0.0,14998.8,0.0,0.0012361919398787438
country-crop system,BOL,potato,0.0,185269.6,0.0,0.015269807332890559
country-crop system,BOL,pulses,0.0,17920.8,0.0,0.0014770213961236226
country-crop system,BOL,rice,0.0,183106.8,0.0,0.015091550677186786
country-crop system,BOL,sorghum,0.0,447429.4,0.0,0.03687685801162643
country-crop system,BOL,soybean,1.0,1412942.2,0.04942787237723352,0.11645383358365603
country-crop system,BOL,sugarcane,0.0,177470.2,0.0,0.014626985546088263
country-crop system,BOL,sunflower,0.0,130230.2,0.0,0.010733493584073179
country-crop system,BOL,sweet_potato,0.0,1074.8,0.0,8.858435988090206e-05
country-crop system,BOL,wheat,0.0,203602.8,0.0,0.016780818485261747
country-crop system,BRA,banana_plantain,0.0,456749.6,0.0,0.03764502320604584
country-crop system,BRA,barley,2.0,112702.2,0.09885574475446704,0.009288846524162076
country-crop system,BRA,beans,1.0,2676330.0,0.04942787237723352,0.2205814848158305
country-crop system,BRA,cassava,0.1,1205360.2,0.004942787237723352,0.09934505186352446
country-crop system,BRA,coffee_cocoa,7.166666666666667,2447748.2,0.3542330853701736,0.2017419123991722
country-crop system,BRA,cotton,3.333333333333333,1485846.0,0.1647595745907784,0.1224625202750268
country-crop system,BRA,groundnut,2.0,185320.2,0.09885574475446704,0.015273977754001439
country-crop system,BRA,maize,13.75,18390434.0,0.6796332451869609,1.5157283437122975
country-crop system,BRA,oat_rye,2.833333333333333,504525.0,0.14004563840216164,0.041582642509222285
country-crop system,BRA,oilpalm,0.0,187704.8,0.0,0.015470515030305866
country-crop system,BRA,potato,1.1,117768.6,0.05437065961495688,0.009706416119343137
country-crop system,BRA,pulses,0.5,35194.8,0.02471393618861676,0.0029007339310907817
country-crop system,BRA,rapeseed_canola,0.08333333333333333,48240.0,0.004118989364769459,0.003975911351558165
country-crop system,BRA,rice,5.75,1714420.6,0.28421026616909273,0.14130149927208044
country-crop system,BRA,sorghum,0.0,887163.2,0.0,0.07311944936908513
country-crop system,BRA,soybean,27.333333333333332,37608391.2,1.3510285116443828,3.099660644401331
country-crop system,BRA,sugarcane,19.416666666666668,9993331.8,0.9597245219912842,0.8236443064574459
country-crop system,BRA,sunflower,1.0,58785.4,0.04942787237723352,0.0048450567820457575
country-crop system,BRA,sweet_potato,0.0,57183.8,0.0,0.004713053887753561
country-crop system,BRA,wheat,5.916666666666667,2507232.2,0.2924482448986317,0.20664454736675275
country-crop system,BRA,yam,0.0,26032.2,0.0,0.0021455580324633594
country-crop system,BRB,banana_plantain,0.0,203.0,0.0,1.6731136077245178e-05
country-crop system,BRB,beans,0.0,20.6,0.0,1.6978394245874419e-06
country-crop system,BRB,cassava,0.0,31.6,0.0,2.6044527095613187e-06
country-crop system,BRB,groundnut,0.0,4.2,0.0,3.4616143608093473e-07
country-crop system,BRB,maize,0.0,24.0,0.0,1.978065349033913e-06
country-crop system,BRB,sugarcane,0.0,2472.8,0.0,0.00020380666646212752
country-crop system,BRB,sweet_potato,0.0,69.4,0.0,5.719905634289732e-06
country-crop system,BRB,yam,0.0,33.0,0.0,2.71983985492163e-06
country-crop system,BRN,banana_plantain,0.0,601.4,0.0,4.956702087120813e-05
country-crop system,BRN,cassava,0.0,51.8,0.0,4.269324378331529e-06
country-crop system,BRN,rice,0.0,1317.0,0.0,0.00010854633602823597
country-crop system,BRN,sugarcane,0.0,4.25,0.0,3.5028240555808875e-07
country-crop system,BRN,sweet_potato,0.0,35.4,0.0,2.9176463898250214e-06
country-crop system,BTN,banana_plantain,0.0,47.2,0.0,3.890195186433362e-06
country-crop system,BTN,barley,0.0,675.6,0.0,5.568253957530464e-05
country-crop system,BTN,beans,0.0,983.4,0.0,8.105122767666458e-05
country-crop system,BTN,cassava,0.0,129.0,0.0,1.0632101251057281e-05
country-crop system,BTN,groundnut,0.0,101.0,0.0,8.32435834385105e-06
country-crop system,BTN,lentil,0.0,84.0,0.0,6.923228721618695e-06
country-crop system,BTN,maize,0.0,11549.4,0.0,0.0009518944975888447
country-crop system,BTN,millet,0.0,947.6,0.0,7.810061353102232e-05
country-crop system,BTN,potato,0.0,3876.8,0.0,0.0003195234893806114
country-crop system,BTN,pulses,0.0,573.2,0.0,4.7242794086093294e-05
country-crop system,BTN,rice,0.0,11792.2,0.0,0.0009719059253699044
country-crop system,BTN,soybean,0.0,159.0,0.0,1.3104682937349672e-05
country-crop system,BTN,sugarcane,0.0,6.0,0.0,4.945163372584782e-07
country-crop system,BTN,sunflower,0.0,4.8,0.0,3.9561306980678257e-07
country-crop system,BTN,sweet_potato,0.0,22.8,0.0,1.8791620815822171e-06
country-crop system,BTN,wheat,0.0,956.2,0.0,7.880942028109282e-05
country-crop system,BTN,yam,0.0,17.2,0.0,1.4176135001409709e-06
country-crop system,BWA,cotton,0.0,508.2,0.0,4.1885533765793103e-05
country-crop system,BWA,groundnut,0.0,1825.8,0.0,0.0001504813214277549
country-crop system,BWA,maize,0.0,71555.4,0.0,0.005897552386510884
country-crop system,BWA,millet,0.5,7547.8,0.02471393618861676,0.000622085068393257
country-crop system,BWA,potato,0.0,795.2,0.0,6.553989856465698e-05
country-crop system,BWA,sorghum,0.0,70036.6,0.0,0.005772373817672856
country-crop system,BWA,sunflower,0.0,1553.2,0.0,0.00012801379583831138
country-crop system,BWA,sweet_potato,0.0,77.8,0.0,6.412228506451601e-06
country-crop system,BWA,wheat,0.0,887.4,0.0,7.313896628052893e-05
country-crop system,CAF,banana_plantain,0.0,60050.6,0.0,0.004949333793695662
country-crop system,CAF,cassava,0.0,240156.8,0.0,0.019793576850619485
country-crop system,CAF,coffee_cocoa,0.0,630326.8,0.0,0.0519511500686429
country-crop system,CAF,cotton,0.0,78906.8,0.0,0.0065034502867978815
country-crop system,CAF,groundnut,0.0,208029.2,0.0,0.017145639671135235
country-crop system,CAF,maize,0.0,214053.2,0.0,0.01764213407374275
country-crop system,CAF,millet,0.0,9934.4,0.0,0.000818787183476771
country-crop system,CAF,oilpalm,0.0,642.2,0.0,5.292973196456579e-05
country-crop system,CAF,potato,0.0,1298.4,0.0,0.0001070133353827347
country-crop system,CAF,rice,0.0,30897.4,0.0,0.0025465448464683507
country-crop system,CAF,sorghum,0.0,36437.0,0.0,0.003003115296781195
country-crop system,CAF,sugarcane,0.0,18218.8,0.0,0.0015015823742074604
country-crop system,CAF,yam,0.0,34585.0,0.0,0.0028504745873474116
country-crop system,CAN,barley,1.95,2715640.0,0.09638435113560537,0.22382139101876897
country-crop system,CAN,beans,0.5,149820.0,0.02471393618861676,0.0123480729413442
country-crop system,CAN,chickpea,0.0,126900.0,0.0,0.010459020533016814
country-crop system,CAN,lentil,0.0,1616520.0,0.0,0.1332325915841792
country-crop system,CAN,maize,5.45,1439140.0,0.2693819044559227,0.11861304026702772
country-crop system,CAN,oat_rye,0.3333333333333333,1363886.2,0.016475957459077838,0.11241066801023071
country-crop system,CAN,potato,9.0,144699.6,0.44485085139510167,0.011926052699127816
country-crop system,CAN,pulses,0.5,1535940.0,0.02471393618861676,0.12659123717479784
country-crop system,CAN,rapeseed_canola,7.033333333333333,8691780.0,0.34764270238654243,0.7163712016427493
country-crop system,CAN,soybean,3.4499999999999997,2209880.0,0.17052615970145565,0.18213696056346096
country-crop system,CAN,sugarbeet,0.0,15780.0,0.0,0.0013005779669897977
country-crop system,CAN,sunflower,0.0,35000.0,0.0,0.0028846786340077897
country-crop system,CAN,wheat,9.842857142857143,9772840.0,0.48651148668448424,0.805471506902191
country-crop system,CHE,barley,0.0,27937.0,0.0,0.0023025504856650177
country-crop system,CHE,maize,0.0,14989.4,0.0,0.0012354171976170388
country-crop system,CHE,millet,0.0,269.8,0.0,2.2236751298722902e-05
country-crop system,CHE,oat_rye,0.0,11350.4,0.0,0.0009354930390697719
country-crop system,CHE,potato,0.0,10900.8,0.0,0.0008984372815312032
country-crop system,CHE,pulses,0.0,4667.4,0.0,0.0003846842587533702
country-crop system,CHE,rapeseed_canola,0.0,24005.0,0.0,0.001978477445981628
country-crop system,CHE,soybean,0.0,2137.8,0.0,0.00017619617096519582
country-crop system,CHE,sugarbeet,0.0,17154.2,0.0,0.0014138386920998977
country-crop system,CHE,sunflower,0.0,5167.8,0.0,0.0004259269212807273
country-crop system,CHE,wheat,1.5,87521.6,0.07414180856585027,0.0072134768438336045
country-crop system,CHL,barley,0.0,26349.8,0.0,0.0021717344305822416
country-crop system,CHL,beans,0.0,8714.8,0.0,0.0007182684959900309
country-crop system,CHL,chickpea,0.0,520.4,0.0,4.2891050318218674e-05
country-crop system,CHL,lentil,0.0,1602.4,0.0,0.00013206882980383092
country-crop system,CHL,maize,0.0,71281.0,0.0,0.005874936506020265
country-crop system,CHL,oat_rye,0.5,122802.2,0.02471393618861676,0.010121282358547182
country-crop system,CHL,potato,0.0,40025.2,0.0,0.0032988525503396733
country-crop system,CHL,pulses,0.0,940.6,0.0,7.752367780422077e-05
country-crop system,CHL,rapeseed_canola,0.0,42809.6,0.0,0.003528341098583425
country-crop system,CHL,rice,0.0,25167.0,0.0,0.0020742487766306867
country-crop system,CHL,sugarbeet,0.0,11999.4,0.0,0.0009889832228832307
country-crop system,CHL,sunflower,0.0,3648.2,0.0,0.0003006824169310634
country-crop system,CHL,sweet_potato,0.0,1434.4,0.0,0.00011822237236059352
country-crop system,CHL,wheat,1.5,215661.8,0.07414180856585027,0.017774713903761747
country-crop system,CHN,banana_plantain,0.0,328432.0,0.0,0.027069164946412753
country-crop system,CHN,barley,0.2,266123.6,0.009885574475446704,0.02193374465500672
country-crop system,CHN,beans,0.0,758798.0,0.0,0.0625396679465098
country-crop system,CHN,cassava,0.0,307009.4,0.0,0.025303527331987177
country-crop system,CHN,chickpea,0.0,2875.4,0.0,0.00023698871269217138
country-crop system,CHN,coffee_cocoa,0.0,34867.8,0.0,0.002873782790710195
country-crop system,CHN,cotton,4.666666666666667,3216578.0,0.23066340442708977,0.26510839517770024
country-crop system,CHN,groundnut,0.5,4668350.0,0.02471393618861676,0.3847625571734361
country-crop system,CHN,lentil,0.0,66664.6,0.0,0.005494455636133592
country-crop system,CHN,maize,58.852777777777774,42212830.0,2.9089675890456848,3.479155679485801
country-crop system,CHN,millet,0.0,856568.0,0.0,0.07059781166213669
country-crop system,CHN,oat_rye,1.5333333333333332,512363.6,0.07578940431175805,0.042228695136094674
country-crop system,CHN,oilpalm,0.0,50372.2,0.0,0.004151645973941919
country-crop system,CHN,potato,4.0,4526940.0,0.19771148950893408,0.3731076312981492
country-crop system,CHN,pulses,0.0,1786542.4,0.0,0.14724573400082852
country-crop system,CHN,rapeseed_canola,7.0,6828692.0,0.34599510664063465,0.562816626017712
country-crop system,CHN,rice,47.602777777777774,29866130.0,2.352904024801808,2.4615482026142588
country-crop system,CHN,sorghum,0.0,656304.0,0.0,0.05409217503468138
country-crop system,CHN,soybean,8.875,9250884.0,0.4386723673479475,0.7624522120138433
country-crop system,CHN,sugarbeet,0.0,190356.0,0.0,0.01568902531586248
country-crop system,CHN,sugarcane,3.6666666666666665,1351042.0,0.1812355320498562,0.11135205688706148
country-crop system,CHN,sunflower,0.8333333333333333,807222.0,0.0411898936476946,0.06653074446574388
country-crop system,CHN,sweet_potato,0.0,2316712.4,0.0,0.1909420217548831
country-crop system,CHN,wheat,114.57896825396826,23692918.0,5.663394619972234,1.952755838054245
country-crop system,CIV,banana_plantain,0.0,539719.6,0.0,0.04448335995643516
country-crop system,CIV,beans,0.0,45160.2,0.0,0.003722076115643388
country-crop system,CIV,cassava,0.0,1086657.6,0.0,0.0895616560343481
country-crop system,CIV,coffee_cocoa,0.0,5034662.4,0.0,0.4149538015634966
country-crop system,CIV,cotton,0.0,421806.0,0.0,0.03476499302560827
country-crop system,CIV,groundnut,0.0,155400.0,0.0,0.012807973134994585
country-crop system,CIV,maize,0.0,533526.0,0.0,0.04397288722536114
country-crop system,CIV,millet,0.0,76685.6,0.0,0.006320380338744794
country-crop system,CIV,oilpalm,0.0,378572.2,0.0,0.031201689621980676
country-crop system,CIV,rice,0.0,644597.0,0.0,0.05312729124130055
country-crop system,CIV,sorghum,0.0,97979.8,0.0,0.008075435303553041
country-crop system,CIV,soybean,0.0,391.0,0.0,3.2225981311344166e-05
country-crop system,CIV,sugarcane,1.0,26050.8,0.04942787237723352,0.0021470910331088605
country-crop system,CIV,sweet_potato,0.0,32017.0,0.0,0.002638821595000783
country-crop system,CIV,yam,0.0,1362099.2,0.0,0.11226338456111723
country-crop system,CMR,banana_plantain,0.0,549717.2,0.0,0.045307356045331044
country-crop system,CMR,beans,0.0,721000.8,0.0,0.059424445796072096
country-crop system,CMR,cassava,0.0,422333.4,0.0,0.034808461011653295
country-crop system,CMR,coffee_cocoa,0.0,693649.8,0.0,0.05717019307267933
country-crop system,CMR,cotton,0.0,235400.0,0.0,0.019401524298440963
country-crop system,CMR,groundnut,0.0,526198.4,0.0,0.04336895090654527
country-crop system,CMR,maize,2.0,1223842.8,0.09885574475446704,0.10086837647269338
country-crop system,CMR,millet,0.0,72000.0,0.0,0.005934196047101738
country-crop system,CMR,oilpalm,0.0,227170.2,0.0,0.018723229206379324
country-crop system,CMR,potato,0.0,31503.0,0.0,0.0025964580287756397
country-crop system,CMR,pulses,0.0,281.2,0.0,2.3176332339514012e-05
country-crop system,CMR,rice,0.0,141473.0,0.0,0.011660118296828115
country-crop system,CMR,sorghum,0.0,735800.0,0.0,0.060644186825798044
country-crop system,CMR,soybean,0.0,53818.2,0.0,0.004435663190307372
country-crop system,CMR,sugarcane,0.0,22743.6,0.0,0.0018745136280119874
country-crop system,CMR,sweet_potato,0.0,77084.4,0.0,0.006353249191294572
country-crop system,CMR,wheat,0.0,461.4,0.0,3.8028306335176974e-05
country-crop system,CMR,yam,0.0,70891.0,0.0,0.005842792944098463
country-crop system,COD,banana_plantain,0.0,1297774.2,0.0,0.10696175732875862
country-crop system,COD,barley,0.0,1476.6,0.0,0.00012170047059931149
country-crop system,COD,beans,0.0,660843.2,0.0,0.05446629312769532
country-crop system,COD,cassava,0.0,5106544.6,0.0,0.42087828860651005
country-crop system,COD,coffee_cocoa,0.0,186199.6,0.0,0.015346457365165623
country-crop system,COD,cotton,0.0,70799.4,0.0,0.005835243328016316
country-crop system,COD,groundnut,0.0,508600.0,0.0,0.041918501521610335
country-crop system,COD,maize,0.0,2867451.6,0.0,0.23633361041632717
country-crop system,COD,millet,0.0,59874.8,0.0,0.004934844465013988
country-crop system,COD,oilpalm,0.0,296409.6,0.0,0.024429898286708433
country-crop system,COD,potato,0.0,22726.6,0.0,0.0018731124983897552
country-crop system,COD,pulses,0.0,3575.8,0.0,0.0002947152531281444
country-crop system,COD,rice,0.0,1439051.6,0.0,0.11860575439299212
country-crop system,COD,sorghum,0.0,12157.4,0.0,0.0010020054864310372
country-crop system,COD,soybean,0.0,48400.0,0.0,0.003989098453885058
country-crop system,COD,sugarcane,0.0,61450.4,0.0,0.005064704455178065
country-crop system,COD,sweet_potato,0.0,110748.6,0.0,0.009127832004750716
country-crop system,COD,wheat,0.0,8365.0,0.0,0.0006894381935278617
country-crop system,COD,yam,0.0,25123.4,0.0,0.0020706552912466087
country-crop system,COG,banana_plantain,0.0,24158.6,0.0,0.0019911370642154455
country-crop system,COG,beans,0.0,5301.6,0.0,0.00043695463560159136
country-crop system,COG,cassava,0.0,153146.2,0.0,0.012622216314842394
country-crop system,COG,coffee_cocoa,0.0,46413.8,0.0,0.003825397062374593
country-crop system,COG,groundnut,0.0,49681.4,0.0,0.00409471065964556
country-crop system,COG,maize,0.0,13262.4,0.0,0.0010930789118761403
country-crop system,COG,millet,0.0,15521.8,0.0,0.0012792972806097746
country-crop system,COG,oilpalm,0.0,12134.0,0.0,0.001000076872715729
country-crop system,COG,potato,0.0,824.0,0.0,6.791357698349767e-05
country-crop system,COG,pulses,0.0,9432.4,0.0,0.000777412649926145
country-crop system,COG,rice,0.0,1886.8,0.0,0.00015550890418988277
country-crop system,COG,sugarcane,0.0,18158.0,0.0,0.0014965712753232411
country-crop system,COG,sweet_potato,0.0,1315.0,0.0,0.0001083814972491498
country-crop system,COG,yam,0.0,3347.8,0.0,0.0002759236323123222
country-crop system,COK,banana_plantain,0.0,3.4,0.0,2.8022592444647096e-07
country-crop system,COK,coffee_cocoa,0.0,1.0,0.0,8.24193895430797e-08
country-crop system,COK,sweet_potato,0.0,11.0,0.0,9.066132849738767e-07
country-crop system,COL,banana_plantain,1.0,360681.6,0.04942787237723352,0.029727157291421256
country-crop system,COL,barley,0.0,3189.6,0.0,0.00026288488488660704
country-crop system,COL,beans,0.0,82941.0,0.0,0.006835946588092574
country-crop system,COL,cassava,0.0,98441.8,0.0,0.008113513061521943
country-crop system,COL,chickpea,0.0,97.6,0.0,8.044132419404578e-06
country-crop system,COL,coffee_cocoa,4.25,1010889.8,0.21006845760324247,0.08331692021132593
country-crop system,COL,cotton,0.3333333333333333,12174.4,0.016475957459077838,0.0010034066160532695
country-crop system,COL,groundnut,0.0,2029.4,0.0,0.00016726190913872595
country-crop system,COL,lentil,0.0,4518.2,0.0,0.0003723872858335427
country-crop system,COL,maize,4.833333333333333,392664.6,0.23890138315662868,0.032363176627177574
country-crop system,COL,oilpalm,0.0,487820.2,0.0,0.040205843090783046
country-crop system,COL,potato,0.0,125381.2,0.0,0.010333841964178785
country-crop system,COL,pulses,0.0,30829.6,0.0,0.00254095681185733
country-crop system,COL,rice,0.3333333333333333,613100.0,0.016475957459077838,0.050531327728862166
country-crop system,COL,sorghum,0.0,1740.6,0.0,0.00014345918943868452
country-crop system,COL,soybean,0.0,44933.6,0.0,0.003703399881972926
country-crop system,COL,sugarbeet,0.0,1180.0,0.0,9.725487966083404e-05
country-crop system,COL,sugarcane,0.0,457415.6,0.0,0.03769991451948153
country-crop system,COL,wheat,0.0,3167.8,0.0,0.0002610881421945679
country-crop system,COL,yam,0.0,32969.0,0.0,0.0027172848538457948
country-crop system,COM,banana_plantain,0.0,13956.4,0.0,0.0011502779682190376
country-crop system,COM,cassava,0.0,9587.2,0.0,0.0007901711714274138
country-crop system,COM,coffee_cocoa,0.0,1110.6,0.0,9.153497402654431e-05
country-crop system,COM,groundnut,0.0,5208.6,0.0,0.00042928963237408497
country-crop system,COM,maize,0.0,10229.0,0.0,0.0008430679356361623
country-crop system,COM,potato,0.0,216.4,0.0,1.7835555897122447e-05
country-crop system,COM,rice,0.0,17.6,0.0,1.4505812559582029e-06
country-crop system,COM,sweet_potato,0.0,2554.8,0.0,0.00021056505640466004
country-crop system,COM,yam,0.0,5320.6,0.0,0.0004385206040029099
country-crop system,CPV,banana_plantain,0.0,268.2,0.0,2.2104880275453977e-05
country-crop system,CPV,cassava,0.0,265.8,0.0,2.1907073740550584e-05
country-crop system,CPV,coffee_cocoa,0.0,197.2,0.0,1.6253103617895316e-05
country-crop system,CPV,maize,0.0,26756.2,0.0,0.002205229670492549
country-crop system,CPV,potato,0.0,204.4,0.0,1.684652322260549e-05
country-crop system,CPV,sugarcane,0.0,3132.0,0.0,0.00025813752804892563
country-crop system,CPV,sweet_potato,0.0,209.0,0.0,1.722565241450366e-05
country-crop system,CRI,banana_plantain,0.0,56346.2,0.0,0.004644019407072278
country-crop system,CRI,beans,0.0,13803.6,0.0,0.001137684285496855
country-crop system,CRI,cassava,0.0,9083.2,0.0,0.0007486317990977017
country-crop system,CRI,coffee_cocoa,0.0,97166.4,0.0,0.008008395372098699
country-crop system,CRI,cotton,0.0,882.2,0.0,7.271038545490492e-05
country-crop system,CRI,groundnut,0.0,206.4,0.0,1.701136200169165e-05
country-crop system,CRI,maize,0.0,6085.0,0.0,0.0005015219853696399
country-crop system,CRI,oilpalm,1.0,74635.2,0.04942787237723352,0.006151387622425662
country-crop system,CRI,potato,0.0,2984.2,0.0,0.00024595594227445845
country-crop system,CRI,rice,0.0,33995.2,0.0,0.002801863631394903
country-crop system,CRI,sugarcane,0.0,59093.8,0.0,0.004870474921780843
country-crop system,CRI,sweet_potato,0.0,401.2,0.0,3.306665908468358e-05
country-crop system,CRI,yam,0.0,1177.6,0.0,9.705707312593065e-05
country-crop system,CUB,banana_plantain,0.0,98671.0,0.0,0.008132403585605217
country-crop system,CUB,beans,0.0,91792.2,0.0,0.007565457088816281
country-crop system,CUB,cassava,0.0,124789.6,0.0,0.010285082653325098
country-crop system,CUB,chickpea,0.0,133.33333333333334,0.0,1.0989251939077295e-05
country-crop system,CUB,coffee_cocoa,0.0,26051.8,0.0,0.002147173452498404
country-crop system,CUB,groundnut,0.0,448.2,0.0,3.694037039320832e-05
country-crop system,CUB,maize,0.0,124544.0,0.0,0.010264840451253318
country-crop system,CUB,potato,0.0,5704.6,0.0,0.00047016964958745245
country-crop system,CUB,rice,1.0,88990.8,0.04942787237723352,0.007334567410950297
country-crop system,CUB,sorghum,0.0,2281.6,0.0,0.00018804807918149064
country-crop system,CUB,soybean,0.0,266.6666666666667,0.0,2.197850387815459e-05
country-crop system,CUB,sugarcane,0.0,332380.0,0.0,0.027394556696328832
country-crop system,CUB,sweet_potato,0.0,40087.2,0.0,0.003303962552491344
country-crop system,CUB,yam,0.0,6352.2,0.0,0.0005235444462555509
country-crop system,CYP,banana_plantain,0.0,216.0,0.0,1.7802588141305216e-05
country-crop system,CYP,barley,0.0,12082.0,0.0,0.000995791064459489
country-crop system,CYP,oat_rye,0.0,976.0,0.0,8.044132419404579e-05
country-crop system,CYP,potato,1.0,4000.0,0.04942787237723352,0.0003296775581723188
country-crop system,CYP,pulses,0.0,106.0,0.0,8.736455291566449e-06
country-crop system,CYP,wheat,2.0,11878.0,0.09885574475446704,0.0009789775089927007
country-crop system,CZE,barley,4.527777777777778,327490.0,0.223798422152474,0.026991525881463172
country-crop system,CZE,maize,1.952020202020202,85360.0,0.09648420542323614,0.007035319091397283
country-crop system,CZE,oat_rye,0.25,114640.0,0.01235696809430838,0.009448558817218657
country-crop system,CZE,potato,0.0,22832.0,0.0,0.0018817995020475957
country-crop system,CZE,pulses,0.0,34916.0,0.0,0.002877755405286171
country-crop system,CZE,rapeseed_canola,1.5,369214.0,0.07414180856585027,0.03043039249075863
country-crop system,CZE,soybean,0.0,17968.0,0.0,0.0014809115913100562
country-crop system,CZE,sugarbeet,0.0,60624.0,0.0,0.004996593071659664
country-crop system,CZE,sunflower,0.0,16754.0,0.0,0.0013808544524047573
country-crop system,CZE,wheat,5.527777777777778,819386.0,0.2732262945297075,0.0675332939201459
country-crop system,DEU,barley,6.427777777777778,1632040.0,0.3177113796692177,0.1345117405098878
country-crop system,DEU,maize,5.597222222222222,426720.0,0.2766587856670154,0.03517000190582297
country-crop system,DEU,oat_rye,1.5833333333333333,1097180.0,0.07826079793061973,0.09042890581887619
country-crop system,DEU,potato,0.27499999999999997,264400.0,0.013592664903739216,0.021791686595190273
country-crop system,DEU,pulses,0.25,144880.0,0.01235696809430838,0.011940921157001388
country-crop system,DEU,rapeseed_canola,2.8055555555555554,1026380.0,0.13867264194723847,0.08459361303922615
country-crop system,DEU,soybean,0.4722222222222222,34500.0,0.023340939733693607,0.0028434689392362496
country-crop system,DEU,sugarbeet,1.2333333333333334,399120.0,0.06096104259858801,0.03289522675443397
country-crop system,DEU,sunflower,0.06666666666666667,38820.0,0.003295191491815568,0.003199520702062354
country-crop system,DEU,wheat,17.719444444444445,2981960.0,0.8758344385954796,0.24577132284188194
country-crop system,DJI,beans,0.0,38942.8,0.0,0.0032096418030982446
country-crop system,DJI,maize,0.0,8.0,0.0,6.593551163446376e-07
country-crop system,DJI,sugarcane,0.0,1.0,0.0,8.24193895430797e-08
country-crop system,DMA,banana_plantain,0.0,1512.8,0.0,0.00012468405250077097
country-crop system,DMA,beans,0.0,80.6,0.0,6.6430027971722235e-06
country-crop system,DMA,cassava,0.0,7.8,0.0,6.428712384360216e-07
country-crop system,DMA,coffee_cocoa,0.0,11062.8,0.0,0.0009117892226371821
country-crop system,DMA,maize,0.0,117.4,0.0,9.676036332357557e-06
country-crop system,DMA,potato,0.0,10.0,0.0,8.24193895430797e-07
country-crop system,DMA,sugarcane,0.0,250.4,0.0,2.0637815141587156e-05
country-crop system,DMA,sweet_potato,0.0,395.0,0.0,3.2555658869516484e-05
country-crop system,DMA,yam,0.0,937.6,0.0,7.727641963559153e-05
country-crop system,DNK,barley,0.0,653560.0,0.0,0.05386601622977517
country-crop system,DNK,maize,0.0,6540.0,0.0,0.0005390228076117413
country-crop system,DNK,oat_rye,0.0,188490.0,0.0,0.015535230734975094
country-crop system,DNK,potato,0.0,57380.0,0.0,0.004729224571981913
country-crop system,DNK,pulses,0.25,30420.0,0.01235696809430838,0.0025071978299004843
country-crop system,DNK,rapeseed_canola,1.3333333333333333,162860.0,0.06590382983631135,0.01342282178098596
country-crop system,DNK,sugarbeet,0.0,32280.0,0.0,0.002660497894450613
country-crop system,DNK,wheat,5.0,507360.0,0.24713936188616759,0.041816301478576914
country-crop system,DOM,banana_plantain,0.0,83318.6,0.0,0.006867068149584041
country-crop system,DOM,beans,0.0,37907.6,0.0,0.003124321251043248
country-crop system,DOM,cassava,0.0,24889.4,0.0,0.002051369154093528
country-crop system,DOM,chickpea,0.0,3.0,0.0,2.472581686292391e-07
country-crop system,DOM,coffee_cocoa,0.0,220811.8,0.0,0.018199173759908607
country-crop system,DOM,groundnut,0.0,4455.4,0.0,0.00036721134817023726
country-crop system,DOM,maize,0.0,29678.0,0.0,0.0024460426428595194
country-crop system,DOM,oilpalm,0.0,21000.0,0.0,0.0017308071804046736
country-crop system,DOM,potato,0.0,3387.8,0.0,0.0002792204078940454
country-crop system,DOM,pulses,0.0,10014.2,0.0,0.0008253642507623088
country-crop system,DOM,rice,0.0,188708.0,0.0,0.015553198161895484
country-crop system,DOM,sorghum,0.0,357.6,0.0,2.94731737006053e-05
country-crop system,DOM,sugarcane,0.0,120932.6,0.0,0.00996719106785744
country-crop system,DOM,sweet_potato,0.0,6917.6,0.0,0.0005701443691032081
country-crop system,DOM,yam,0.0,4834.6,0.0,0.00039846478068497317
country-crop system,DZA,banana_plantain,0.0,9.6,0.0,7.912261396135651e-07
country-crop system,DZA,barley,1.5,910677.6,0.07414180856585027,0.07505749186255692
country-crop system,DZA,beans,0.0,2793.4,0.0,0.00023023032274963883
country-crop system,DZA,chickpea,0.0,35099.8,0.0,0.002892904089084189
country-crop system,DZA,cotton,0.0,260.0,0.0,2.142904128120072e-05
country-crop system,DZA,groundnut,0.0,5057.8,0.0,0.00041686078843098854
country-crop system,DZA,lentil,0.0,16948.4,0.0,0.0013968767817319322
country-crop system,DZA,maize,0.0,1782.0,0.0,0.00014687135216576803
country-crop system,DZA,oat_rye,0.0,68345.2,0.0,0.005632969662199691
country-crop system,DZA,potato,0.0,145057.6,0.0,0.011955558840584237
country-crop system,DZA,pulses,0.0,48899.6,0.0,0.00403027518090078
country-crop system,DZA,rapeseed_canola,0.0,11849.6,0.0,0.0009766367983296772
country-crop system,DZA,rice,0.0,169.8,0.0,1.3994812344414933e-05
country-crop system,DZA,sorghum,0.0,138.4,0.0,1.1406843512762231e-05
country-crop system,DZA,sunflower,0.0,196.4,0.0,1.6187168106260855e-05
country-crop system,DZA,wheat,4.5,1788034.8,0.22242542569755083,0.1473687366977826
country-crop system,ECU,banana_plantain,1.0,288108.0,0.04942787237723352,0.023745685482477605
country-crop system,ECU,barley,0.0,9435.0,0.0,0.000777626940338957
country-crop system,ECU,beans,0.0,22478.0,0.0,0.0018526230381493455
country-crop system,ECU,cassava,0.0,15298.2,0.0,0.0012608683051079418
country-crop system,ECU,coffee_cocoa,1.0,552344.0,0.04942787237723352,0.045523855297782814
country-crop system,ECU,cotton,0.0,3048.6,0.0,0.0002512637509610328
country-crop system,ECU,groundnut,0.5,5252.4,0.02471393618861676,0.00043289960163607184
country-crop system,ECU,lentil,0.0,3708.8,0.0,0.000305677031937374
country-crop system,ECU,maize,1.0,351618.4,0.04942787237723352,0.028980173880114417
country-crop system,ECU,oat_rye,0.0,1290.4,0.0,0.00010635398026639006
country-crop system,ECU,oilpalm,0.0,181449.8,0.0,0.014954981748713903
country-crop system,ECU,potato,0.0,20734.0,0.0,0.0017088836227862145
country-crop system,ECU,pulses,0.5,3950.4,0.02471393618861676,0.00032558955645098207
country-crop system,ECU,rice,0.0,309324.6,0.0,0.02549434470265731
country-crop system,ECU,sorghum,0.0,8346.2,0.0,0.0006878887090044519
country-crop system,ECU,soybean,0.0,22151.2,0.0,0.0018256883816466672
country-crop system,ECU,sugarbeet,0.0,728.8,0.0,6.006725109899649e-05
country-crop system,ECU,sugarcane,0.0,120724.0,0.0,0.009949998383198754
country-crop system,ECU,sunflower,0.0,129.2,0.0,1.0648585128965896e-05
country-crop system,ECU,sweet_potato,0.0,2096.8,0.0,0.00017281697599392954
country-crop system,ECU,wheat,0.0,4673.0,0.0,0.00038514580733481146
country-crop system,EGY,banana_plantain,0.0,30888.0,0.0,0.0025457701042066456
country-crop system,EGY,barley,1.0,24883.6,0.04942787237723352,0.002050891121634178
country-crop system,EGY,beans,0.5,37099.4,0.02471393618861676,0.003057709900414531
country-crop system,EGY,chickpea,0.0,1478.4,0.0,0.00012184882550048903
country-crop system,EGY,cotton,0.0,111799.0,0.0,0.009214405331526768
country-crop system,EGY,groundnut,0.0,64301.4,0.0,0.0052996821347653855
country-crop system,EGY,lentil,0.0,436.2,0.0,3.5951337718691366e-05
country-crop system,EGY,maize,2.0,1025980.0,0.09885574475446704,0.08456064528340891
country-crop system,EGY,oat_rye,0.0,47588.0,0.0,0.003922173909576077
country-crop system,EGY,potato,0.0,216311.0,0.0,0.017828220571453113
country-crop system,EGY,pulses,0.5,30441.4,0.02471393618861676,0.0025089616048367064
country-crop system,EGY,rice,1.25,471232.6,0.061784840471541896,0.03883870322479826
country-crop system,EGY,sorghum,0.0,163439.0,0.0,0.013470542607531404
country-crop system,EGY,soybean,0.5,19760.2,0.02471393618861676,0.0016286236212491635
country-crop system,EGY,sugarbeet,0.0,228134.0,0.0,0.018802665014020944
country-crop system,EGY,sugarcane,0.0,155477.4,0.0,0.01281435239574522
country-crop system,EGY,sunflower,0.0,11132.0,0.0,0.0009174926443935633
country-crop system,EGY,sweet_potato,0.0,14277.0,0.0,0.001176701624506549
country-crop system,EGY,wheat,7.0,1389202.2,0.34599510664063465,0.11449719727590331
country-crop system,ERI,barley,0.0,45000.0,0.0,0.0037088725294385865
country-crop system,ERI,beans,0.0,1874.4,0.0,0.0001544869037595486
country-crop system,ERI,chickpea,0.0,8663.4,0.0,0.0007140321393675167
country-crop system,ERI,groundnut,0.0,3055.8,0.0,0.000251857170565743
country-crop system,ERI,lentil,0.0,520.4,0.0,4.2891050318218674e-05
country-crop system,ERI,maize,0.0,20000.0,0.0,0.001648387790861594
country-crop system,ERI,millet,0.0,75000.0,0.0,0.006181454215730978
country-crop system,ERI,potato,0.0,90.0,0.0,7.417745058877173e-06
country-crop system,ERI,pulses,0.0,2016.0,0.0,0.00016615748931884868
country-crop system,ERI,sorghum,0.0,270000.0,0.0,0.022253235176631518
country-crop system,ERI,wheat,0.0,25000.0,0.0,0.0020604847385769925
country-crop system,ESP,banana_plantain,0.0,9048.0,0.0,0.0007457306365857852
country-crop system,ESP,barley,2.875,2584914.0,0.14210513308454636,0.21304703390136032
country-crop system,ESP,cotton,0.0,60514.6,0.0,0.004987576390443651
country-crop system,ESP,maize,1.5,339108.0,0.07414180856585027,0.027949074349174673
country-crop system,ESP,oat_rye,0.0,875562.0,0.0,0.07216328554711796
country-crop system,ESP,potato,1.125,64576.0,0.05560635642438771,0.005322314499133915
country-crop system,ESP,pulses,0.0,151148.0,0.0,0.012457525890657411
country-crop system,ESP,rapeseed_canola,0.0,88506.0,0.0,0.007294610490899812
country-crop system,ESP,rice,2.25,90232.0,0.11121271284877542,0.007436866357251167
country-crop system,ESP,sorghum,0.0,5364.0,0.0,0.00044209760550907953
country-crop system,ESP,soybean,0.0,1480.0,0.0,0.00012198069652375796
country-crop system,ESP,sugarbeet,0.0,29476.0,0.0,0.0024293939261718174
country-crop system,ESP,sunflower,1.625,710186.0,0.08032029261300447,0.0585330965820416
country-crop system,ESP,wheat,13.625,2039920.0,0.6734547611398067,0.16812896111671916
country-crop system,EST,barley,0.3333333333333333,126102.0,0.016475957459077838,0.010393249860161437
country-crop system,EST,oat_rye,0.3333333333333333,61634.0,0.016475957459077838,0.005079836655098174
country-crop system,EST,potato,0.0,3256.0,0.0,0.0002683575323522675
country-crop system,EST,pulses,0.0,47350.0,0.0,0.003902558094864824
country-crop system,EST,rapeseed_canola,0.0,76264.0,0.0,0.006285632324113431
country-crop system,EST,wheat,0.3333333333333333,170114.0,0.016475957459077838,0.014020692032731461
country-crop system,ETH,banana_plantain,0.3333333333333333,82615.2,0.016475957459077838,0.006809094350979438
country-crop system,ETH,barley,3.0833333333333335,1049231.4,0.15240260649647003,0.08647701147743087
country-crop system,ETH,beans,1.0,584749.6,0.04942787237723352,0.04819470506756004
country-crop system,ETH,chickpea,1.0,227316.8,0.04942787237723352,0.01873531188888634
country-crop system,ETH,coffee_cocoa,0.0,861250.6,0.0,0.07098374869561112
country-crop system,ETH,cotton,0.3333333333333333,81800.0,0.016475957459077838,0.00674190606462392
country-crop system,ETH,groundnut,0.0,98680.8,0.0,0.00813321129562274
country-crop system,ETH,lentil,0.0,109223.2,0.0,0.009002109467941702
country-crop system,ETH,maize,17.28333333333333,3236713.4,0.8542783942531859,0.26676794255390596
country-crop system,ETH,millet,1.25,446645.0,0.061784840471541896,0.036812208242468836
country-crop system,ETH,oat_rye,0.0,25793.8,0.0,0.0021259092499962893
country-crop system,ETH,potato,0.0,310930.8,0.0,0.025626726726141406
country-crop system,ETH,pulses,0.0,750998.6,0.0,0.061896846159707496
country-crop system,ETH,rapeseed_canola,0.0,33525.0,0.0,0.002763110034431747
country-crop system,ETH,rice,1.5833333333333335,83214.0,0.07826079793061974,0.006858447081437834
country-crop system,ETH,sorghum,1.8333333333333333,1874273.6,0.0906177660249281,0.15447648594871036
country-crop system,ETH,soybean,0.0,96701.6,0.0,0.007970086839839076
country-crop system,ETH,sugarcane,3.1666666666666665,26945.6,0.15652159586123945,0.0022208399028720086
country-crop system,ETH,sunflower,0.0,5303.0,0.0,0.00043707002274695164
country-crop system,ETH,sweet_potato,0.0,64992.6,0.0,0.0053566504168175615
country-crop system,ETH,wheat,8.583333333333334,2026355.8,0.4242559045712544,0.1670110080330789
country-crop system,ETH,yam,0.0,5781.4,0.0,0.000476499458704361
country-crop system,FIN,barley,1.3333333333333333,390404.0,0.06590382983631135,0.03217685935517649
country-crop system,FIN,oat_rye,1.3333333333333333,332152.0,0.06590382983631135,0.02737576507551301
country-crop system,FIN,potato,0.041666666666666664,20578.0,0.0020594946823847297,0.0016960261980174941
country-crop system,FIN,pulses,0.0,31118.0,0.0,0.0025647265638015543
country-crop system,FIN,rapeseed_canola,0.0,36882.0,0.0,0.0030397919251278654
country-crop system,FIN,sugarbeet,0.0,10290.0,0.0,0.0008480955183982901
country-crop system,FIN,wheat,2.375,201248.0,0.11739119689592961,0.016586737306765704
country-crop system,FJI,banana_plantain,0.0,931.2,0.0,7.674893554251582e-05
country-crop system,FJI,cassava,0.0,3905.8,0.0,0.0003219136516773607
country-crop system,FJI,coffee_cocoa,0.0,47.6,0.0,3.9231629422505934e-06
country-crop system,FJI,groundnut,0.0,428.4,0.0,3.5308466480255344e-05
country-crop system,FJI,maize,0.0,440.8,0.0,3.633046691058953e-05
country-crop system,FJI,potato,0.0,1.0,0.0,8.24193895430797e-08
country-crop system,FJI,rice,0.0,2486.2,0.0,0.00020491108628200474
country-crop system,FJI,sorghum,0.0,7.0,0.0,5.769357268015579e-07
country-crop system,FJI,sugarcane,0.0,37395.2,0.0,0.0030820895558413735
country-crop system,FJI,sweet_potato,0.0,1095.6,0.0,9.029868318339811e-05
country-crop system,FJI,yam,0.0,254.0,0.0,2.0934524943942244e-05
country-crop system,FRA,banana_plantain,0.0,9848.0,0.0,0.0008116661482202489
country-crop system,FRA,barley,0.06666666666666667,1856642.0,0.003295191491815568,0.15302330024004257
country-crop system,FRA,maize,5.291666666666667,1533590.0,0.26155582466286076,0.1263975516093716
country-crop system,FRA,oat_rye,0.08333333333333333,436106.0,0.004118989364769459,0.035943590296074315
country-crop system,FRA,potato,0.10833333333333334,209280.0,0.005354686174200298,0.01724872984357572
country-crop system,FRA,pulses,0.0,243196.0,0.0,0.02004406585931881
country-crop system,FRA,rapeseed_canola,0.08333333333333333,1209368.0,0.004118989364769459,0.09967537229293522
country-crop system,FRA,rice,0.08333333333333333,13298.0,0.004118989364769459,0.001096013042143874
country-crop system,FRA,sorghum,0.0,70956.0,0.0,0.005848150204418763
country-crop system,FRA,soybean,1.0833333333333333,168602.0,0.053546861742002974,0.013896073915742324
country-crop system,FRA,sugarbeet,0.06666666666666667,432524.0,0.003295191491815568,0.03564836404273101
country-crop system,FRA,sunflower,2.066666666666667,700450.0,0.10215093624628262,0.057730661405450176
country-crop system,FRA,wheat,5.58452380952381,5044938.0,0.2760311301447648,0.41580071024268545
country-crop system,FRO,potato,0.0,101.2,0.0,8.340842221759666e-06
country-crop system,FSM,banana_plantain,0.0,983.4,0.0,8.105122767666458e-05
country-crop system,FSM,cassava,0.0,817.6,0.0,6.738609289042197e-05
country-crop system,FSM,coffee_cocoa,0.0,81.6,0.0,6.725422186715303e-06
country-crop system,FSM,maize,0.0,62.2,0.0,5.126486029579558e-06
country-crop system,FSM,rice,0.0,98.0,0.0,8.07710017522181e-06
country-crop system,FSM,sorghum,0.0,7.0,0.0,5.769357268015579e-07
country-crop system,FSM,sweet_potato,0.0,566.2,0.0,4.6665858359291734e-05
country-crop system,GAB,banana_plantain,0.0,54307.8,0.0,0.004476015723427664
country-crop system,GAB,cassava,0.0,57625.2,0.0,0.0047494338062978765
country-crop system,GAB,coffee_cocoa,0.0,2023.2,0.0,0.00016675090892355886
country-crop system,GAB,groundnut,0.0,31325.8,0.0,0.002581853312948606
country-crop system,GAB,maize,0.0,29394.4,0.0,0.002422668503985102
country-crop system,GAB,oilpalm,0.0,40363.0,0.0,0.003326693820127326
country-crop system,GAB,rice,0.0,629.4,0.0,5.1874763778414367e-05
country-crop system,GAB,soybean,0.0,4665.4,0.0,0.00038451941997428397
country-crop system,GAB,sugarcane,0.0,4222.4,0.0,0.00034800763040669966
country-crop system,GAB,sweet_potato,0.0,1888.8,0.0,0.00015567374296896895
country-crop system,GAB,yam,0.0,36872.0,0.0,0.003038967731232435
country-crop system,GBR,barley,3.25,1188400.0,0.16064058522600894,0.09794720253299592
country-crop system,GBR,oat_rye,0.08333333333333333,237664.4,0.004118989364769459,0.01958815476412231
country-crop system,GBR,potato,0.041666666666666664,137957.0,0.0020594946823847297,0.011370331723194646
country-crop system,GBR,pulses,1.0,224242.0,0.04942787237723352,0.018481888749919278
country-crop system,GBR,rapeseed_canola,1.0833333333333333,433056.6,0.053546861742002974,0.03569226060960165
country-crop system,GBR,sugarbeet,0.0,102286.2,0.0,0.00843036616268136
country-crop system,GBR,wheat,11.375,1710000.0,0.5622420482910313,0.14093715611866628
country-crop system,GEO,barley,0.0,25860.0,0.0,0.0021313654135840412
country-crop system,GEO,beans,0.0,4160.0,0.0,0.00034286466049921155
country-crop system,GEO,groundnut,0.0,236.2,0.0,1.9467459810075427e-05
country-crop system,GEO,maize,0.0,75160.0,0.0,0.006194641318057871
country-crop system,GEO,oat_rye,0.0,2163.4,0.0,0.00017830610733749863
country-crop system,GEO,potato,0.0,16780.0,0.0,0.0013829973565328774
country-crop system,GEO,pulses,0.0,82.4,0.0,6.791357698349767e-06
country-crop system,GEO,soybean,0.0,1000.0,0.0,8.24193895430797e-05
country-crop system,GEO,sunflower,0.0,2940.0,0.0,0.00024231300525665432
country-crop system,GEO,wheat,0.0,47640.0,0.0,0.003926459717832317
country-crop system,GHA,banana_plantain,0.0,409125.6,0.0,0.03371988219844621
country-crop system,GHA,beans,0.0,300451.2,0.0,0.02476300449148575
country-crop system,GHA,cassava,0.0,1031761.8,0.0,0.08503717770986909
country-crop system,GHA,coffee_cocoa,0.0,1574953.8,0.0,0.12980673075455365
country-crop system,GHA,cotton,0.0,15000.0,0.0,0.0012362908431461956
country-crop system,GHA,groundnut,0.0,327400.0,0.0,0.026984108136404294
country-crop system,GHA,maize,7.583333333333333,1185200.0,0.37482803219402083,0.09768346048645807
country-crop system,GHA,millet,1.0,138585.4,0.04942787237723352,0.011422124067583517
country-crop system,GHA,oat_rye,0.0,44.0,0.0,3.626453139895507e-06
country-crop system,GHA,oilpalm,0.0,384524.4,0.0,0.031692266312419
country-crop system,GHA,rice,1.0,303600.0,0.04942787237723352,0.025022526665279
country-crop system,GHA,sorghum,0.0,299967.6,0.0,0.024723146474702713
country-crop system,GHA,soybean,0.0,118400.0,0.0,0.009758455721900637
country-crop system,GHA,sugarcane,0.0,6316.2,0.0,0.000520577348232
country-crop system,GHA,sweet_potato,0.0,78476.0,0.0,0.006467944013782723
country-crop system,GHA,yam,0.0,521341.4,0.0,0.04296863993153453
country-crop system,GIN,banana_plantain,0.0,150479.8,0.0,0.012402453254564723
country-crop system,GIN,cassava,0.0,280359.2,0.0,0.02310703411678619
country-crop system,GIN,coffee_cocoa,0.0,642298.0,0.0,0.05293780906474101
country-crop system,GIN,cotton,0.0,46161.0,0.0,0.0038045614406981023
country-crop system,GIN,groundnut,0.0,765940.0,0.0,0.06312830722662646
country-crop system,GIN,maize,0.0,559340.4,0.0,0.04610049431478202
country-crop system,GIN,millet,0.0,168254.2,0.0,0.01386740845205924
country-crop system,GIN,oilpalm,0.0,326686.6,0.0,0.026925310143904257
country-crop system,GIN,potato,0.0,22996.0,0.0,0.0018953162819326608
country-crop system,GIN,rice,0.0,1861684.2,0.0,0.1534388752859967
country-crop system,GIN,sorghum,0.0,42979.4,0.0,0.00354233591092784
country-crop system,GIN,sugarcane,0.0,5884.2,0.0,0.0004849721719493896
country-crop system,GIN,sweet_potato,0.0,62250.2,0.0,0.00513062348293462
country-crop system,GIN,yam,0.0,31622.0,0.0,0.0026062659361312662
country-crop system,GMB,beans,0.0,5096.6,0.0,0.00042005866074526006
country-crop system,GMB,cassava,0.0,2806.6,0.0,0.0002313182586916075
country-crop system,GMB,cotton,0.0,1590.2,0.0,0.00013106331325140534
country-crop system,GMB,groundnut,0.0,47672.8,0.0,0.00392916307380933
country-crop system,GMB,maize,0.0,29836.4,0.0,0.0024590978741631433
country-crop system,GMB,millet,0.0,63406.4,0.0,0.005225916781124329
country-crop system,GMB,oilpalm,0.0,3512.4,0.0,0.0002894898638311131
country-crop system,GMB,rice,0.0,52111.6,0.0,0.004295006260113152
country-crop system,GMB,sorghum,0.0,10121.8,0.0,0.0008342325770771441
country-crop system,GNB,banana_plantain,0.0,18708.2,0.0,0.0015419184234498437
country-crop system,GNB,beans,0.0,4319.4,0.0,0.0003560023111923784
country-crop system,GNB,cassava,0.0,4743.0,0.0,0.000390915164602827
country-crop system,GNB,cotton,0.0,4989.6,0.0,0.00041123978606415055
country-crop system,GNB,groundnut,0.0,97815.0,0.0,0.008061852588156341
country-crop system,GNB,maize,0.0,15290.6,0.0,0.0012602419177474146
country-crop system,GNB,millet,1.0,25843.8,0.04942787237723352,0.002130030219473443
country-crop system,GNB,oilpalm,0.0,9540.8,0.0,0.0007863469117526148
country-crop system,GNB,rice,0.0,122723.6,0.0,0.010114804194529096
country-crop system,GNB,sorghum,0.0,22591.2,0.0,0.0018619529130456222
country-crop system,GNB,sugarcane,0.0,259.6,0.0,2.1396073525383495e-05
country-crop system,GNB,sweet_potato,0.0,6113.4,0.0,0.0005038626960326635
country-crop system,GNQ,banana_plantain,0.0,14607.0,0.0,0.0012039000230557651
country-crop system,GNQ,cassava,0.0,23998.8,0.0,0.0019779664457664613
country-crop system,GNQ,coffee_cocoa,0.0,20075.6,0.0,0.0016546186967110507
country-crop system,GNQ,oilpalm,0.0,4060.4,0.0,0.00033465568930072083
country-crop system,GNQ,sweet_potato,0.0,18699.8,0.0,0.0015412261005776817
country-crop system,GRC,banana_plantain,0.0,100.0,0.0,8.24193895430797e-06
country-crop system,GRC,barley,0.0,125662.0,0.0,0.010356985328762482
country-crop system,GRC,cotton,3.0,273470.2,0.14828361713170055,0.022539246942223916
country-crop system,GRC,maize,0.0,118514.0,0.0,0.009767851532308547
country-crop system,GRC,oat_rye,0.0,93770.0,0.0,0.007728466157454584
country-crop system,GRC,potato,0.0,14816.0,0.0,0.001221125675470269
country-crop system,GRC,pulses,0.0,19382.0,0.0,0.0015974526081239707
country-crop system,GRC,rapeseed_canola,0.0,5650.0,0.0,0.0004656695509184003
country-crop system,GRC,rice,1.0,31994.0,0.04942787237723352,0.0026369259490412918
country-crop system,GRC,sorghum,0.0,2356.0,0.0,0.00019418008176349578
country-crop system,GRC,soybean,0.0,946.0,0.0,7.79687425077534e-05
country-crop system,GRC,sugarbeet,0.0,1070.0,0.0,8.818874681109528e-05
country-crop system,GRC,sunflower,0.0,92892.0,0.0,0.0076561019334357595
country-crop system,GRC,wheat,3.0,386872.0,0.14828361713170055,0.03188575407131033
country-crop system,GRD,banana_plantain,0.0,1330.2,0.0,0.00010963427197020462
country-crop system,GRD,beans,0.0,100.4,0.0,8.274906710125202e-06
country-crop system,GRD,cassava,0.0,1.8,0.0,1.4835490117754347e-07
country-crop system,GRD,coffee_cocoa,0.0,1045.6,0.0,8.617771370624413e-05
country-crop system,GRD,cotton,0.0,156.6,0.0,1.2906876402446281e-05
country-crop system,GRD,maize,0.0,386.6,0.0,3.186333599735461e-05
country-crop system,GRD,sugarcane,0.0,116.2,0.0,9.577133064905862e-06
country-crop system,GRD,sweet_potato,0.0,418.2,0.0,3.446778870691593e-05
country-crop system,GRD,yam,0.0,25.0,0.0,2.0604847385769924e-06
country-crop system,GTM,banana_plantain,0.0,89463.2,0.0,0.007373502330570448
country-crop system,GTM,barley,0.0,8.0,0.0,6.593551163446376e-07
country-crop system,GTM,beans,0.0,192290.2,0.0,0.015848440899116703
country-crop system,GTM,cassava,0.0,3184.6,0.0,0.00026247278793889163
country-crop system,GTM,coffee_cocoa,0.0,315871.4,0.0,0.02603392796211795
country-crop system,GTM,cotton,0.0,937.8,0.0,7.729290351350015e-05
country-crop system,GTM,groundnut,0.0,2302.0,0.0,0.00018972943472816948
country-crop system,GTM,maize,1.0,994483.4,0.04942787237723352,0.08196471473872635
country-crop system,GTM,oilpalm,0.0,195200.0,0.0,0.01608826483880916
country-crop system,GTM,potato,0.0,23071.6,0.0,0.0019015471877821177
country-crop system,GTM,pulses,0.0,21348.0,0.0,0.0017594891279656656
country-crop system,GTM,rice,0.0,8762.8,0.0,0.0007222246266880987
country-crop system,GTM,sorghum,0.0,33008.8,0.0,0.0027205651455496096
country-crop system,GTM,soybean,0.0,15800.0,0.0,0.0013022263547806594
country-crop system,GTM,sugarcane,0.0,256272.8,0.0,0.021121847732495754
country-crop system,GTM,sweet_potato,0.0,535.8,0.0,4.4160308917182095e-05
country-crop system,GTM,wheat,0.0,131.8,0.0,1.0862875541777906e-05
country-crop system,GUY,banana_plantain,0.0,3866.6,0.0,0.000318682811607272
country-crop system,GUY,beans,0.0,89.2,0.0,7.351809547242709e-06
country-crop system,GUY,cassava,0.0,1668.6,0.0,0.00013752499339158279
country-crop system,GUY,coffee_cocoa,0.0,1874.8,0.0,0.00015451987151536583
country-crop system,GUY,groundnut,0.0,29.0,0.0,2.390162296749311e-06
country-crop system,GUY,maize,0.0,2932.2,0.0,0.0002416701340182183
country-crop system,GUY,pulses,0.0,905.2,0.0,7.460603141439574e-05
country-crop system,GUY,rice,0.0,168060.0,0.0,0.013851402606609975
country-crop system,GUY,sugarcane,0.0,17639.8,0.0,0.0014538615476620174
country-crop system,GUY,sweet_potato,0.0,225.2,0.0,1.8560846525101548e-05
country-crop system,GUY,yam,0.0,43.6,0.0,3.593485384078275e-06
country-crop system,HKG,sweet_potato,0.0,5.0,0.0,4.120969477153985e-07
country-crop system,HND,banana_plantain,0.0,20567.8,0.0,0.0016951855202441547
country-crop system,HND,beans,0.0,160761.8,0.0,0.01324988941784667
country-crop system,HND,cassava,0.0,2965.0,0.0,0.00024437348999523133
country-crop system,HND,coffee_cocoa,0.25,368865.2,0.01235696809430838,0.030401644607686004
country-crop system,HND,cotton,0.0,1995.0,0.0,0.000164426682138444
country-crop system,HND,groundnut,0.0,150.4,0.0,1.2395876187279187e-05
country-crop system,HND,maize,1.0,360624.6,0.04942787237723352,0.0297224593862173
country-crop system,HND,oilpalm,0.0,201400.0,0.0,0.016599265053976252
country-crop system,HND,potato,0.0,1828.4,0.0,0.00015069561184056693
country-crop system,HND,rice,0.0,14870.0,0.0,0.001225576322505595
country-crop system,HND,sorghum,0.0,17347.8,0.0,0.001429795085915438
country-crop system,HND,soybean,0.0,1095.6,0.0,9.029868318339811e-05
country-crop system,HND,sugarcane,0.0,66798.2,0.0,0.005505466866576546
country-crop system,HND,sweet_potato,0.0,3530.6,0.0,0.0002909898967207972
country-crop system,HND,wheat,0.0,2367.8,0.0,0.00019515263056010414
country-crop system,HRV,barley,0.0,58106.0,0.0,0.004789061048790189
country-crop system,HRV,maize,3.090909090909091,267134.0,0.1527770600750854,0.022017021206201054
country-crop system,HRV,oat_rye,0.0,31234.0,0.0,0.0025742872129885515
country-crop system,HRV,potato,0.0,8830.0,0.0,0.0007277632096653937
country-crop system,HRV,pulses,0.0,2342.0,0.0,0.00019302621030989266
country-crop system,HRV,rapeseed_canola,0.0,38146.0,0.0,0.0031439700335103185
country-crop system,HRV,soybean,0.0,83708.0,0.0,0.0068991622598721155
country-crop system,HRV,sugarbeet,0.0,11014.0,0.0,0.0009077671564274799
country-crop system,HRV,sunflower,0.0,40838.0,0.0,0.0033658430301602886
country-crop system,HRV,wheat,0.0,147734.0,0.0,0.012176146094757336
country-crop system,HTI,banana_plantain,0.0,93593.8,0.0,0.007713943861017093
country-crop system,HTI,beans,0.0,311230.6,0.0,0.02565143605912642
country-crop system,HTI,cassava,0.0,142991.4,0.0,0.011785263897910327
country-crop system,HTI,coffee_cocoa,0.0,14358.8,0.0,0.0011834435305711729
country-crop system,HTI,cotton,0.0,1930.8,0.0,0.0001591353573297783
country-crop system,HTI,groundnut,0.0,39975.8,0.0,0.003294781032496246
country-crop system,HTI,maize,0.0,263611.2,0.0,0.02172667418071869
country-crop system,HTI,potato,0.0,2760.0,0.0,0.00022747751513889998
country-crop system,HTI,rice,0.0,76316.2,0.0,0.0062899346162475795
country-crop system,HTI,sorghum,0.0,25557.4,0.0,0.002106425306308305
country-crop system,HTI,sugarcane,0.0,22570.2,0.0,0.0018602221058652176
country-crop system,HTI,sweet_potato,0.0,41005.8,0.0,0.003379673003725618
country-crop system,HTI,yam,0.0,14688.4,0.0,0.0012106089613645719
country-crop system,HUN,barley,0.0,270466.0,0.0,0.022291642612158595
country-crop system,HUN,maize,4.840909090909091,963778.0,0.23927583673524408,0.07943399441505027
country-crop system,HUN,oat_rye,0.0,119778.0,0.0,0.009872029640691001
country-crop system,HUN,potato,0.0,10806.0,0.0,0.0008906239234025193
country-crop system,HUN,pulses,0.0,13646.0,0.0,0.0011246949897048657
country-crop system,HUN,rapeseed_canola,0.25,280656.0,0.01235696809430838,0.023131496191602575
country-crop system,HUN,rice,0.0,2724.0,0.0,0.0002245104171153491
country-crop system,HUN,sorghum,0.0,19848.0,0.0,0.001635860043651046
country-crop system,HUN,soybean,0.0,61484.0,0.0,0.005067473746666712
country-crop system,HUN,sugarbeet,0.0,12898.0,0.0,0.001063045286326642
country-crop system,HUN,sunflower,3.75,625584.0,0.1853545214146257,0.05156025138791797
country-crop system,HUN,wheat,7.25,970042.0,0.358352074734943,0.07995026947114812
country-crop system,IDN,banana_plantain,0.0,134841.0,0.0,0.01111351290537841
country-crop system,IDN,beans,0.0,170466.4,0.0,0.014049736625606442
country-crop system,IDN,cassava,0.0,661889.0,0.0,0.05455248732527948
country-crop system,IDN,coffee_cocoa,2.0,2763422.0,0.09885574475446704,0.2277595542899164
country-crop system,IDN,cotton,0.0,1679.8,0.0,0.0001384480905544653
country-crop system,IDN,groundnut,0.0,332743.0,0.0,0.02742447493473297
country-crop system,IDN,maize,4.791666666666666,2835719.0,0.23684188847424392,0.23371822889571242
country-crop system,IDN,oilpalm,0.0,13188000.0,0.0,1.086946909294135
country-crop system,IDN,potato,1.0,70208.2,0.04942787237723352,0.005786516984918448
country-crop system,IDN,rice,26.958333333333332,10715513.8,1.33249305950292,0.8831661060364463
country-crop system,IDN,soybean,0.125,300628.8,0.00617848404715419,0.024777642175068598
country-crop system,IDN,sugarcane,0.0,444305.0,0.0,0.03661934687093803
country-crop system,IDN,sweet_potato,0.0,79606.2,0.0,0.006561094407844311
country-crop system,IND,banana_plantain,4.0,906800.0,0.19771148950893408,0.07473790243766468
country-crop system,IND,barley,0.375,574352.0,0.018535452141462568,0.04733774122284691
country-crop system,IND,beans,0.25,12158397.0,0.01235696809430838,1.0020876585624117
country-crop system,IND,cassava,0.1,172800.0,0.004942787237723352,0.014242070513044172
country-crop system,IND,chickpea,3.333333333333333,10108446.0,0.1647595745907784,0.8331319485491858
country-crop system,IND,coffee_cocoa,5.2,528104.2,0.2570249363616143,0.04352602577913647
country-crop system,IND,cotton,10.166666666666666,12977938.2,0.5025167025018741,1.0696337439718147
country-crop system,IND,groundnut,7.566666666666666,5256786.4,0.37400423432106694,0.43326112604636363
country-crop system,IND,lentil,1.0,1418970.0,0.04942787237723352,0.1169506411799438
country-crop system,IND,maize,14.025,9689088.4,0.6932259100907001,0.7985687511569348
country-crop system,IND,millet,4.283333333333333,8792498.8,0.21171605334915022,0.7246723836542609
country-crop system,IND,potato,5.725,2168000.0,0.2829745693596619,0.1786852365293968
country-crop system,IND,pulses,3.65,685750.4,0.18041173417690234,0.05651912934692272
country-crop system,IND,rapeseed_canola,4.483333333333333,6729708.0,0.22160162782459694,0.5546584251631798
country-crop system,IND,rice,114.25833333333334,44938757.4,5.647546318035407,3.7038249517325554
country-crop system,IND,sorghum,5.516666666666667,4288459.0,0.27267709594773826,0.35345217286052605
country-crop system,IND,soybean,3.975,12294581.4,0.19647579269950324,1.0133118936757022
country-crop system,IND,sugarcane,20.066666666666666,4885494.0,0.991852639036486,0.40265943309637864
country-crop system,IND,sunflower,1.125,270779.8,0.05560635642438771,0.02231750581659721
country-crop system,IND,sweet_potato,0.0,112400.0,0.0,0.009263939384642159
country-crop system,IND,wheat,77.99285714285715,30382016.0,3.855020989192949,2.50406721180808
country-crop system,IND,yam,5.5,34922.0,0.27185329807478437,0.0028782499216234293
country-crop system,IRL,barley,0.0,186386.0,0.0,0.015361820339376454
country-crop system,IRL,oat_rye,0.0,24718.0,0.0,0.002037242470725844
country-crop system,IRL,potato,0.0,8642.0,0.0,0.0007122683644312948
country-crop system,IRL,pulses,0.0,10190.0,0.0,0.0008398535794439822
country-crop system,IRL,rapeseed_canola,0.0,11440.0,0.0,0.0009428778163728318
country-crop system,IRL,sunflower,0.0,20.0,0.0,1.648387790861594e-06
country-crop system,IRL,wheat,1.0,59602.0,0.04942787237723352,0.004912360455546636
country-crop system,IRN,banana_plantain,0.0,4221.2,0.0,0.00034790872713924803
country-crop system,IRN,barley,5.416666666666667,1439610.6,0.2677343087100149,0.1186518268317467
country-crop system,IRN,beans,0.0,78371.4,0.0,0.006459322945636516
country-crop system,IRN,chickpea,1.25,449024.8,0.061784840471541896,0.03700834990570345
country-crop system,IRN,cotton,1.3333333333333333,49484.8,0.06590382983631135,0.00407850700766139
country-crop system,IRN,groundnut,0.0,2499.4,0.0,0.0002059990222239734
country-crop system,IRN,lentil,0.3333333333333333,132166.2,0.016475957459077838,0.010893057522228583
country-crop system,IRN,maize,3.083333333333333,78406.0,0.15240260649647,0.006462174656514707
country-crop system,IRN,millet,0.0,7076.6,0.0,0.0005832490520405578
country-crop system,IRN,oat_rye,0.0,489.8,0.0,4.036901699820044e-05
country-crop system,IRN,potato,1.0,104990.0,0.04942787237723352,0.008653211708127937
country-crop system,IRN,pulses,0.3333333333333333,8054.2,0.016475957459077838,0.0006638222472578725
country-crop system,IRN,rapeseed_canola,3.0,149504.2,0.14828361713170055,0.012322044898126498
country-crop system,IRN,rice,9.75,762340.0,0.4819217556780268,0.06283159742427138
country-crop system,IRN,soybean,1.8333333333333333,77400.0,0.0906177660249281,0.006379260750634369
country-crop system,IRN,sugarbeet,1.0,95031.0,0.04942787237723352,0.007832397007668407
country-crop system,IRN,sugarcane,0.0,91408.8,0.0,0.007533857494865463
country-crop system,IRN,sunflower,0.0,61600.0,0.0,0.005077034395853709
country-crop system,IRN,wheat,21.166666666666668,5531190.2,1.046223298651443,0.4558773197306649
country-crop system,IRQ,barley,1.5,483844.4,0.07414180856585027,0.03987816008183767
country-crop system,IRQ,beans,0.0,935.8,0.0,7.712806473441398e-05
country-crop system,IRQ,chickpea,0.0,46.0,0.0,3.7912919189816664e-06
country-crop system,IRQ,cotton,0.0,9.4,0.0,7.747422617049492e-07
country-crop system,IRQ,groundnut,0.0,1602.4,0.0,0.00013206882980383092
country-crop system,IRQ,lentil,0.0,4.4,0.0,3.626453139895507e-07
country-crop system,IRQ,maize,0.0,80400.4,0.0,0.0066265518870194245
country-crop system,IRQ,millet,0.0,1831.8,0.0,0.0001509758377650134
country-crop system,IRQ,oat_rye,0.0,77433.0,0.0,0.006381980590489291
country-crop system,IRQ,potato,0.0,15207.8,0.0,0.0012534175922932474
country-crop system,IRQ,pulses,0.0,572.0,0.0,4.714389081864159e-05
country-crop system,IRQ,rice,0.0,66942.8,0.0,0.005517384710304476
country-crop system,IRQ,sorghum,0.0,2268.4,0.0,0.00018696014323952198
country-crop system,IRQ,soybean,0.0,41.6,0.0,3.4286466049921155e-06
country-crop system,IRQ,sugarbeet,0.0,5944.6,0.0,0.0004899503030777916
country-crop system,IRQ,sunflower,0.0,408.8,0.0,3.369304644521098e-05
country-crop system,IRQ,wheat,3.5,1407023.6,0.17299755332031733,0.11596602618470636
country-crop system,ISL,barley,0.0,2120.0,0.0,0.00017472910583132896
country-crop system,ISL,potato,0.0,500.0,0.0,4.120969477153985e-05
country-crop system,ISR,banana_plantain,0.0,3121.8,0.0,0.0002572968502755862
country-crop system,ISR,barley,0.0,5652.6,0.0,0.0004658838413312123
country-crop system,ISR,chickpea,0.0,3216.0,0.0,0.0002650607567705443
country-crop system,ISR,cotton,0.0,6794.2,0.0,0.0005599738164335921
country-crop system,ISR,groundnut,0.0,2624.6,0.0,0.00021631792979476697
country-crop system,ISR,lentil,0.0,112.8,0.0,9.29690714045939e-06
country-crop system,ISR,maize,0.0,3472.0,0.0,0.00028616012049357273
country-crop system,ISR,oat_rye,0.0,900.0,0.0,7.417745058877173e-05
country-crop system,ISR,potato,0.0,14390.4,0.0,0.0011860479832807341
country-crop system,ISR,pulses,0.0,17793.2,0.0,0.0014665046820179258
country-crop system,ISR,sorghum,0.0,1396.0,0.0,0.00011505746780213926
country-crop system,ISR,sunflower,0.0,773.2,0.0,6.372667199470922e-05
country-crop system,ISR,sweet_potato,0.0,2423.2,0.0,0.00019971866474079072
country-crop system,ISR,wheat,1.0,59326.0,0.04942787237723352,0.004889612704032746
country-crop system,ITA,barley,1.3333333333333333,261408.0,0.06590382983631135,0.02154508778167738
country-crop system,ITA,maize,2.125,595034.0,0.10503422880162123,0.049042339037376884
country-crop system,ITA,oat_rye,0.0,121262.0,0.0,0.00999434001477293
country-crop system,ITA,potato,0.041666666666666664,46864.0,0.0020594946823847297,0.0038625022715468873
country-crop system,ITA,pulses,0.0,80276.0,0.0,0.006616298914960266
country-crop system,ITA,rapeseed_canola,0.0,16404.0,0.0,0.0013520076660646794
country-crop system,ITA,rice,3.25,222000.0,0.16064058522600894,0.018297104478563694
country-crop system,ITA,sorghum,0.0,42580.0,0.0,0.0035094176067443335
country-crop system,ITA,soybean,0.0,296808.0,0.0,0.0244627341715024
country-crop system,ITA,sugarbeet,0.0,29070.0,0.0,0.002395931654017327
country-crop system,ITA,sunflower,0.0,114594.0,0.0,0.009444767525299675
country-crop system,ITA,wheat,9.125,1758186.0,0.4510293354422559,0.14490861682318912
country-crop system,JAM,banana_plantain,0.0,11283.4,0.0,0.0009299709399703855
country-crop system,JAM,beans,0.0,425.4,0.0,3.50612083116261e-05
country-crop system,JAM,cassava,0.0,1226.2,0.0,0.00010106265545772433
country-crop system,JAM,coffee_cocoa,0.0,8694.2,0.0,0.0007165706565654436
country-crop system,JAM,groundnut,0.0,1835.4,0.0,0.0001512725475673685
country-crop system,JAM,maize,0.0,1904.0,0.0,0.00015692651769002376
country-crop system,JAM,potato,0.0,1064.4,0.0,8.772719822965404e-05
country-crop system,JAM,pulses,0.0,1027.8,0.0,8.471064857237732e-05
country-crop system,JAM,rice,0.0,0.2,0.0,1.648387790861594e-08
country-crop system,JAM,sugarcane,0.0,12820.8,0.0,0.0010566825094539163
country-crop system,JAM,sweet_potato,0.0,2936.6,0.0,0.00024203277933220786
country-crop system,JAM,yam,0.0,9890.2,0.0,0.0008151442464589669
country-crop system,JOR,banana_plantain,0.0,790.0,0.0,6.511131773903297e-05
country-crop system,JOR,barley,0.0,46144.4,0.0,0.0038031932788316868
country-crop system,JOR,chickpea,0.0,651.6,0.0,5.370447422627073e-05
country-crop system,JOR,lentil,0.0,205.6,0.0,1.6945426490057186e-05
country-crop system,JOR,potato,0.0,4201.4,0.0,0.000346276823226295
country-crop system,JOR,sorghum,0.0,75.4,0.0,6.21442197154821e-06
country-crop system,JOR,wheat,0.0,11350.2,0.0,0.0009354765551918633
country-crop system,JPN,banana_plantain,0.0,5.2,0.0,4.2858082562401443e-07
country-crop system,JPN,barley,0.0,62500.0,0.0,0.005151211846442481
country-crop system,JPN,beans,0.0,31460.0,0.0,0.0025929139950252875
country-crop system,JPN,groundnut,0.0,6162.0,0.0,0.0005078682783644571
country-crop system,JPN,maize,0.0,62.8,0.0,5.175937663305405e-06
country-crop system,JPN,millet,0.0,287.8,0.0,2.372030031049834e-05
country-crop system,JPN,oat_rye,0.0,162.8,0.0,1.3417876617613377e-05
country-crop system,JPN,potato,0.0,73020.0,0.0,0.00601826382443568
country-crop system,JPN,pulses,0.0,551.8,0.0,4.5479019149871375e-05
country-crop system,JPN,rapeseed_canola,0.0,1806.0,0.0,0.00014884941751480194
country-crop system,JPN,rice,5.5,1528560.0,0.27185329807478437,0.1259829820799699
country-crop system,JPN,soybean,0.0,145920.0,0.0,0.01202663732212619
country-crop system,JPN,sugarbeet,0.0,56780.0,0.0,0.004679772938256065
country-crop system,JPN,sugarcane,2.0,22740.0,0.09885574475446704,0.0018742169182096324
country-crop system,JPN,sweet_potato,0.0,33560.0,0.0,0.002765994713065755
country-crop system,JPN,wheat,2.5,216680.0,0.12356968094308379,0.01785863332619451
country-crop system,JPN,yam,0.0,6940.0,0.0,0.0005719905634289732
country-crop system,KAZ,barley,1.5,2513478.4,0.07414180856585027,0.2071593553577167
country-crop system,KAZ,beans,0.0,255424.6,0.0,0.021051939606285316
country-crop system,KAZ,chickpea,0.0,15138.4,0.0,0.0012476976866589576
country-crop system,KAZ,cotton,0.0,125191.8,0.0,0.010318231731799325
country-crop system,KAZ,groundnut,0.0,23.2,0.0,1.912129837399449e-06
country-crop system,KAZ,lentil,0.0,134635.8,0.0,0.011096600446644168
country-crop system,KAZ,maize,2.333333333333333,169425.6,0.11533170221354487,0.013963954524970004
country-crop system,KAZ,millet,0.0,44362.0,0.0,0.0036562889589101017
country-crop system,KAZ,oat_rye,0.0,253884.6,0.0,0.020925013746388974
country-crop system,KAZ,potato,1.0,96263.8,0.04942787237723352,0.007934003631097116
country-crop system,KAZ,pulses,1.0,102083.0,0.04942787237723352,0.008413618542726205
country-crop system,KAZ,rapeseed_canola,0.0,202009.6,0.0,0.01664950791384171
country-crop system,KAZ,rice,1.0,98059.4,0.04942787237723352,0.00808199588696067
country-crop system,KAZ,sorghum,0.0,9605.8,0.0,0.0007917041720729149
country-crop system,KAZ,soybean,1.3333333333333333,125701.0,0.06590382983631135,0.010360199684954661
country-crop system,KAZ,sugarbeet,0.0,13625.6,0.0,0.0011230136341581869
country-crop system,KAZ,sunflower,0.0,889006.4,0.0,0.07327136478789092
country-crop system,KAZ,wheat,10.333333333333334,12063471.8,0.5107546812314131,0.9942639815261569
country-crop system,KEN,banana_plantain,0.0,75858.8,0.0,0.006252235987470574
country-crop system,KEN,barley,0.25,13062.4,0.01235696809430838,0.0010765950339675244
country-crop system,KEN,beans,0.0,1418047.6,0.0,0.11687461753502927
country-crop system,KEN,cassava,1.0,63284.8,0.04942787237723352,0.00521589458335589
country-crop system,KEN,chickpea,0.6666666666666666,4086.8,0.032951914918155675,0.0003368315611846581
country-crop system,KEN,coffee_cocoa,0.0,114494.0,0.0,0.009436525586345368
country-crop system,KEN,cotton,0.0,12085.2,0.0,0.0009960548065060268
country-crop system,KEN,groundnut,0.0,17166.6,0.0,0.0014148606925302317
country-crop system,KEN,lentil,0.0,2242.6,0.0,0.00018483372298931053
country-crop system,KEN,maize,13.416666666666666,2197464.2,0.663157287727883,0.18111365790677203
country-crop system,KEN,millet,2.25,122730.0,0.11121271284877542,0.010115331678622172
country-crop system,KEN,oat_rye,0.0,3722.4,0.0,0.0003067979356351599
country-crop system,KEN,potato,1.0,210759.4,0.04942787237723352,0.01737066108846575
country-crop system,KEN,rapeseed_canola,0.0,2872.3333333333335,0.0,0.00023673595989757263
country-crop system,KEN,rice,0.0,31103.4,0.0,0.0025635232407142253
country-crop system,KEN,sorghum,0.6666666666666666,222990.6,0.032951914918155675,0.018378749125845067
country-crop system,KEN,soybean,0.0,3561.8,0.0,0.0002935613816745413
country-crop system,KEN,sugarcane,1.0,89212.6,0.04942787237723352,0.007352848031550952
country-crop system,KEN,sunflower,0.0,5200.0,0.0,0.00042858082562401443
country-crop system,KEN,sweet_potato,0.6666666666666666,58090.2,0.032951914918155675,0.0047877588224354084
country-crop system,KEN,wheat,1.0,129823.8,0.04942787237723352,0.01069999834416287
country-crop system,KEN,yam,0.0,967.6,0.0,7.974900132188393e-05
country-crop system,KGZ,barley,0.5,213884.4,0.02471393618861676,0.017628221680787877
country-crop system,KGZ,beans,0.0,50528.8,0.0,0.004164552850344365
country-crop system,KGZ,cotton,0.0,22015.2,0.0,0.0018144793446688082
country-crop system,KGZ,groundnut,0.0,178.8,0.0,1.473658685030265e-05
country-crop system,KGZ,maize,0.0,105909.6,0.0,0.008729004578751753
country-crop system,KGZ,millet,0.0,81.2,0.0,6.692454430898072e-06
country-crop system,KGZ,oat_rye,0.0,1539.4,0.0,0.00012687640826261688
country-crop system,KGZ,potato,0.5,77811.8,0.02471393618861676,0.006413201055248209
country-crop system,KGZ,pulses,0.0,215.0,0.0,1.7720168751762137e-05
country-crop system,KGZ,rapeseed_canola,0.0,88.4,0.0,7.285874035608246e-06
country-crop system,KGZ,rice,0.0,11723.4,0.0,0.0009662354713693406
country-crop system,KGZ,sorghum,0.0,12.6,0.0,1.0384843082428042e-06
country-crop system,KGZ,soybean,0.0,1522.8,0.0,0.00012550824639620176
country-crop system,KGZ,sugarbeet,0.0,11660.4,0.0,0.0009610430498281265
country-crop system,KGZ,sunflower,0.0,9525.4,0.0,0.0007850776531536514
country-crop system,KGZ,wheat,0.0,244618.0,0.0,0.02016126623124907
country-crop system,KHM,banana_plantain,0.0,70342.2,0.0,0.005797561183117221
country-crop system,KHM,beans,0.0,66077.8,0.0,0.005446091938349712
country-crop system,KHM,cassava,0.0,613323.4,0.0,0.05054974022048609
country-crop system,KHM,coffee_cocoa,0.0,452.2,0.0,3.727004795138064e-05
country-crop system,KHM,cotton,0.0,181.6,0.0,1.4967361141023274e-05
country-crop system,KHM,groundnut,0.0,13480.0,0.0,0.0011110133710407143
country-crop system,KHM,maize,0.0,176372.2,0.0,0.014536489056369962
country-crop system,KHM,oilpalm,0.0,45305.2,0.0,0.0037340269271271343
country-crop system,KHM,rice,2.0,3324160.0,0.09885574475446704,0.2739752379435238
country-crop system,KHM,soybean,0.0,33900.0,0.0,0.002794017305510402
country-crop system,KHM,sugarcane,0.0,18485.2,0.0,0.0015235388995817369
country-crop system,KHM,sweet_potato,0.0,5872.8,0.0,0.0004840325909085985
country-crop system,KIR,banana_plantain,0.0,1413.0,0.0,0.00011645859742437161
country-crop system,KNA,cotton,0.0,11.2,0.0,9.230971628824927e-07
country-crop system,KNA,groundnut,0.0,14.2,0.0,1.1703553315117317e-06
country-crop system,KNA,sweet_potato,0.0,29.0,0.0,2.390162296749311e-06
country-crop system,KNA,yam,0.0,2.8,0.0,2.3077429072062317e-07
country-crop system,KOR,barley,0.5,35679.4,0.02471393618861676,0.002940674367263358
country-crop system,KOR,beans,0.0,6355.0,0.0,0.0005237752205462715
country-crop system,KOR,groundnut,0.0,3848.0,0.0,0.0003171498109617707
country-crop system,KOR,maize,1.0,15513.8,0.04942787237723352,0.00127863792549343
country-crop system,KOR,millet,0.0,1037.2,0.0,8.548539083408226e-05
country-crop system,KOR,oat_rye,2.0,1.0,0.09885574475446704,8.24193895430797e-08
country-crop system,KOR,potato,0.0,22165.6,0.0,0.0018268752208560875
country-crop system,KOR,pulses,0.0,4.2,0.0,3.4616143608093473e-07
country-crop system,KOR,rapeseed_canola,0.0,1000.0,0.0,8.24193895430797e-05
country-crop system,KOR,rice,10.5,730690.0,0.518992659960952,0.060223023745232904
country-crop system,KOR,sorghum,0.0,1652.4,0.0,0.0001361897992809849
country-crop system,KOR,soybean,1.0,56516.6,0.04942787237723352,0.004658063671050418
country-crop system,KOR,sweet_potato,0.0,21946.4,0.0,0.0018088088906682443
country-crop system,KOR,wheat,0.0,6008.6,0.0,0.0004952251440085486
country-crop system,KWT,barley,0.0,633.2,0.0,5.218795745867807e-05
country-crop system,KWT,maize,0.0,1070.4,0.0,8.822171456691253e-05
country-crop system,KWT,potato,0.0,706.0,0.0,5.818808901741427e-05
country-crop system,KWT,sweet_potato,0.0,4.0,0.0,3.296775581723188e-07
country-crop system,KWT,wheat,0.0,7.8,0.0,6.428712384360216e-07
country-crop system,LAO,banana_plantain,0.0,26613.4,0.0,0.0021934601816657974
country-crop system,LAO,beans,0.0,2689.8,0.0,0.00022169167399297579
country-crop system,LAO,cassava,0.0,111188.0,0.0,0.009164047084515946
country-crop system,LAO,coffee_cocoa,0.0,84885.2,0.0,0.006996186365242229
country-crop system,LAO,cotton,0.0,1783.2,0.0,0.00014697025543321973
country-crop system,LAO,groundnut,0.0,16991.2,0.0,0.0014004043316043757
country-crop system,LAO,maize,0.0,130370.2,0.0,0.01074503229860921
country-crop system,LAO,potato,0.0,74.0,0.0,6.099034826187898e-06
country-crop system,LAO,rice,1.0,903573.0,0.04942787237723352,0.07447193506760916
country-crop system,LAO,soybean,0.0,2833.8,0.0,0.00023356006608717925
country-crop system,LAO,sugarcane,0.0,27079.0,0.0,0.002231834649437055
country-crop system,LAO,sweet_potato,0.0,6694.2,0.0,0.0005517318774792842
country-crop system,LBN,banana_plantain,0.0,1587.6,0.0,0.00013084902283859334
country-crop system,LBN,barley,0.0,12325.6,0.0,0.0010158684277521831
country-crop system,LBN,beans,0.0,963.8,0.0,7.943580764162022e-05
country-crop system,LBN,chickpea,0.0,1805.2,0.0,0.00014878348200316748
country-crop system,LBN,groundnut,0.0,2183.4,0.0,0.00017995449512836023
country-crop system,LBN,lentil,0.0,1575.8,0.0,0.000129876474041985
country-crop system,LBN,maize,0.0,1000.0,0.0,8.24193895430797e-05
country-crop system,LBN,oat_rye,0.0,117.4,0.0,9.676036332357557e-06
country-crop system,LBN,potato,1.5,24994.4,0.07414180856585027,0.002060023189995551
country-crop system,LBN,pulses,0.0,1237.2,0.0,0.0001019692687426982
country-crop system,LBN,sorghum,0.0,1869.6,0.0,0.0001540912906897418
country-crop system,LBN,sugarbeet,0.0,318.0,0.0,2.6209365874699345e-05
country-crop system,LBN,wheat,0.75,49282.4,0.037070904282925136,0.004061825323217871
country-crop system,LBR,banana_plantain,0.0,35997.6,0.0,0.0029669002170159657
country-crop system,LBR,cassava,0.0,78065.2,0.0,0.0064340861285584255
country-crop system,LBR,coffee_cocoa,0.0,105385.6,0.0,0.008685816818631181
country-crop system,LBR,groundnut,0.0,8245.4,0.0,0.0006795808345385094
country-crop system,LBR,oilpalm,0.0,18712.0,0.0,0.0015422316171301075
country-crop system,LBR,rice,0.0,241818.0,0.0,0.01993049194052845
country-crop system,LBR,soybean,0.0,7910.6,0.0,0.0006519868229194863
country-crop system,LBR,sugarcane,0.0,27129.6,0.0,0.0022360050705479352
country-crop system,LBR,sweet_potato,0.0,2180.2,0.0,0.00017969075308182233
country-crop system,LBR,yam,0.0,2342.8,0.0,0.00019309214582152715
country-crop system,LBY,barley,0.0,136863.8,0.0,0.01128023084654615
country-crop system,LBY,beans,0.0,360.2,0.0,2.968746411341731e-05
country-crop system,LBY,chickpea,0.0,151.0,0.0,1.2445327821005036e-05
country-crop system,LBY,groundnut,0.0,9358.4,0.0,0.0007713136150999571
country-crop system,LBY,maize,0.0,1604.4,0.0,0.00013223366858291708
country-crop system,LBY,millet,0.0,4275.8,0.0,0.0003524088258083002
country-crop system,LBY,potato,0.0,17578.4,0.0,0.0014488009971440725
country-crop system,LBY,pulses,0.0,3791.0,0.0,0.00031245190575781515
country-crop system,LBY,wheat,0.0,190982.2,0.0,0.015740636337594358
country-crop system,LCA,banana_plantain,0.0,472.4,0.0,3.893491962015085e-05
country-crop system,LCA,cassava,0.0,622.8,0.0,5.133079580743003e-05
country-crop system,LCA,coffee_cocoa,0.0,60.4,0.0,4.978131128402014e-06
country-crop system,LCA,sweet_potato,0.0,28.8,0.0,2.3736784188406955e-06
country-crop system,LCA,yam,0.0,26.2,0.0,2.159388006028688e-06
country-crop system,LKA,banana_plantain,0.0,47218.2,0.0,0.003891695219323046
country-crop system,LKA,beans,0.0,16441.4,0.0,0.0013550901512335907
country-crop system,LKA,cassava,0.0,21144.8,0.0,0.0017427415080105116
country-crop system,LKA,coffee_cocoa,0.0,7938.8,0.0,0.0006543110497046011
country-crop system,LKA,groundnut,0.0,16996.2,0.0,0.0014008164285520912
country-crop system,LKA,maize,0.0,80701.6,0.0,0.006651376607149801
country-crop system,LKA,millet,0.0,6278.4,0.0,0.0005174618953072716
country-crop system,LKA,potato,0.0,4449.8,0.0,0.00036674979958879603
country-crop system,LKA,rice,12.5,1061160.8,0.617848404715419,0.0874602253430461
country-crop system,LKA,sorghum,0.0,125.4,0.0,1.0335391448702195e-05
country-crop system,LKA,soybean,0.0,1961.8,0.0,0.00016169035840561376
country-crop system,LKA,sugarcane,2.0,14571.6,0.09885574475446704,0.0012009823766659402
country-crop system,LKA,sweet_potato,0.0,3909.0,0.0,0.0003221773937238986
country-crop system,LSO,barley,0.0,841.0,0.0,6.931470660573003e-05
country-crop system,LSO,beans,0.0,18700.4,0.0,0.0015412755522114078
country-crop system,LSO,maize,0.0,76448.0,0.0,0.006300797491789357
country-crop system,LSO,oat_rye,0.0,219.2,0.0,1.806633018784307e-05
country-crop system,LSO,potato,0.0,7413.0,0.0,0.0006109749346828498
country-crop system,LSO,pulses,0.0,1105.6,0.0,9.11228770788289e-05
country-crop system,LSO,sorghum,0.0,27490.2,0.0,0.0022657255024171696
country-crop system,LSO,wheat,0.0,4964.2,0.0,0.0004091463335697563
country-crop system,LTU,barley,0.0,168674.0,0.0,0.013902008111789425
country-crop system,LTU,maize,0.0,16606.0,0.0,0.0013686563827523814
country-crop system,LTU,oat_rye,0.0,207368.0,0.0,0.01709114397076935
country-crop system,LTU,potato,0.0,17258.0,0.0,0.0014223938247344694
country-crop system,LTU,pulses,0.0,138222.0,0.0,0.011392172861423562
country-crop system,LTU,rapeseed_canola,0.0,277896.0,0.0,0.02290401867646368
country-crop system,LTU,soybean,0.0,1878.0,0.0,0.00015478361356190368
country-crop system,LTU,sugarbeet,0.0,13996.0,0.0,0.0011535417760449435
country-crop system,LTU,wheat,1.0,890610.0,0.04942787237723352,0.07340353252096221
country-crop system,LUX,barley,0.0,5892.0,0.0,0.0004856150431878256
country-crop system,LUX,maize,0.0,120.0,0.0,9.890326745169565e-06
country-crop system,LUX,oat_rye,0.0,7402.0,0.0,0.0006100683213978759
country-crop system,LUX,potato,0.0,624.0,0.0,5.1429699074881735e-05
country-crop system,LUX,pulses,0.0,316.0,0.0,2.6044527095613186e-05
country-crop system,LUX,rapeseed_canola,0.0,2526.0,0.0,0.00020819137798581933
country-crop system,LUX,soybean,0.0,10.0,0.0,8.24193895430797e-07
country-crop system,LUX,sunflower,0.0,196.66666666666666,0.0,1.6209146610139007e-05
country-crop system,LUX,wheat,1.0,12920.0,0.04942787237723352,0.0010648585128965897
country-crop system,LVA,barley,0.0,88180.0,0.0,0.007267741769908768
country-crop system,LVA,oat_rye,0.0,129820.0,0.0,0.010699685150482606
country-crop system,LVA,potato,0.0,8680.0,0.0,0.0007154003012339318
country-crop system,LVA,pulses,0.0,45280.0,0.0,0.003731949958510649
country-crop system,LVA,rapeseed_canola,0.0,143740.0,0.0,0.011846963052922276
country-crop system,LVA,wheat,1.0,496580.0,0.04942787237723352,0.040927820459302516
country-crop system,MAR,banana_plantain,0.0,8608.0,0.0,0.00070946610518683
country-crop system,MAR,barley,0.5,1347277.6,0.02471393618861676,0.11104179733706551
country-crop system,MAR,chickpea,0.0,70955.4,0.0,0.005848100752785037
country-crop system,MAR,cotton,0.0,106.4,0.0,8.769423047383681e-06
country-crop system,MAR,groundnut,0.0,13202.4,0.0,0.0010881337485035554
country-crop system,MAR,lentil,0.0,40051.6,0.0,0.003301028422223611
country-crop system,MAR,maize,0.75,97834.8,0.037070904282925136,0.008063484492069294
country-crop system,MAR,millet,0.0,2549.4,0.0,0.0002101199917011274
country-crop system,MAR,oat_rye,1.0,17947.0,0.04942787237723352,0.0014791807841296515
country-crop system,MAR,potato,0.0,57539.8,0.0,0.0047423951904308976
country-crop system,MAR,pulses,0.0,149807.0,0.0,0.01234700148928014
country-crop system,MAR,rapeseed_canola,0.0,1600.0,0.0,0.00013187102326892751
country-crop system,MAR,rice,0.0,7145.4,0.0,0.0005889195060411217
country-crop system,MAR,sorghum,0.0,3719.0,0.0,0.0003065177097107134
country-crop system,MAR,soybean,0.0,1000.0,0.0,8.24193895430797e-05
country-crop system,MAR,sugarbeet,0.0,50535.2,0.0,0.004165080334437441
country-crop system,MAR,sugarcane,0.0,10120.0,0.0,0.0008340842221759666
country-crop system,MAR,sunflower,0.0,21053.0,0.0,0.001735175408050457
country-crop system,MAR,sweet_potato,0.0,662.8,0.0,5.462757138915323e-05
country-crop system,MAR,wheat,16.75,2698988.4,0.8279168623186615,0.22244897631185342
country-crop system,MDA,barley,0.0,57612.2,0.0,0.004748362354233817
country-crop system,MDA,beans,0.0,16541.2,0.0,0.00136331560630999
country-crop system,MDA,chickpea,0.0,795.6,0.0,6.557286632047421e-05
country-crop system,MDA,maize,0.5,464351.0,0.02471393618861676,0.038271525953718605
country-crop system,MDA,millet,0.0,79.6,0.0,6.560583407629144e-06
country-crop system,MDA,oat_rye,0.0,1577.6,0.0,0.00013002482894316253
country-crop system,MDA,potato,0.0,20835.6,0.0,0.0017172574327637912
country-crop system,MDA,pulses,0.0,14251.8,0.0,0.0011746246558900634
country-crop system,MDA,rapeseed_canola,0.0,34609.0,0.0,0.002852452652696445
country-crop system,MDA,sorghum,0.0,5156.8,0.0,0.0004250203079957534
country-crop system,MDA,soybean,0.0,27049.2,0.0,0.0022293785516286713
country-crop system,MDA,sugarbeet,0.0,14908.4,0.0,0.0012287412270640494
country-crop system,MDA,sunflower,0.5,383582.4,0.02471393618861676,0.03161462724746941
country-crop system,MDA,wheat,0.0,339195.6,0.0,0.027956294287698646
country-crop system,MDG,banana_plantain,0.0,72154.4,0.0,0.005946921600847189
country-crop system,MDG,beans,0.0,92399.8,0.0,0.007615535109902656
country-crop system,MDG,cassava,0.0,336439.2,0.0,0.0277291134823621
country-crop system,MDG,coffee_cocoa,0.0,106890.4,0.0,0.008809841516015606
country-crop system,MDG,cotton,0.0,13325.6,0.0,0.0010982878172952628
country-crop system,MDG,groundnut,0.0,69218.8,0.0,0.005704971240904525
country-crop system,MDG,lentil,0.0,1254.2,0.0,0.00010337039836493056
country-crop system,MDG,maize,0.0,130177.0,0.0,0.010729108872549487
country-crop system,MDG,oilpalm,0.0,1808.6,0.0,0.00014906370792761394
country-crop system,MDG,potato,0.0,41847.4,0.0,0.0034490371619650736
country-crop system,MDG,pulses,0.0,16582.6,0.0,0.0013667277690370733
country-crop system,MDG,rice,1.3333333333333333,1587847.0,0.06590382983631135,0.13086938042781046
country-crop system,MDG,sorghum,0.0,2441.0,0.0,0.00020118572987465756
country-crop system,MDG,soybean,0.0,79.4,0.0,6.5440995297205295e-06
country-crop system,MDG,sugarcane,0.0,100697.0,0.0,0.008299385268819497
country-crop system,MDG,sweet_potato,0.0,144420.2,0.0,0.01190302472168948
country-crop system,MDG,wheat,0.0,1165.2,0.0,9.603507269559646e-05
country-crop system,MDV,banana_plantain,0.0,7.8,0.0,6.428712384360216e-07
country-crop system,MDV,cassava,0.0,4.0,0.0,3.296775581723188e-07
country-crop system,MDV,maize,0.0,35.4,0.0,2.9176463898250214e-06
country-crop system,MDV,millet,0.0,6.0,0.0,4.945163372584782e-07
country-crop system,MDV,sorghum,0.0,42.6,0.0,3.5110659945351955e-06
country-crop system,MDV,sweet_potato,0.0,1.6,0.0,1.3187102326892752e-07
country-crop system,MEX,banana_plantain,0.0,80369.6,0.0,0.006624013369821499
country-crop system,MEX,barley,0.0,338620.2,0.0,0.027908870170955558
country-crop system,MEX,beans,4.0,1497872.4,0.19771148950893408,0.1234537288214277
country-crop system,MEX,cassava,0.1,2044.8,0.004942787237723352,0.00016853116773768938
country-crop system,MEX,chickpea,0.0,111133.4,0.0,0.009159546985846893
country-crop system,MEX,coffee_cocoa,1.0,692976.4,0.04942787237723352,0.05711469185576102
country-crop system,MEX,cotton,0.0,188868.6,0.0,0.015566434715856102
country-crop system,MEX,groundnut,0.0,53709.8,0.0,0.004426728928480902
country-crop system,MEX,lentil,0.0,8413.0,0.0,0.0006933943242259295
country-crop system,MEX,maize,7.333333333333333,6983631.0,0.3624710640997124,0.5755866038141272
country-crop system,MEX,millet,0.0,15.8,0.0,1.3022263547806593e-06
country-crop system,MEX,oat_rye,0.0,54400.6,0.0,0.004483664242777262
country-crop system,MEX,oilpalm,0.0,97335.8,0.0,0.008022357216687297
country-crop system,MEX,potato,1.1,60199.0,0.05437065961495688,0.004961564831103855
country-crop system,MEX,pulses,0.0,22620.2,0.0,0.0018643430753423715
country-crop system,MEX,rapeseed_canola,0.0,2600.0,0.0,0.00021429041281200722
country-crop system,MEX,rice,0.0,41879.2,0.0,0.003451658098552543
country-crop system,MEX,sorghum,0.3333333333333333,1345415.6,0.016475957459077838,0.1108883324337363
country-crop system,MEX,soybean,0.0,158752.8,0.0,0.013084308864254622
country-crop system,MEX,sugarbeet,0.0,68.0,0.0,5.60451848892942e-06
country-crop system,MEX,sugarcane,0.0,792273.0,0.0,0.06529865701146438
country-crop system,MEX,sunflower,0.0,4860.8,0.0,0.0004006241686910018
country-crop system,MEX,sweet_potato,0.0,3477.6,0.0,0.00028662166907501396
country-crop system,MEX,wheat,6.333333333333333,566554.4,0.3130431917224789,0.046695067790945795
country-crop system,MKD,barley,0.0,44875.8,0.0,0.003698636041257336
country-crop system,MKD,beans,0.0,7178.4,0.0,0.0005916393458960433
country-crop system,MKD,chickpea,0.0,824.4,0.0,6.794654473931491e-05
country-crop system,MKD,lentil,0.0,70.6,0.0,5.818808901741426e-06
country-crop system,MKD,maize,0.5,33177.6,0.02471393618861676,0.002734477538504481
country-crop system,MKD,millet,0.0,24.8,0.0,2.0440008606683767e-06
country-crop system,MKD,oat_rye,0.0,7172.0,0.0,0.0005911118618029676
country-crop system,MKD,potato,0.0,12801.0,0.0,0.0010550506055409632
country-crop system,MKD,pulses,0.0,1044.6,0.0,8.609529431670105e-05
country-crop system,MKD,rapeseed_canola,0.0,112.6,0.0,9.280423262550774e-06
country-crop system,MKD,rice,0.0,3221.0,0.0,0.0002654728537182597
country-crop system,MKD,sorghum,0.0,29.2,0.0,2.4066461746579273e-06
country-crop system,MKD,soybean,0.0,34.2,0.0,2.818743122373326e-06
country-crop system,MKD,sugarbeet,0.0,142.4,0.0,1.173652107093455e-05
country-crop system,MKD,sunflower,0.0,4547.8,0.0,0.0003748268997640179
country-crop system,MKD,wheat,1.5,70014.4,0.07414180856585027,0.005770544107224999
country-crop system,MLI,banana_plantain,0.0,20427.2,0.0,0.0016835973540743976
country-crop system,MLI,beans,0.0,688546.0,0.0,0.05674954099232936
country-crop system,MLI,cassava,0.0,8452.0,0.0,0.0006966086804181096
country-crop system,MLI,cotton,0.25,583479.2,0.01235696809430838,0.0480899994750845
country-crop system,MLI,groundnut,0.0,467250.2,0.0,0.0385104762478819
country-crop system,MLI,maize,0.25,1370209.4,0.01235696809430838,0.11293182229418951
country-crop system,MLI,millet,0.25,2099221.8,0.01235696809430838,0.17301657927152492
country-crop system,MLI,potato,0.0,11561.8,0.0,0.0009529164980191789
country-crop system,MLI,rice,0.0,910874.0,0.0,0.07507367903066318
country-crop system,MLI,sorghum,1.25,1590629.8,0.061784840471541896,0.13109873710503095
country-crop system,MLI,soybean,0.0,21938.8,0.0,0.0018081825033077169
country-crop system,MLI,sugarbeet,0.0,708.4,0.0,5.838589555231766e-05
country-crop system,MLI,sugarcane,0.0,8857.4,0.0,0.0007300215009388741
country-crop system,MLI,sweet_potato,0.0,31004.8,0.0,0.0025553966889052776
country-crop system,MLI,wheat,0.0,6758.2,0.0,0.0005570067184100413
country-crop system,MLI,yam,0.0,5681.2,0.0,0.0004682410358721444
country-crop system,MLT,potato,0.0,618.0,0.0,5.093518273762326e-05
country-crop system,MMR,banana_plantain,0.0,100530.8,0.0,0.008285687166277436
country-crop system,MMR,beans,0.0,3010451.8,0.0,0.24811959960486546
country-crop system,MMR,cassava,0.0,29069.2,0.0,0.0023958657185056925
country-crop system,MMR,chickpea,0.0,362533.2,0.0,0.02987976503309922
country-crop system,MMR,coffee_cocoa,0.0,12681.4,0.0,0.001045193246551611
country-crop system,MMR,cotton,0.3333333333333333,172749.8,0.016475957459077838,0.014237933059689109
country-crop system,MMR,groundnut,0.8333333333333333,1139750.8,0.0411898936476946,0.09393756516723673
country-crop system,MMR,lentil,0.0,1037.2,0.0,8.548539083408226e-05
country-crop system,MMR,maize,0.0,555925.8,0.0,0.04581906506724823
country-crop system,MMR,millet,0.0,162706.8,0.0,0.013410195130507958
country-crop system,MMR,potato,0.0,30409.2,0.0,0.002506307700493419
country-crop system,MMR,pulses,0.0,44965.4,0.0,0.003706020818560396
country-crop system,MMR,rice,0.5,7006780.0,0.02471393618861676,0.57749453026266
country-crop system,MMR,sorghum,0.0,172816.4,0.0,0.01424342219103268
country-crop system,MMR,soybean,0.0,133991.0,0.0,0.011043456424266792
country-crop system,MMR,sugarcane,0.0,175539.2,0.0,0.014467833704880577
country-crop system,MMR,sunflower,0.5,241289.8,0.02471393618861676,0.019886958018971793
country-crop system,MMR,sweet_potato,0.0,6810.6,0.0,0.0005613254944220986
country-crop system,MMR,wheat,0.0,56659.8,0.0,0.0046698661276329875
country-crop system,MNE,barley,0.0,349.2,0.0,2.878085082844343e-05
country-crop system,MNE,beans,0.0,40.0,0.0,3.296775581723188e-06
country-crop system,MNE,maize,0.09090909090909091,626.8,0.004493442943384866,5.166047336560235e-05
country-crop system,MNE,oat_rye,0.0,377.0,0.0,3.1072109857741044e-05
country-crop system,MNE,potato,0.0,1696.2,0.0,0.0001397997685429718
country-crop system,MNE,pulses,0.0,458.6,0.0,3.7797532044456354e-05
country-crop system,MNE,wheat,0.0,750.6,0.0,6.186399379103563e-05
country-crop system,MNG,barley,0.0,5040.0,0.0,0.0004153937232971217
country-crop system,MNG,oat_rye,0.0,15355.2,0.0,0.0012655662103118973
country-crop system,MNG,potato,0.3333333333333333,17967.2,0.016475957459077838,0.0014808456557984216
country-crop system,MNG,rapeseed_canola,0.0,78367.6,0.0,0.006459009751956253
country-crop system,MNG,wheat,1.3333333333333333,341644.2,0.06590382983631135,0.02815810640493383
country-crop system,MOZ,banana_plantain,0.0,66776.4,0.0,0.005503670123884506
country-crop system,MOZ,beans,0.0,1179409.2,0.0,0.09720618628549199
country-crop system,MOZ,cassava,0.0,785125.0,0.0,0.06470952321501044
country-crop system,MOZ,coffee_cocoa,0.0,823.4,0.0,6.786412534977182e-05
country-crop system,MOZ,cotton,0.0,130600.0,0.0,0.01076397227432621
country-crop system,MOZ,groundnut,0.0,393434.0,0.0,0.032426590105492016
country-crop system,MOZ,maize,3.25,1803929.6,0.16064058522600894,0.14867877641069194
country-crop system,MOZ,millet,0.0,52901.0,0.0,0.004360068126218459
country-crop system,MOZ,potato,0.0,23062.0,0.0,0.001900755961642504
country-crop system,MOZ,rice,0.0,291642.6,0.0,0.024037005056756572
country-crop system,MOZ,sorghum,0.0,255359.8,0.0,0.021046598829842923
country-crop system,MOZ,soybean,0.0,54800.0,0.0,0.004516582546960767
country-crop system,MOZ,sugarcane,0.0,47752.4,0.0,0.003935723657216959
country-crop system,MOZ,sunflower,0.0,15628.2,0.0,0.0012880667036571582
country-crop system,MOZ,sweet_potato,0.0,82459.8,0.0,0.006796286377844444
country-crop system,MOZ,wheat,0.0,14601.6,0.0,0.0012034549583522325
country-crop system,MRT,barley,0.0,477.6,0.0,3.936350044577486e-05
country-crop system,MRT,beans,0.0,33637.0,0.0,0.002772341006060572
country-crop system,MRT,groundnut,0.0,1082.2,0.0,8.919426336352085e-05
country-crop system,MRT,maize,0.0,22000.0,0.0,0.0018132265699477535
country-crop system,MRT,millet,0.0,10600.0,0.0,0.0008736455291566449
country-crop system,MRT,potato,0.0,393.2,0.0,3.240730396833894e-05
country-crop system,MRT,pulses,0.0,30313.6,0.0,0.0024984284068531007
country-crop system,MRT,rice,1.0,69460.0,0.04942787237723352,0.0057248507976623165
country-crop system,MRT,sorghum,0.0,186800.0,0.0,0.015395941966647288
country-crop system,MRT,sweet_potato,0.0,2876.8,0.0,0.0002371040998375317
country-crop system,MRT,wheat,0.0,2878.4,0.0,0.0002372359708608006
country-crop system,MRT,yam,0.0,476.6,0.0,3.928108105623179e-05
country-crop system,MUS,banana_plantain,0.0,543.8,0.0,4.481966403352674e-05
country-crop system,MUS,cassava,0.0,65.0,0.0,5.35726032030018e-06
country-crop system,MUS,groundnut,0.0,144.2,0.0,1.1884875972112092e-05
country-crop system,MUS,maize,0.0,87.4,0.0,7.203454646065166e-06
country-crop system,MUS,potato,0.0,687.8,0.0,5.668805612773022e-05
country-crop system,MUS,rice,0.0,3.8,0.0,3.1319368026370287e-07
country-crop system,MUS,sugarcane,0.0,43507.8,0.0,0.0035858863163624032
country-crop system,MUS,sweet_potato,0.0,73.8,0.0,6.082550948279282e-06
country-crop system,MWI,banana_plantain,0.0,76339.2,0.0,0.00629183026220707
country-crop system,MWI,beans,0.0,458834.4,0.0,0.03781685114936525
country-crop system,MWI,cassava,0.0,243920.0,0.0,0.020103737497348
country-crop system,MWI,chickpea,0.0,2126.4,0.0,0.00017525658992440467
country-crop system,MWI,coffee_cocoa,0.0,4061.6,0.0,0.0003347545925681725
country-crop system,MWI,cotton,0.0,45943.2,0.0,0.0037866104976556196
country-crop system,MWI,groundnut,1.0,433931.4,0.04942787237723352,0.03576436109157394
country-crop system,MWI,lentil,0.0,1890.0,0.0,0.00015577264623642064
country-crop system,MWI,maize,3.6166666666666667,1770925.0,0.17876413843099456,0.14595855742657843
country-crop system,MWI,millet,0.0,57595.2,0.0,0.004746961224611584
country-crop system,MWI,potato,0.0,73052.6,0.0,0.006020950696534785
country-crop system,MWI,pulses,0.5,46993.0,0.02471393618861676,0.0038731343727979443
country-crop system,MWI,rice,0.0,71818.8,0.0,0.005919261653716533
country-crop system,MWI,sorghum,0.0,114256.8,0.0,0.00941697570714575
country-crop system,MWI,soybean,0.0,223421.8,0.0,0.018414288366616044
country-crop system,MWI,sugarcane,0.0,27138.0,0.0,0.002236697393420097
country-crop system,MWI,sunflower,0.0,19470.8,0.0,0.0016047714499153962
country-crop system,MWI,sweet_potato,0.0,301679.4,0.0,0.024864231985722563
country-crop system,MWI,wheat,0.0,621.6,0.0,5.1231892539978345e-05
country-crop system,MYS,banana_plantain,0.0,23338.2,0.0,0.0019235201970343027
country-crop system,MYS,cassava,0.0,2371.6,0.0,0.00019546582424036783
country-crop system,MYS,coffee_cocoa,0.0,9512.8,0.0,0.0007840391688454085
country-crop system,MYS,groundnut,0.0,71.4,0.0,5.884744413375891e-06
country-crop system,MYS,maize,0.0,80.0,0.0,6.593551163446376e-06
country-crop system,MYS,oilpalm,3.5,5181875.8,0.17299755332031733,0.42708704012405774
country-crop system,MYS,rice,11.0,660572.6,0.5437065961495687,0.05444399044088497
country-crop system,MYS,sugarcane,0.0,1362.4,0.0,0.00011228817631349178
country-crop system,MYS,sweet_potato,0.0,3004.0,0.0,0.00024758784618741144
country-crop system,MYS,yam,0.0,552.0,0.0,4.549550302778e-05
country-crop system,NAM,beans,0.0,81.4,0.0,6.708938308806689e-06
country-crop system,NAM,groundnut,0.0,1649.0,0.0,0.00013590957335653844
country-crop system,NAM,maize,0.0,32017.6,0.0,0.002638871046634509
country-crop system,NAM,millet,0.5,215962.0,0.02471393618861676,0.01779945620450258
country-crop system,NAM,potato,0.0,1203.4,0.0,9.918349337614212e-05
country-crop system,NAM,sorghum,0.0,19591.2,0.0,0.001614694744416383
country-crop system,NAM,sunflower,0.0,63.0,0.0,5.192421541214021e-06
country-crop system,NAM,wheat,0.0,1961.8,0.0,0.00016169035840561376
country-crop system,NCL,banana_plantain,0.0,593.0,0.0,4.8874697999046264e-05
country-crop system,NCL,cassava,0.0,257.8,0.0,2.1247718624205947e-05
country-crop system,NCL,coffee_cocoa,0.0,14.4,0.0,1.1868392094203478e-06
country-crop system,NCL,maize,0.0,843.6,0.0,6.952899701854204e-05
country-crop system,NCL,potato,0.0,276.0,0.0,2.274775151389e-05
country-crop system,NCL,sorghum,0.0,48.8,0.0,4.022066209702289e-06
country-crop system,NCL,sweet_potato,0.0,302.0,0.0,2.489065564201007e-05
country-crop system,NCL,wheat,0.0,88.0,0.0,7.252906279791014e-06
country-crop system,NCL,yam,0.0,2437.0,0.0,0.00020085605231648523
country-crop system,NER,beans,0.125,5838354.8,0.00617848404715419,0.48119363855190916
country-crop system,NER,cassava,0.0,20907.2,0.0,0.001723158661055076
country-crop system,NER,chickpea,0.0,413.4,0.0,3.407217563710915e-05
country-crop system,NER,cotton,0.0,3520.4,0.0,0.0002901492189474578
country-crop system,NER,groundnut,0.0,948094.2,0.0,0.07814134519333452
country-crop system,NER,maize,0.125,18899.2,0.00617848404715419,0.001557660526852572
country-crop system,NER,millet,0.625,6706969.4,0.030892420235770948,0.5527843236321155
country-crop system,NER,potato,0.0,8335.2,0.0,0.0006869820957194781
country-crop system,NER,pulses,0.0,2698.2,0.0,0.00022238399686513765
country-crop system,NER,rice,1.0,31045.0,0.04942787237723352,0.0025587099483649093
country-crop system,NER,sorghum,0.625,3724430.4,0.030892420235770948,0.30696527996368816
country-crop system,NER,sugarcane,0.0,9764.6,0.0,0.0008047923711323561
country-crop system,NER,sweet_potato,0.0,7243.6,0.0,0.0005970130900942521
country-crop system,NER,wheat,0.0,1828.8,0.0,0.00015072857959638416
country-crop system,NGA,banana_plantain,0.0,494593.6,0.0,0.04076410258391414
country-crop system,NGA,beans,2.0,4955582.0,0.09885574475446704,0.408436043270674
country-crop system,NGA,cassava,4.0,9272666.0,0.19771148950893408,0.7642474711568706
country-crop system,NGA,coffee_cocoa,1.0,1027543.4,0.04942787237723352,0.08468949975702056
country-crop system,NGA,cotton,0.0,400107.6,0.0,0.03297662414354672
country-crop system,NGA,groundnut,0.0,3616783.4,0.0,0.29809307993754425
country-crop system,NGA,maize,14.533333333333333,6275797.4,0.7183517452157938,0.5172473906040468
country-crop system,NGA,millet,0.0,1802360.0,0.0,0.14854941093686513
country-crop system,NGA,oilpalm,0.0,3969875.0,0.0,0.32719467406233355
country-crop system,NGA,potato,0.5,326624.2,0.02471393618861676,0.026920167173996774
country-crop system,NGA,rice,10.066666666666666,4257474.0,0.49757391526415073,0.3508984080755337
country-crop system,NGA,sorghum,1.5666666666666667,5691279.8,0.07743700005766584,0.4690718068348607
country-crop system,NGA,soybean,5.066666666666666,1157314.0,0.25043455337798315,0.09538511338965974
country-crop system,NGA,sugarcane,0.0,88321.2,0.0,0.007279379387712251
country-crop system,NGA,sweet_potato,0.0,1510029.4,0.0,0.12445570134010292
country-crop system,NGA,wheat,1.0666666666666667,35877.6,0.05272306386904909,0.0029570098902707963
country-crop system,NGA,yam,0.0,6859895.0,0.0,0.5653883582296247
country-crop system,NIC,banana_plantain,0.0,17510.4,0.0,0.001443196478655143
country-crop system,NIC,beans,0.0,237587.6,0.0,0.019581824955005402
country-crop system,NIC,cassava,0.0,23070.2,0.0,0.0019014318006367573
country-crop system,NIC,coffee_cocoa,0.0,163515.4,0.0,0.013476839448892495
country-crop system,NIC,cotton,0.0,2000.0,0.0,0.0001648387790861594
country-crop system,NIC,groundnut,0.0,44641.2,0.0,0.0036793004524705297
country-crop system,NIC,maize,0.0,290005.4,0.0,0.02390206803219665
country-crop system,NIC,oilpalm,0.0,32452.0,0.0,0.0026746740294520226
country-crop system,NIC,potato,0.0,3356.6,0.0,0.00027664892294030133
country-crop system,NIC,rice,0.0,74862.2,0.0,0.0061700968238519414
country-crop system,NIC,sorghum,0.0,34557.0,0.0,0.0028481668444402053
country-crop system,NIC,soybean,0.0,3862.2,0.0,0.00031832016629328245
country-crop system,NIC,sugarcane,0.0,75082.8,0.0,0.006188278541185145
country-crop system,NIC,yam,0.0,75.0,0.0,6.181454215730977e-06
country-crop system,NIU,banana_plantain,0.0,41.0,0.0,3.3791949712662676e-06
country-crop system,NIU,cassava,0.0,7.0,0.0,5.769357268015579e-07
country-crop system,NIU,sweet_potato,0.0,16.4,0.0,1.351677988506507e-06
country-crop system,NIU,yam,0.0,141.6,0.0,1.1670585559300085e-05
country-crop system,NLD,barley,0.15,34802.0,0.007414180856585028,0.00286835959487826
country-crop system,NLD,maize,1.125,17898.0,0.05560635642438771,0.0014751422340420406
country-crop system,NLD,oat_rye,0.0,4490.0,0.0,0.00037006305904842783
country-crop system,NLD,potato,2.1083333333333334,163234.0,0.10421043092866734,0.013453646632675072
country-crop system,NLD,pulses,0.0,3070.0,0.0,0.0002530275258972547
country-crop system,NLD,rapeseed_canola,0.0,1704.0,0.0,0.00014044263978140782
country-crop system,NLD,soybean,0.0,406.6666666666667,0.0,3.351721841418575e-05
country-crop system,NLD,sugarbeet,1.5666666666666667,81666.0,0.07743700005766584,0.006730861866425147
country-crop system,NLD,sunflower,1.0666666666666667,716.0,0.05272306386904909,5.9012282912845064e-05
country-crop system,NLD,wheat,1.1916666666666667,116612.0,0.05890154791620328,0.009611089853397611
country-crop system,NOR,barley,1.0,138343.6,0.04942787237723352,0.011402195059192
country-crop system,NOR,oat_rye,0.0,72234.0,0.0,0.005953482184254819
country-crop system,NOR,potato,0.0,11664.2,0.0,0.0009613562435083902
country-crop system,NOR,pulses,0.0,3866.6,0.0,0.000318682811607272
country-crop system,NOR,rapeseed_canola,0.0,3022.0,0.0,0.00024907139519918687
country-crop system,NOR,wheat,1.0,69102.2,0.04942787237723352,0.0056953611400838025
country-crop system,NPL,banana_plantain,0.0,17494.2,0.0,0.0014418612845445448
country-crop system,NPL,barley,0.0,23691.4,0.0,0.0019526307254209183
country-crop system,NPL,beans,0.0,21674.0,0.0,0.0017863578489567095
country-crop system,NPL,chickpea,0.0,10030.0,0.0,0.0008266664771170894
country-crop system,NPL,coffee_cocoa,0.0,2693.4,0.0,0.00022198838379533086
country-crop system,NPL,cotton,0.0,128.8,0.0,1.0615617373148668e-05
country-crop system,NPL,lentil,0.0,204223.4,0.0,0.016831967958412183
country-crop system,NPL,maize,3.6666666666666665,963607.0,0.1812355320498562,0.0794199006994384
country-crop system,NPL,millet,0.0,264355.4,0.0,0.021788010690416654
country-crop system,NPL,potato,0.0,194881.4,0.0,0.016062006021300732
country-crop system,NPL,pulses,0.0,6088.8,0.0,0.0005018351790499037
country-crop system,NPL,rice,11.333333333333332,1469860.0,0.5601825536086465,0.12114496391379113
country-crop system,NPL,soybean,0.0,24360.4,0.0,0.0020077692970252386
country-crop system,NPL,sugarcane,0.0,69144.0,0.0,0.0056988062705667026
country-crop system,NPL,wheat,4.166666666666667,709277.0,0.20594946823847302,0.058458177356946944
country-crop system,NZL,barley,0.0,49848.8,0.0,0.004108507665455071
country-crop system,NZL,lentil,0.0,677.4,0.0,5.583089447648219e-05
country-crop system,NZL,maize,1.0,16859.2,0.04942787237723352,0.0013895249721846894
country-crop system,NZL,oat_rye,0.0,4625.2,0.0,0.0003812061605146522
country-crop system,NZL,potato,0.0,10087.6,0.0,0.0008314138339547708
country-crop system,NZL,pulses,0.0,6954.6,0.0,0.000573193886516302
country-crop system,NZL,rapeseed_canola,0.0,1085.4,0.0,8.945800541005872e-05
country-crop system,NZL,sweet_potato,0.0,1204.2,0.0,9.924942888777658e-05
country-crop system,NZL,wheat,0.0,43693.8,0.0,0.003601216322817416
country-crop system,OMN,banana_plantain,0.0,1570.8,0.0,0.0001294643770942696
country-crop system,OMN,barley,0.0,584.4,0.0,4.8165891248975775e-05
country-crop system,OMN,maize,0.0,1248.8,0.0,0.00010292533366139793
country-crop system,OMN,potato,0.0,548.8,0.0,4.523176098124213e-05
country-crop system,OMN,sorghum,0.0,2669.0,0.0,0.00021997735069047972
country-crop system,OMN,sugarcane,0.0,173.0,0.0,1.4258554390952788e-05
country-crop system,OMN,wheat,0.0,1172.2,0.0,9.661200842239802e-05
country-crop system,PAK,banana_plantain,0.0,31745.8,0.0,0.0026164694565566997
country-crop system,PAK,barley,0.0,48624.8,0.0,0.004007626332654342
country-crop system,PAK,beans,0.0,228166.4,0.0,0.018805335402242142
country-crop system,PAK,chickpea,0.0,921580.8,0.0,0.07595612695062302
country-crop system,PAK,cotton,5.25,2209945.6,0.259496329980476,0.182142367275415
country-crop system,PAK,groundnut,1.0,124167.6,0.04942787237723352,0.010233817793029303
country-crop system,PAK,lentil,0.0,9891.6,0.0,0.0008152596336043271
country-crop system,PAK,maize,1.0,1513554.4,0.04942787237723352,0.12474622968824227
country-crop system,PAK,millet,1.0,359096.4,0.04942787237723352,0.029596506075117567
country-crop system,PAK,potato,0.1,224690.4,0.004942787237723352,0.018518845604190395
country-crop system,PAK,pulses,0.0,36403.8,0.0,0.003000378973048365
country-crop system,PAK,rapeseed_canola,0.0,294130.8,0.0,0.024242080981817668
country-crop system,PAK,rice,7.25,3138636.4,0.358352074734943,0.25868449608568933
country-crop system,PAK,sorghum,0.0,140383.6,0.0,0.011570330613859883
country-crop system,PAK,soybean,0.0,58.8,0.0,4.846260105133087e-06
country-crop system,PAK,sugarbeet,0.0,718.4,0.0,5.921008944774846e-05
country-crop system,PAK,sugarcane,0.5833333333333333,1177174.6,0.028832925553386218,0.09702201191761904
country-crop system,PAK,sunflower,0.0,84895.8,0.0,0.006997060010771386
country-crop system,PAK,sweet_potato,0.0,1685.8,0.0,0.00013894260689172375
country-crop system,PAK,wheat,33.083333333333336,8884956.6,1.6352387778134756,0.7322926990887569
country-crop system,PAN,banana_plantain,0.0,23953.8,0.0,0.0019742575732370226
country-crop system,PAN,beans,0.0,13514.8,0.0,0.0011138815657968136
country-crop system,PAN,cassava,0.0,1535.0,0.0,0.00012651376294862734
country-crop system,PAN,coffee_cocoa,0.0,20826.8,0.0,0.0017165321421358122
country-crop system,PAN,maize,0.0,48706.8,0.0,0.004014384722596874
country-crop system,PAN,oilpalm,0.0,23657.2,0.0,0.001949811982298545
country-crop system,PAN,potato,0.0,1030.6,0.0,8.494142286309793e-05
country-crop system,PAN,rice,0.0,96686.4,0.0,0.007968834065118021
country-crop system,PAN,sorghum,0.0,469.4,0.0,3.868766145152161e-05
country-crop system,PAN,soybean,0.0,280.4,0.0,2.3110396827879544e-05
country-crop system,PAN,sugarcane,1.0,36371.8,0.04942787237723352,0.0029977415525829867
country-crop system,PAN,sweet_potato,0.0,21.2,0.0,1.7472910583132897e-06
country-crop system,PAN,yam,0.0,4835.8,0.0,0.0003985636839524248
country-crop system,PER,banana_plantain,0.0,171925.0,0.0,0.014169953547193978
country-crop system,PER,barley,0.0,128851.0,0.0,0.010619820762015363
country-crop system,PER,beans,1.0,85090.0,0.04942787237723352,0.007013065856220651
country-crop system,PER,cassava,0.0,107518.2,0.0,0.008861584408770752
country-crop system,PER,chickpea,0.0,553.8,0.0,4.5643857928957534e-05
country-crop system,PER,coffee_cocoa,0.25,606512.4,0.01235696809430838,0.04998838175830817
country-crop system,PER,cotton,1.0,11535.4,0.04942787237723352,0.0009507406261352416
country-crop system,PER,groundnut,0.0,3521.2,0.0,0.00029021515445909224
country-crop system,PER,lentil,0.0,2946.2,0.0,0.00024282400547182142
country-crop system,PER,maize,2.0,450451.4,0.09885574475446704,0.03712592940682561
country-crop system,PER,oat_rye,0.0,15454.6,0.0,0.0012737586976324796
country-crop system,PER,oilpalm,0.0,78958.8,0.0,0.006507736095054122
country-crop system,PER,potato,1.0,332552.6,0.04942787237723352,0.027408782282963964
country-crop system,PER,pulses,0.0,98943.4,0.0,0.008154854627316752
country-crop system,PER,rice,7.0,420090.0,0.34599510664063465,0.03462356135315235
country-crop system,PER,sorghum,0.0,32.2,0.0,2.653904343287167e-06
country-crop system,PER,soybean,0.0,760.2,0.0,6.265521993064919e-05
country-crop system,PER,sugarcane,0.0,119822.6,0.0,0.009875705545464622
country-crop system,PER,sweet_potato,0.0,15666.0,0.0,0.0012911821565818867
country-crop system,PER,wheat,0.0,120107.6,0.0,0.0098991950714844
country-crop system,PHL,banana_plantain,1.5,448282.2,0.07414180856585027,0.03694714526702876
country-crop system,PHL,beans,0.0,41914.0,0.0,0.0034545262933086424
country-crop system,PHL,cassava,0.0,220367.0,0.0,0.018162513615439843
country-crop system,PHL,coffee_cocoa,0.0,143178.8,0.0,0.011800709291510699
country-crop system,PHL,cotton,0.0,55.6,0.0,4.582518058595231e-06
country-crop system,PHL,groundnut,0.0,23850.2,0.0,0.0019657189244803594
country-crop system,PHL,maize,1.3333333333333335,2534428.8,0.06590382983631136,0.2088860745364
country-crop system,PHL,oilpalm,0.0,63391.2,0.0,0.005224664006403274
country-crop system,PHL,potato,0.0,7094.0,0.0,0.0005846831494186074
country-crop system,PHL,rice,7.166666666666667,4756092.0,0.3542330853701736,0.39199419925072504
country-crop system,PHL,sorghum,0.0,104.8,0.0,8.637552024114752e-06
country-crop system,PHL,soybean,0.0,416.8,0.0,3.435240156155562e-05
country-crop system,PHL,sugarcane,2.0,407492.8,0.09885574475446704,0.033585307819200265
country-crop system,PHL,sweet_potato,0.0,83452.4,0.0,0.006878095863904904
country-crop system,PHL,yam,0.0,2423.4,0.0,0.00019973514861869934
country-crop system,PNG,banana_plantain,0.0,75532.6,0.0,0.0062253507826016225
country-crop system,PNG,cassava,0.0,16252.0,0.0,0.0013394799188541312
country-crop system,PNG,coffee_cocoa,0.0,140642.8,0.0,0.011591693719629448
country-crop system,PNG,groundnut,0.0,1495.4,0.0,0.0001232499551227214
country-crop system,PNG,maize,0.0,2369.4,0.0,0.00019528450158337306
country-crop system,PNG,oilpalm,0.0,235706.8,0.0,0.01942681056715278
country-crop system,PNG,potato,0.0,217.2,0.0,1.790149140875691e-05
country-crop system,PNG,rice,0.0,408.0,0.0,3.3627110933576515e-05
country-crop system,PNG,sorghum,0.0,1119.2,0.0,9.224378077661481e-05
country-crop system,PNG,sugarcane,0.0,12352.4,0.0,0.0010180772673919376
country-crop system,PNG,sweet_potato,0.0,142485.8,0.0,0.011743592654557345
country-crop system,PNG,yam,0.0,21889.2,0.0,0.0018040945015863803
country-crop system,POL,barley,1.342857142857143,797546.0,0.06637457147799931,0.06573325445252505
country-crop system,POL,maize,2.5095238095238095,890178.0,0.12404042258477174,0.0733679273446796
country-crop system,POL,oat_rye,0.8928571428571428,2614588.0,0.04413202890824421,0.21549274686666167
country-crop system,POL,potato,2.592857142857143,250292.0,0.1281594119495412,0.020628913847516504
country-crop system,POL,pulses,0.14285714285714285,50946.0,0.007061124625319074,0.004198938219661739
country-crop system,POL,rapeseed_canola,2.3095238095238093,954236.0,0.11415484810932502,0.0786475486000302
country-crop system,POL,soybean,0.0,9726.0,0.0,0.0008016109826959932
country-crop system,POL,sugarbeet,0.95,239552.0,0.04695647875837184,0.01974372960382383
country-crop system,POL,sunflower,0.0,11312.0,0.0,0.0009323281345113176
country-crop system,POL,wheat,3.2595238095238095,2445704.0,0.16111132686769689,0.2015734306830682
country-crop system,PRI,banana_plantain,0.0,7001.6,0.0,0.0005770675978248269
country-crop system,PRI,beans,0.0,49.6,0.0,4.0880017213367535e-06
country-crop system,PRI,cassava,0.0,88.4,0.0,7.285874035608246e-06
country-crop system,PRI,coffee_cocoa,0.0,6042.4,0.0,0.0004980109193751048
country-crop system,PRI,maize,0.0,61.2,0.0,5.044066640036478e-06
country-crop system,PRI,rice,0.0,687.2,0.0,5.663860449400437e-05
country-crop system,PRI,sunflower,0.0,4.0,0.0,3.296775581723188e-07
country-crop system,PRI,sweet_potato,0.0,54.4,0.0,4.483614791143535e-06
country-crop system,PRI,yam,0.0,399.0,0.0,3.28853364276888e-05
country-crop system,PRK,barley,0.0,42998.4,0.0,0.0035439018793291584
country-crop system,PRK,beans,0.0,372848.0,0.0,0.03072990455235818
country-crop system,PRK,cotton,0.0,18178.6,0.0,0.0014982691147478284
country-crop system,PRK,maize,0.5,563095.8,0.02471393618861676,0.0464100120902721
country-crop system,PRK,millet,0.0,72219.2,0.0,0.005952262377289581
country-crop system,PRK,oat_rye,0.0,63920.0,0.0,0.0052682473795936545
country-crop system,PRK,potato,0.0,153788.2,0.0,0.01267512956292905
country-crop system,PRK,rice,1.5,470794.4,0.07414180856585027,0.03880258704830048
country-crop system,PRK,sorghum,0.0,27496.6,0.0,0.0022662529865102453
country-crop system,PRK,soybean,0.0,149320.0,0.0,0.012306863246572661
country-crop system,PRK,sweet_potato,0.0,42414.0,0.0,0.0034957359880801826
country-crop system,PRK,wheat,0.0,65430.4,0.0,0.005392733625559522
country-crop system,PRT,banana_plantain,0.0,1114.0,0.0,9.181519995099078e-05
country-crop system,PRT,barley,2.0,17996.0,0.09885574475446704,0.0014832193342172624
country-crop system,PRT,maize,0.0,76496.0,0.0,0.006304753622487425
country-crop system,PRT,oat_rye,0.0,62792.0,0.0,0.00517527830818906
country-crop system,PRT,potato,0.0,17526.0,0.0,0.0014444822211320148
country-crop system,PRT,pulses,0.0,4494.0,0.0,0.0003703927366066002
country-crop system,PRT,rice,0.0,28148.0,0.0,0.0023199409768586074
country-crop system,PRT,sunflower,0.0,7286.0,0.0,0.0006005076722108787
country-crop system,PRT,wheat,0.0,29082.0,0.0,0.002396920686691844
country-crop system,PRY,banana_plantain,0.0,8662.0,0.0,0.0007139167522221564
country-crop system,PRY,beans,0.0,62683.2,0.0,0.005166311078606774
country-crop system,PRY,cassava,0.0,179887.8,0.0,0.014826242662247613
country-crop system,PRY,coffee_cocoa,0.0,310.8,0.0,2.5615946269989173e-05
country-crop system,PRY,cotton,0.0,14029.4,0.0,0.0011562945836556824
country-crop system,PRY,groundnut,0.0,22177.8,0.0,0.001827880737408513
country-crop system,PRY,maize,0.0,1096383.4,0.0,0.09036325053316616
country-crop system,PRY,oilpalm,0.0,15403.8,0.0,0.001269571792643691
country-crop system,PRY,potato,0.0,374.2,0.0,3.0841335567020424e-05
country-crop system,PRY,pulses,0.0,27883.0,0.0,0.0022980998386296914
country-crop system,PRY,rapeseed_canola,0.0,38025.0,0.0,0.003133997287375606
country-crop system,PRY,rice,0.0,173548.8,0.0,0.01430378615193403
country-crop system,PRY,sorghum,0.0,26911.4,0.0,0.002218021159749635
country-crop system,PRY,soybean,0.0,3577162.2,0.0,0.29482752482058
country-crop system,PRY,sugarcane,0.0,102666.6,0.0,0.008461718498463546
country-crop system,PRY,sunflower,0.0,20831.4,0.0,0.0017169112713277107
country-crop system,PRY,sweet_potato,0.0,5223.0,0.0,0.00043047647158350527
country-crop system,PRY,wheat,0.0,455788.8,0.0,0.037565834656572844
country-crop system,PSE,banana_plantain,0.0,68.6,0.0,5.653970122655267e-06
country-crop system,PSE,barley,0.0,6560.8,0.0,0.0005407371309142373
country-crop system,PSE,beans,0.0,22.6,0.0,1.8626782036736013e-06
country-crop system,PSE,chickpea,0.0,688.0,0.0,5.6704540005638836e-05
country-crop system,PSE,groundnut,0.0,1.6,0.0,1.3187102326892752e-07
country-crop system,PSE,lentil,0.0,484.2,0.0,3.990746841675919e-05
country-crop system,PSE,potato,0.0,2143.8,0.0,0.00017669068730245428
country-crop system,PSE,pulses,0.0,298.4,0.0,2.459394583965498e-05
country-crop system,PSE,sorghum,0.0,173.8,0.0,1.4324489902587253e-05
country-crop system,PSE,sunflower,0.0,0.8,0.0,6.593551163446376e-08
country-crop system,PSE,sweet_potato,0.0,91.0,0.0,7.500164448420252e-06
country-crop system,PSE,wheat,0.0,16178.2,0.0,0.001333397367905852
country-crop system,PYF,banana_plantain,0.0,292.6,0.0,2.4115913380305125e-05
country-crop system,PYF,cassava,0.0,201.4,0.0,1.6599265053976253e-05
country-crop system,PYF,coffee_cocoa,0.0,96.8,0.0,7.978196907770116e-06
country-crop system,PYF,potato,0.0,6.0,0.0,4.945163372584782e-07
country-crop system,PYF,soybean,0.0,12.2,0.0,1.0055165524255723e-06
country-crop system,PYF,sugarcane,0.0,40.2,0.0,3.3132594596318045e-06
country-crop system,PYF,sweet_potato,0.0,20.8,0.0,1.7143233024960577e-06
country-crop system,PYF,yam,0.0,20.0,0.0,1.648387790861594e-06
country-crop system,QAT,barley,0.0,58.6,0.0,4.829776227224471e-06
country-crop system,QAT,beans,0.0,60.0,0.0,4.9451633725847824e-06
country-crop system,QAT,maize,0.0,118.2,0.0,9.741971843992021e-06
country-crop system,QAT,potato,0.0,25.6,0.0,2.1099363723028402e-06
country-crop system,QAT,wheat,0.0,23.6,0.0,1.945097593216681e-06
country-crop system,ROU,barley,0.0,437942.0,0.0,0.03609491229527541
country-crop system,ROU,maize,0.09090909090909091,2531666.0,0.004493442943384866,0.20865836624697043
country-crop system,ROU,oat_rye,0.0,199682.0,0.0,0.016457668542741243
country-crop system,ROU,potato,0.0,122750.0,0.0,0.010116980066413034
country-crop system,ROU,pulses,0.0,102274.0,0.0,0.008429360646128934
country-crop system,ROU,rapeseed_canola,0.0,452592.0,0.0,0.037302356352081525
country-crop system,ROU,rice,0.0,6080.0,0.0,0.0005011098884219246
country-crop system,ROU,sorghum,0.0,10856.0,0.0,0.0008947448928796732
country-crop system,ROU,soybean,0.0,154386.0,0.0,0.012724399873997903
country-crop system,ROU,sugarbeet,0.0,19662.0,0.0,0.0016205300371960332
country-crop system,ROU,sunflower,0.0,1129952.0,0.0,0.093129954052982
country-crop system,ROU,wheat,1.0,2156702.0,0.04942787237723352,0.17775406226633908
country-crop system,RUS,barley,2.6666666666666665,8090467.8,0.1318076596726227,0.666811417193943
country-crop system,RUS,beans,0.0,4784.2,0.0,0.0003943108434520019
country-crop system,RUS,chickpea,0.0,472758.4,0.0,0.03896445872936309
country-crop system,RUS,lentil,0.0,176885.2,0.0,0.014578770203205561
country-crop system,RUS,maize,1.25,2631817.0,0.061784840471541896,0.2169127505290994
country-crop system,RUS,millet,0.0,273709.0,0.0,0.022558928692446804
country-crop system,RUS,oat_rye,0.5,3415570.0,0.02471393618861676,0.2815091943416567
country-crop system,RUS,potato,0.0,1191752.2,0.0,0.09822348881062223
country-crop system,RUS,pulses,0.0,1385566.0,0.0,0.11419750389164678
country-crop system,RUS,rapeseed_canola,0.0,1660203.6,0.0,0.13683296722922328
country-crop system,RUS,rice,0.0,184556.6,0.0,0.015211042308146343
country-crop system,RUS,sorghum,0.0,68178.8,0.0,0.005619255075779722
country-crop system,RUS,soybean,0.5,2912738.8,0.02471393618861676,0.24006615379444252
country-crop system,RUS,sugarbeet,0.5,1030622.4,0.02471393618861676,0.0849432690574237
country-crop system,RUS,sunflower,1.0,8716919.6,0.04942787237723352,0.7184431921281065
country-crop system,RUS,wheat,5.642857142857142,28033615.8,0.2789144227001034,2.310513500921234
country-crop system,RWA,banana_plantain,1.0,168146.2,0.04942787237723352,0.013858507157988588
country-crop system,RWA,beans,0.0,623307.0,0.0,0.05137258243792838
country-crop system,RWA,cassava,0.0,89088.6,0.0,0.00734262802724761
country-crop system,RWA,coffee_cocoa,0.0,24477.0,0.0,0.002017379397845962
country-crop system,RWA,groundnut,0.0,38690.6,0.0,0.0031888556330554796
country-crop system,RWA,maize,4.75,299250.2,0.23478239379185922,0.02466401880464451
country-crop system,RWA,millet,0.0,8179.0,0.0,0.0006741081870728488
country-crop system,RWA,potato,1.5,112901.2,0.07414180856585027,0.009305247982681149
country-crop system,RWA,pulses,0.0,21132.2,0.0,0.001741703023702269
country-crop system,RWA,rice,2.0,31837.8,0.09885574475446704,0.002624052040394663
country-crop system,RWA,sorghum,0.0,163867.2,0.0,0.013505834590133752
country-crop system,RWA,soybean,0.0,53808.6,0.0,0.004434871964167759
country-crop system,RWA,sugarcane,0.0,7733.8,0.0,0.0006374150748482698
country-crop system,RWA,sweet_potato,0.0,183697.0,0.0,0.015140194600895112
country-crop system,RWA,wheat,0.0,12582.4,0.0,0.001037033726986846
country-crop system,RWA,yam,0.0,6433.2,0.0,0.0005302204168085403
country-crop system,SAU,banana_plantain,0.0,550.0,0.0,4.533066424869384e-05
country-crop system,SAU,barley,0.0,53895.4,0.0,0.004442025967180098
country-crop system,SAU,groundnut,0.0,474.4,0.0,3.909975839923701e-05
country-crop system,SAU,maize,2.0,9914.2,0.09885574475446704,0.0008171223118080008
country-crop system,SAU,millet,0.0,5523.8,0.0,0.0004552682239580637
country-crop system,SAU,potato,0.25,19594.6,0.01235696809430838,0.0016149749703408293
country-crop system,SAU,rice,0.25,268.6,0.01235696809430838,2.213784803127121e-05
country-crop system,SAU,sorghum,0.25,55627.0,0.01235696809430838,0.004584743382112895
country-crop system,SAU,wheat,0.25,94111.8,0.01235696809430838,0.007756637104800408
country-crop system,SDN,banana_plantain,0.0,48460.8,0.0,0.0039941095527692766
country-crop system,SDN,beans,0.0,248377.6,0.0,0.02047113016817523
country-crop system,SDN,chickpea,0.0,20210.6,0.0,0.0016657453142993664
country-crop system,SDN,cotton,0.0,298094.4,0.0,0.02456875847421062
country-crop system,SDN,groundnut,0.0,3280236.2,0.0,0.2703550651611115
country-crop system,SDN,maize,0.0,25382.4,0.0,0.0020920019131382664
country-crop system,SDN,millet,0.0,3317708.0,0.0,0.2734434680421919
country-crop system,SDN,potato,0.0,37314.0,0.0,0.003075397101410476
country-crop system,SDN,pulses,0.0,32969.0,0.0,0.0027172848538457948
country-crop system,SDN,rice,0.0,9774.2,0.0,0.0008055835972719697
country-crop system,SDN,sorghum,0.0,6965533.8,0.0,0.5740950436376883
country-crop system,SDN,sugarcane,0.0,67260.8,0.0,0.005543594076179176
country-crop system,SDN,sunflower,0.0,179444.8,0.0,0.014789730872680028
country-crop system,SDN,sweet_potato,0.0,27427.4,0.0,0.002260549564753864
country-crop system,SDN,wheat,0.0,273732.8,0.0,0.022560890273917927
country-crop system,SDN,yam,0.0,82168.0,0.0,0.006772236399975773
country-crop system,SEN,banana_plantain,0.0,1276.6,0.0,0.00010521659269069553
country-crop system,SEN,beans,0.0,266582.4,0.0,0.021971558670929092
country-crop system,SEN,cassava,0.0,87981.2,0.0,0.007251356795267604
country-crop system,SEN,cotton,0.3333333333333333,19236.6,0.016475957459077838,0.001585468828884407
country-crop system,SEN,groundnut,1.9166666666666665,1181966.6,0.09473675538969757,0.09741696563230948
country-crop system,SEN,maize,2.4166666666666665,271691.4,0.11945069157831434,0.022392639332104686
country-crop system,SEN,millet,7.25,954301.2,0.358352074734943,0.07865292234422841
country-crop system,SEN,oilpalm,0.0,11800.0,0.0,0.0009725487966083404
country-crop system,SEN,potato,0.0,6039.0,0.0,0.0004977306934506583
country-crop system,SEN,rice,1.5,365272.8,0.07414180856585027,0.030105561192691442
country-crop system,SEN,sorghum,0.5833333333333333,260033.4,0.028832925553386218,0.021431794088811462
country-crop system,SEN,sugarcane,0.0,11539.8,0.0,0.0009511032714492312
country-crop system,SEN,sweet_potato,0.0,2217.0,0.0,0.0001827237866170077
country-crop system,SEN,yam,0.0,5255.2,0.0,0.00043313037592679246
country-crop system,SLB,banana_plantain,0.0,138.0,0.0,1.1373875756945e-05
country-crop system,SLB,cassava,0.0,193.8,0.0,1.5972877693448846e-05
country-crop system,SLB,coffee_cocoa,0.0,11232.6,0.0,0.0009257840349815971
country-crop system,SLB,oilpalm,0.0,23200.0,0.0,0.001912129837399449
country-crop system,SLB,rice,0.0,1469.4,0.0,0.00012110705099460131
country-crop system,SLB,sweet_potato,0.0,7752.8,0.0,0.0006389810432495883
country-crop system,SLB,yam,0.0,4388.2,0.0,0.0003616727651929423
country-crop system,SLE,banana_plantain,0.0,8490.4,0.0,0.0006997735849765639
country-crop system,SLE,cassava,0.0,138023.4,0.0,0.011375804370660306
country-crop system,SLE,coffee_cocoa,0.0,74707.0,0.0,0.006157305334594855
country-crop system,SLE,groundnut,0.0,57266.2,0.0,0.004719845245451911
country-crop system,SLE,maize,0.0,12264.2,0.0,0.001010807877234238
country-crop system,SLE,millet,1.0,42054.6,0.04942787237723352,0.0034661144594783995
country-crop system,SLE,oilpalm,0.0,45724.8,0.0,0.0037686101029794105
country-crop system,SLE,pulses,0.0,6335.4,0.0,0.0005221598005112271
country-crop system,SLE,rice,2.0,796434.2,0.09885574475446704,0.06564162057523104
country-crop system,SLE,sorghum,0.0,59801.8,0.0,0.004928827849577344
country-crop system,SLE,sugarcane,0.0,1176.6,0.0,9.697465373638757e-05
country-crop system,SLE,sweet_potato,0.0,25755.2,0.0,0.0021227278615599263
country-crop system,SLV,banana_plantain,0.0,2946.2,0.0,0.00024282400547182142
country-crop system,SLV,beans,0.0,96473.6,0.0,0.007951295219023253
country-crop system,SLV,cassava,0.0,1781.4,0.0,0.0001468219005320422
country-crop system,SLV,coffee_cocoa,0.0,136088.2,0.0,0.011216306368016541
country-crop system,SLV,cotton,0.0,16.6,0.0,1.3681618664151233e-06
country-crop system,SLV,maize,0.0,265428.6,0.0,0.02187646317927428
country-crop system,SLV,potato,0.0,315.6,0.0,2.6011559339795955e-05
country-crop system,SLV,rice,0.0,3033.0,0.0,0.00024997800848416073
country-crop system,SLV,sorghum,0.0,63055.8,0.0,0.005197020543150525
country-crop system,SLV,soybean,0.0,2766.8,0.0,0.00022803796698779292
country-crop system,SLV,sugarcane,0.0,78746.4,0.0,0.006490230216715171
country-crop system,SLV,sweet_potato,0.0,132.2,0.0,1.0895843297595135e-05
country-crop system,SOM,banana_plantain,0.0,1378.8,0.0,0.0001136398543019983
country-crop system,SOM,beans,0.0,90577.2,0.0,0.007465317530521438
country-crop system,SOM,cassava,0.0,10213.2,0.0,0.0008417657092813817
country-crop system,SOM,cotton,0.0,18157.8,0.0,0.0014965547914453326
country-crop system,SOM,groundnut,0.0,7845.8,0.0,0.0006466460464770947
country-crop system,SOM,maize,0.25,98600.0,0.01235696809430838,0.008126551808947658
country-crop system,SOM,rice,0.0,1003.4,0.0,8.269961546752618e-05
country-crop system,SOM,sorghum,0.0,246800.0,0.0,0.02034110533923207
country-crop system,SOM,sugarcane,0.0,6643.0,0.0,0.0005475120047346785
country-crop system,SOM,sweet_potato,0.0,889.8,0.0,7.333677281543231e-05
country-crop system,SOM,wheat,0.0,2650.0,0.0,0.00021841138228916122
country-crop system,SRB,barley,0.0,100897.2,0.0,0.00831588563060602
country-crop system,SRB,beans,0.0,13301.0,0.0,0.001096260300312503
country-crop system,SRB,maize,3.757575757575758,966583.2,0.1857289749932411,0.07966519728659652
country-crop system,SRB,millet,0.0,107.4,0.0,8.85184243692676e-06
country-crop system,SRB,oat_rye,0.0,49786.4,0.0,0.004103364695547583
country-crop system,SRB,potato,0.0,28655.2,0.0,0.0023617440912348576
country-crop system,SRB,rapeseed_canola,1.0,30563.2,0.04942787237723352,0.0025190002864830534
country-crop system,SRB,sorghum,0.0,2630.4,0.0,0.00021679596225411684
country-crop system,SRB,soybean,0.6666666666666666,226982.6,0.032951914918155675,0.018707767328901042
country-crop system,SRB,sugarbeet,0.0,40444.2,0.0,0.0033333862745582236
country-crop system,SRB,sunflower,0.0,228718.4,0.0,0.01885083090526992
country-crop system,SRB,wheat,3.1666666666666665,606306.2,0.15652159586123945,0.04997138688018438
country-crop system,SSD,beans,0.0,1227.0,0.0,0.00010112859096935879
country-crop system,SSD,cassava,0.0,94019.8,0.0,0.007749054520962445
country-crop system,SSD,groundnut,0.0,226930.8,0.0,0.01870349800452271
country-crop system,SSD,maize,0.0,200148.2,0.0,0.016496092462146224
country-crop system,SSD,millet,0.0,49893.0,0.0,0.004112150602472876
country-crop system,SSD,rice,0.0,26802.4,0.0,0.0022090374462894395
country-crop system,SSD,sorghum,2.0,683592.4,0.09885574475446704,0.056341268304288754
country-crop system,SSD,sunflower,0.0,30278.0,0.0,0.002495494276585367
country-crop system,SSD,yam,0.0,21858.2,0.0,0.0018015395005105447
country-crop system,STP,banana_plantain,0.0,4325.8,0.0,0.00035652979528545415
country-crop system,STP,cassava,0.0,260.6,0.0,2.1478492914926574e-05
country-crop system,STP,coffee_cocoa,0.0,32558.4,0.0,0.002683443452499406
country-crop system,STP,maize,0.0,405.6,0.0,3.3429304398673126e-05
country-crop system,STP,oilpalm,0.0,1928.0,0.0,0.00015890458303905768
country-crop system,STP,yam,0.0,390.0,0.0,3.214356192180108e-05
country-crop system,SUR,banana_plantain,0.0,1442.0,0.0,0.00011884875972112093
country-crop system,SUR,cassava,0.0,241.6,0.0,1.9912524513608055e-05
country-crop system,SUR,coffee_cocoa,0.0,450.4,0.0,3.7121693050203095e-05
country-crop system,SUR,groundnut,0.0,15.2,0.0,1.2527747210548115e-06
country-crop system,SUR,maize,0.0,23.2,0.0,1.912129837399449e-06
country-crop system,SUR,oilpalm,0.0,600.0,0.0,4.945163372584782e-05
country-crop system,SUR,rice,0.0,56018.4,0.0,0.004617002331180056
country-crop system,SUR,soybean,0.0,6.2,0.0,5.110002151670942e-07
country-crop system,SUR,sugarcane,0.0,2183.2,0.0,0.0001799380112504516
country-crop system,SUR,sweet_potato,0.0,42.4,0.0,3.4945821166265794e-06
country-crop system,SVK,barley,0.0,121546.0,0.0,0.010017747121403166
country-crop system,SVK,maize,0.09090909090909091,185920.0,0.004493442943384866,0.015323412903849379
country-crop system,SVK,oat_rye,0.0,33630.0,0.0,0.0027717640703337704
country-crop system,SVK,potato,0.0,6950.0,0.0,0.000572814757324404
country-crop system,SVK,pulses,0.0,9386.0,0.0,0.0007735883902513461
country-crop system,SVK,rapeseed_canola,0.0,145036.0,0.0,0.011953778581770108
country-crop system,SVK,sorghum,0.0,1720.0,0.0,0.0001417613500140971
country-crop system,SVK,soybean,0.0,54952.0,0.0,0.004529110294171316
country-crop system,SVK,sugarbeet,0.0,21198.0,0.0,0.0017471262195342034
country-crop system,SVK,sunflower,0.0,63478.0,0.0,0.005231818009415613
country-crop system,SVK,wheat,0.0,393186.0,0.0,0.032406150096885335
country-crop system,SVN,barley,0.0,21750.0,0.0,0.0017926217225619834
country-crop system,SVN,maize,0.09090909090909091,39750.0,0.004493442943384866,0.0032761707343374183
country-crop system,SVN,oat_rye,0.0,7552.0,0.0,0.0006224312298293379
country-crop system,SVN,potato,0.0,2840.0,0.0,0.00023407106630234635
country-crop system,SVN,pulses,0.0,366.0,0.0,3.0165496572767172e-05
country-crop system,SVN,rapeseed_canola,0.0,3142.0,0.0,0.00025896172194435645
country-crop system,SVN,sorghum,0.0,104.0,0.0,8.57161651248029e-06
country-crop system,SVN,soybean,0.0,1810.0,0.0,0.00014917909507297425
country-crop system,SVN,sugarbeet,0.0,122.5,0.0,1.0096375219027264e-05
country-crop system,SVN,sunflower,0.0,394.0,0.0,3.24732394799734e-05
country-crop system,SVN,wheat,0.0,27238.0,0.0,0.002244939332374405
country-crop system,SWE,barley,2.0,298106.0,0.09885574475446704,0.024569714539129317
country-crop system,SWE,maize,0.0,1618.0,0.0,0.00013335457228070297
country-crop system,SWE,oat_rye,0.0,208252.0,0.0,0.017164002711125434
country-crop system,SWE,potato,1.0,23758.0,0.04942787237723352,0.0019581198567644874
country-crop system,SWE,pulses,0.0,43284.0,0.0,0.0035674408569826618
country-crop system,SWE,rapeseed_canola,0.0,106872.0,0.0,0.008808324999248014
country-crop system,SWE,sugarbeet,0.5,29078.0,0.02471393618861676,0.0023965910091336717
country-crop system,SWE,wheat,6.5,446372.0,0.3212811704520179,0.036789707749123574
country-crop system,SWZ,banana_plantain,0.0,2972.2,0.0,0.0002449669095999415
country-crop system,SWZ,beans,0.0,3454.8,0.0,0.00028474250699343177
country-crop system,SWZ,cotton,0.0,2516.2,0.0,0.00020738366796829713
country-crop system,SWZ,groundnut,0.0,4924.0,0.0,0.0004058330741101244
country-crop system,SWZ,maize,2.0,76296.2,0.09885574475446704,0.006288286228456718
country-crop system,SWZ,potato,0.0,4046.6,0.0,0.0003335183017250263
country-crop system,SWZ,rice,0.0,311.0,0.0,2.5632430147897788e-05
country-crop system,SWZ,sorghum,0.0,1079.6,0.0,8.897997295070884e-05
country-crop system,SWZ,sugarcane,0.0,58119.6,0.0,0.004790181952487975
country-crop system,SWZ,sweet_potato,0.0,1540.8,0.0,0.0001269917954079772
country-crop system,SWZ,wheat,0.0,383.2,0.0,3.1583110072908144e-05
country-crop system,SYC,banana_plantain,0.0,97.6,0.0,8.044132419404578e-06
country-crop system,SYC,cassava,0.0,19.8,0.0,1.6319039129529781e-06
country-crop system,SYR,banana_plantain,0.0,3.8,0.0,3.1319368026370287e-07
country-crop system,SYR,barley,0.25,1345172.4,0.01235696809430838,0.11086828803819943
country-crop system,SYR,beans,0.0,1001.4,0.0,8.253477668844001e-05
country-crop system,SYR,chickpea,0.0,64149.8,0.0,0.005287187355310655
country-crop system,SYR,cotton,0.0,34928.4,0.0,0.002878777405716505
country-crop system,SYR,groundnut,0.0,7214.2,0.0,0.0005945899600416855
country-crop system,SYR,lentil,0.0,108729.6,0.0,0.00896142725726324
country-crop system,SYR,maize,0.0,56578.2,0.0,0.004663140705446272
country-crop system,SYR,millet,0.0,129.6,0.0,1.0681552884783129e-05
country-crop system,SYR,oat_rye,0.0,9.0,0.0,7.417745058877173e-07
country-crop system,SYR,potato,0.0,24960.2,0.0,0.0020572044468731778
country-crop system,SYR,pulses,0.0,20587.8,0.0,0.0016968339080350163
country-crop system,SYR,sorghum,0.0,1705.6,0.0,0.00014057451080467674
country-crop system,SYR,soybean,0.0,1771.0,0.0,0.00014596473888079414
country-crop system,SYR,sugarbeet,0.0,477.0,0.0,3.931404881204902e-05
country-crop system,SYR,sunflower,0.0,4473.4,0.0,0.0003686948971820127
country-crop system,SYR,wheat,0.0,1308892.4,0.0,0.10787811258557649
country-crop system,TCD,beans,0.0,226050.0,0.0,0.018630903006213166
country-crop system,TCD,cassava,0.0,34588.6,0.0,0.0028507712971497664
country-crop system,TCD,cotton,0.0,246400.0,0.0,0.020308137583414838
country-crop system,TCD,groundnut,0.0,766581.8,0.0,0.06318120399083521
country-crop system,TCD,maize,0.0,331627.8,0.0,0.027332560831514526
country-crop system,TCD,millet,0.0,1174919.4,0.0,0.09683613971032147
country-crop system,TCD,potato,0.0,3804.4,0.0,0.0003135563255776924
country-crop system,TCD,rice,0.0,185705.2,0.0,0.015305709218975524
country-crop system,TCD,sorghum,0.0,1137475.0,0.0,0.09374999512051459
country-crop system,TCD,sugarcane,0.0,3367.6,0.0,0.0002775555362252752
country-crop system,TCD,sweet_potato,0.0,32080.2,0.0,0.0026440305004199055
country-crop system,TCD,wheat,0.0,822.6,0.0,6.779818983813736e-05
country-crop system,TGO,banana_plantain,0.0,1878.0,0.0,0.00015478361356190368
country-crop system,TGO,beans,0.0,387522.4,0.0,0.03193935964226915
country-crop system,TGO,cassava,0.0,291732.2,0.0,0.024044389834059637
country-crop system,TGO,chickpea,0.0,2041.8,0.0,0.00016828390956906013
country-crop system,TGO,coffee_cocoa,0.0,53605.4,0.0,0.0044181243442126044
country-crop system,TGO,cotton,0.0,121409.6,0.0,0.010006505116669489
country-crop system,TGO,groundnut,0.0,59157.4,0.0,0.004875716794955783
country-crop system,TGO,maize,0.0,739788.6,0.0,0.060972924802929575
country-crop system,TGO,millet,0.0,45728.6,0.0,0.0037689232966596742
country-crop system,TGO,oilpalm,0.0,13996.2,0.0,0.0011535582599228522
country-crop system,TGO,rice,0.0,93893.8,0.0,0.007738669677880017
country-crop system,TGO,sorghum,0.0,316302.0,0.0,0.026069417751255194
country-crop system,TGO,soybean,0.0,178796.2,0.0,0.014736273656622386
country-crop system,TGO,sweet_potato,0.0,2538.2,0.0,0.00020919689453824486
country-crop system,TGO,yam,0.0,102167.2,0.0,0.008420558255325733
country-crop system,THA,banana_plantain,0.0,60051.0,0.0,0.004949366761451479
country-crop system,THA,barley,0.0,65636.0,0.0,0.00540967905204958
country-crop system,THA,beans,0.0,116774.4,0.0,0.009624474762259406
country-crop system,THA,cassava,0.0,1479666.6,0.0,0.12195321789928429
country-crop system,THA,coffee_cocoa,0.0,36666.8,0.0,0.003022055272498195
country-crop system,THA,cotton,0.0,2480.0,0.0,0.00020440008606683767
country-crop system,THA,groundnut,0.0,13291.0,0.0,0.0010954361064170724
country-crop system,THA,maize,1.0,1067728.4,0.04942787237723352,0.0880015229258092
country-crop system,THA,oilpalm,3.0,929766.8,0.14828361713170055,0.07663081207342268
country-crop system,THA,potato,0.0,6494.0,0.0,0.0005352315156927596
country-crop system,THA,rice,13.5,10802753.2,0.6672762770926525,0.8903563241285508
country-crop system,THA,sorghum,0.0,23756.0,0.0,0.0019579550179854013
country-crop system,THA,soybean,0.0,15752.2,0.0,0.0012982867079605002
country-crop system,THA,sugarcane,4.0,1627245.6,0.19771148950893408,0.13411658898866247
country-crop system,THA,sunflower,0.0,31200.0,0.0,0.0025714849537440865
country-crop system,THA,wheat,0.0,1290.0,0.0,0.00010632101251057282
country-crop system,TJK,barley,0.0,70661.0,0.0,0.005823836484503555
country-crop system,TJK,beans,0.0,4126.2,0.0,0.0003400788851326555
country-crop system,TJK,cotton,0.0,182437.6,0.0,0.015036395621704557
country-crop system,TJK,groundnut,0.0,3505.8,0.0,0.00028894589586012884
country-crop system,TJK,lentil,0.0,564.6,0.0,4.65339873360228e-05
country-crop system,TJK,maize,0.0,17154.6,0.0,0.001413871659855715
country-crop system,TJK,millet,0.0,54.6,0.0,4.5000986690521515e-06
country-crop system,TJK,oat_rye,0.0,2087.6,0.0,0.00017205871761013318
country-crop system,TJK,potato,0.0,53443.8,0.0,0.004404805370862443
country-crop system,TJK,pulses,0.0,8850.2,0.0,0.0007294280813341641
country-crop system,TJK,rapeseed_canola,0.0,240.2,0.0,1.9797137368247745e-05
country-crop system,TJK,rice,0.0,12603.8,0.0,0.001038797501923068
country-crop system,TJK,sorghum,0.0,17.2,0.0,1.4176135001409709e-06
country-crop system,TJK,soybean,0.0,62.8,0.0,5.175937663305405e-06
country-crop system,TJK,sunflower,0.0,4080.6,0.0,0.00033632056096949105
country-crop system,TJK,wheat,0.0,267001.8,0.0,0.02200612536290346
country-crop system,TKM,barley,0.0,39965.0,0.0,0.00329389090308918
country-crop system,TKM,beans,0.0,1054.0,0.0,8.687003657840601e-05
country-crop system,TKM,cotton,0.0,583641.8,0.0,0.04810340086782422
country-crop system,TKM,maize,0.0,3910.8,0.0,0.0003223257486250761
country-crop system,TKM,potato,0.0,34284.6,0.0,0.0028257158027286703
country-crop system,TKM,pulses,0.0,9264.4,0.0,0.0007635661924829076
country-crop system,TKM,rice,0.0,19949.2,0.0,0.0016442008858728056
country-crop system,TKM,sugarbeet,0.0,17900.0,0.0,0.0014753070728211267
country-crop system,TKM,wheat,0.0,717799.0,0.0,0.059160555394633066
country-crop system,TLS,banana_plantain,0.0,1058.0,0.0,8.719971413657833e-05
country-crop system,TLS,beans,0.0,7724.2,0.0,0.0006366238487086562
country-crop system,TLS,cassava,0.0,5844.2,0.0,0.0004816753963676664
country-crop system,TLS,coffee_cocoa,0.0,24640.2,0.0,0.0020308302422193925
country-crop system,TLS,groundnut,0.0,4051.4,0.0,0.0003339139147948331
country-crop system,TLS,maize,0.0,41676.2,0.0,0.003434926962475298
country-crop system,TLS,potato,0.0,1138.0,0.0,9.37932653000247e-05
country-crop system,TLS,rice,0.0,24887.4,0.0,0.0020512043153144417
country-crop system,TLS,soybean,0.0,786.2,0.0,6.479812405876926e-05
country-crop system,TLS,sweet_potato,0.0,2060.8,0.0,0.00016984987797037868
country-crop system,TON,banana_plantain,0.0,811.6,0.0,6.689157655316348e-05
country-crop system,TON,cassava,0.0,461.6,0.0,3.804479021308559e-05
country-crop system,TON,coffee_cocoa,0.0,10.8,0.0,8.901294070652608e-07
country-crop system,TON,groundnut,0.0,2030.8,0.0,0.00016737729628408626
country-crop system,TON,sweet_potato,0.0,661.6,0.0,5.452866812170153e-05
country-crop system,TON,yam,0.0,349.8,0.0,2.883030246216928e-05
country-crop system,TTO,banana_plantain,0.0,2513.8,0.0,0.00020718586143339378
country-crop system,TTO,beans,0.0,166.8,0.0,1.3747554175785694e-05
country-crop system,TTO,cassava,0.0,264.6,0.0,2.1808170473098893e-05
country-crop system,TTO,coffee_cocoa,0.0,7519.6,0.0,0.0006197608416081421
country-crop system,TTO,rice,0.0,490.8,0.0,4.0451436387743517e-05
country-crop system,TTO,sweet_potato,0.0,217.4,0.0,1.7917975286665526e-05
country-crop system,TTO,yam,0.0,5.2,0.0,4.2858082562401443e-07
country-crop system,TUN,barley,0.0,515200.0,0.0,0.04246246949259466
country-crop system,TUN,beans,0.0,308.4,0.0,2.5418139735085776e-05
country-crop system,TUN,chickpea,0.0,7167.8,0.0,0.0005907657003668867
country-crop system,TUN,cotton,0.0,2280.0,0.0,0.00018791620815822172
country-crop system,TUN,lentil,0.0,3494.6,0.0,0.00028802279869724634
country-crop system,TUN,oat_rye,0.0,15051.4,0.0,0.0012405271997687098
country-crop system,TUN,potato,0.0,25726.8,0.0,0.0021203871508969027
country-crop system,TUN,pulses,0.0,59827.2,0.0,0.004930921302071738
country-crop system,TUN,rapeseed_canola,0.0,6765.6,0.0,0.00055761662189266
country-crop system,TUN,sorghum,0.0,2355.6,0.0,0.00019414711400767855
country-crop system,TUN,sugarbeet,0.0,1466.4,0.0,0.00012085979282597207
country-crop system,TUN,sunflower,0.0,7468.2,0.0,0.0006155244849856278
country-crop system,TUN,wheat,5.0,611800.0,0.24713936188616759,0.05042418252245616
country-crop system,TUR,banana_plantain,0.0,10749.4,0.0,0.0008859589859543809
country-crop system,TUR,barley,0.2,2965210.4,0.009885574475446704,0.24439083103479117
country-crop system,TUR,beans,0.0,96284.0,0.0,0.007935668502765886
country-crop system,TUR,chickpea,0.5,496305.4,0.02471393618861676,0.040905188094933986
country-crop system,TUR,cotton,3.2,472232.6,0.15816919160714726,0.03892112261434134
country-crop system,TUR,groundnut,0.0,48980.6,0.0,0.004036951151453769
country-crop system,TUR,lentil,0.0,285577.0,0.0,0.02353708200754407
country-crop system,TUR,maize,2.033333333333333,717938.6,0.10050334050037481,0.05917206114141328
country-crop system,TUR,millet,0.0,1681.6,0.0,0.00013859644545564283
country-crop system,TUR,oat_rye,0.0,301320.6,0.0,0.024834659908754497
country-crop system,TUR,potato,1.0,140444.0,0.04942787237723352,0.011575308744988286
country-crop system,TUR,pulses,0.5,4354.8,0.02471393618861676,0.0003589199575822035
country-crop system,TUR,rapeseed_canola,0.0,40805.6,0.0,0.0033631726419390932
country-crop system,TUR,rice,0.0,124388.0,0.0,0.010251983026484598
country-crop system,TUR,sorghum,0.0,3.2,0.0,2.6374204653785503e-07
country-crop system,TUR,soybean,0.0,37034.4,0.0,0.003052352640094231
country-crop system,TUR,sugarbeet,0.3333333333333333,306976.2,0.016475957459077838,0.025300791008254345
country-crop system,TUR,sunflower,1.2,818815.4,0.059313446852680224,0.06748626541647262
country-crop system,TUR,wheat,5.033333333333333,6852000.6,0.24878695763207537,0.5647377066008158
country-crop system,TUV,banana_plantain,0.0,16.0,0.0,1.3187102326892752e-06
country-crop system,TWN,banana_plantain,0.0,14997.8,0.0,0.0012361095204892008
country-crop system,TWN,beans,0.0,6132.8,0.0,0.0005054616321897992
country-crop system,TWN,cassava,0.0,404.2,0.0,3.331391725331281e-05
country-crop system,TWN,coffee_cocoa,0.0,1129.6,0.0,9.310094242786281e-05
country-crop system,TWN,groundnut,0.0,19371.2,0.0,0.0015965624787169055
country-crop system,TWN,maize,0.0,31519.4,0.0,0.0025978097067641463
country-crop system,TWN,millet,0.0,308.4,0.0,2.5418139735085776e-05
country-crop system,TWN,potato,0.0,2668.6,0.0,0.0002199443829346625
country-crop system,TWN,rapeseed_canola,0.0,7.0,0.0,5.769357268015579e-07
country-crop system,TWN,rice,7.0,253215.8,0.34599510664063465,0.02086989165866256
country-crop system,TWN,sorghum,0.0,1834.8,0.0,0.00015122309593364265
country-crop system,TWN,soybean,0.0,3437.0,0.0,0.00028327544185956493
country-crop system,TWN,sugarcane,0.0,8535.2,0.0,0.000703465973628094
country-crop system,TWN,sweet_potato,0.0,9149.4,0.0,0.0007540879626854535
country-crop system,TWN,wheat,1.0,2418.2,0.04942787237723352,0.0001993065677930753
country-crop system,TZA,banana_plantain,2.0,627470.2,0.09885574475446704,0.051715710840474126
country-crop system,TZA,barley,0.0,9014.0,0.0,0.0007429283773413204
country-crop system,TZA,beans,0.0,1161882.4,0.0,0.09576163812884833
country-crop system,TZA,cassava,0.0,1274281.8,0.0,0.10502552806185678
country-crop system,TZA,chickpea,0.0,42160.0,0.0,0.0034748014631362403
country-crop system,TZA,coffee_cocoa,0.0,254587.2,0.0,0.020982921609481942
country-crop system,TZA,cotton,0.0,348092.4,0.0,0.028689563112585515
country-crop system,TZA,groundnut,0.0,1002000.0,0.0,0.08258422832216586
country-crop system,TZA,maize,7.533333333333333,3915015.6,0.3723566385751592,0.3226731958036339
country-crop system,TZA,millet,0.0,280101.2,0.0,0.023085769914284075
country-crop system,TZA,oilpalm,0.0,5587.8,0.0,0.00046054306488882077
country-crop system,TZA,potato,0.0,83804.8,0.0,0.006907140456779886
country-crop system,TZA,pulses,0.0,50083.4,0.0,0.0041278432542418775
country-crop system,TZA,rice,2.5,1245329.8,0.12356968094308379,0.10263932189580553
country-crop system,TZA,sorghum,0.3333333333333333,682241.6,0.016475957459077838,0.056229936192893966
country-crop system,TZA,soybean,0.0,38374.2,0.0,0.0031627781382040487
country-crop system,TZA,sugarcane,0.0,47891.0,0.0,0.00394714698460763
country-crop system,TZA,sunflower,0.0,1026000.0,0.0,0.08456229367119977
country-crop system,TZA,sweet_potato,0.0,436976.4,0.0,0.036015328132732616
country-crop system,TZA,wheat,0.3333333333333333,56829.0,0.016475957459077838,0.004683811488343677
country-crop system,TZA,yam,0.0,1512.8,0.0,0.00012468405250077097
country-crop system,UGA,banana_plantain,0.0,2242672.6,0.0,0.18483970663699137
country-crop system,UGA,beans,0.0,828118.6,0.0,0.06825302948126981
country-crop system,UGA,cassava,0.0,1070175.0,0.0,0.08820317020426532
country-crop system,UGA,chickpea,0.0,8997.0,0.0,0.000741527247719088
country-crop system,UGA,coffee_cocoa,0.25,742998.6,0.01235696809430838,0.06123749104336286
country-crop system,UGA,cotton,0.0,92400.0,0.0,0.0076155515937805646
country-crop system,UGA,groundnut,0.0,350400.0,0.0,0.028879754095895126
country-crop system,UGA,maize,4.25,2029600.0,0.21006845760324247,0.16727839301663455
country-crop system,UGA,millet,0.0,69090.6,0.0,0.005694405075165103
country-crop system,UGA,potato,0.0,44104.0,0.0,0.003635024756407987
country-crop system,UGA,pulses,0.0,25647.2,0.0,0.0021138265674892735
country-crop system,UGA,rice,0.0,209600.0,0.0,0.017275104048229507
country-crop system,UGA,sorghum,0.0,235858.2,0.0,0.019439288862729602
country-crop system,UGA,soybean,0.0,203600.0,0.0,0.016780587710971028
country-crop system,UGA,sugarcane,1.0,81773.2,0.04942787237723352,0.006739697224984165
country-crop system,UGA,sunflower,0.0,275000.0,0.0,0.022665332124346918
country-crop system,UGA,sweet_potato,0.0,281341.4,0.0,0.023187986441195407
country-crop system,UGA,wheat,0.0,14863.4,0.0,0.001225032354534611
country-crop system,UKR,barley,0.16666666666666666,2336060.0,0.008237978729538919,0.19253663913600677
country-crop system,UKR,beans,0.0,43240.0,0.0,0.0035638144038427663
country-crop system,UKR,lentil,0.0,8600.0,0.0,0.0007088067500704854
country-crop system,UKR,maize,8.416666666666666,4909900.0,0.41601792584171543,0.40467096071756703
country-crop system,UKR,millet,0.0,88680.0,0.0,0.007308951464680308
country-crop system,UKR,oat_rye,0.0,327680.0,0.0,0.027007185565476356
country-crop system,UKR,potato,0.1,1288280.0,0.004942787237723352,0.10617925116055872
country-crop system,UKR,pulses,3.0,258380.0,0.14828361713170055,0.021295521870140933
country-crop system,UKR,rapeseed_canola,0.5,1118340.0,0.02471393618861676,0.09217290010160775
country-crop system,UKR,rice,0.0,9020.0,0.0,0.0007434228936785789
country-crop system,UKR,sorghum,0.0,38560.0,0.0,0.0031780916607811534
country-crop system,UKR,soybean,0.5,1511180.0,0.02471393618861676,0.12455053308971119
country-crop system,UKR,sugarbeet,0.5,225280.0,0.02471393618861676,0.018567440076264995
country-crop system,UKR,sunflower,3.6666666666666665,6101880.0,0.1812355320498562,0.5029132246651272
country-crop system,UKR,wheat,14.166666666666666,6478060.0,0.7002281920108081,0.5339177506234429
country-crop system,URY,barley,0.0,179000.0,0.0,0.014753070728211267
country-crop system,URY,beans,0.0,4855.2,0.0,0.00040016262010956057
country-crop system,URY,groundnut,0.0,3400.2,0.0,0.0002802424083243796
country-crop system,URY,maize,0.08333333333333333,117860.0,0.004118989364769459,0.009713949251547374
country-crop system,URY,oat_rye,0.0,18125.2,0.0,0.0014938679193462281
country-crop system,URY,potato,0.0,3899.6,0.0,0.0003214026514621936
country-crop system,URY,pulses,0.0,1642.2,0.0,0.0001353491215076455
country-crop system,URY,rapeseed_canola,0.3055555555555555,91040.0,0.015102961004154685,0.007503461224001976
country-crop system,URY,rice,1.0,147820.0,0.04942787237723352,0.012183234162258041
country-crop system,URY,sorghum,0.0,25980.0,0.0,0.0021412557403292106
country-crop system,URY,soybean,1.7222222222222223,976320.0,0.08512578020523551,0.08046769839869958
country-crop system,URY,sugarcane,0.0,6580.0,0.0,0.0005423195831934644
country-crop system,URY,sunflower,0.0,2940.0,0.0,0.00024231300525665432
country-crop system,URY,sweet_potato,0.0,8455.6,0.0,0.0006969053902204647
country-crop system,URY,wheat,1.3055555555555556,230940.0,0.06453083338138821,0.019033933821078826
country-crop system,USA,banana_plantain,0.5,338.0,0.02471393618861676,2.785775366556094e-05
country-crop system,USA,barley,1.4166666666666665,877044.0,0.07002281920108082,0.07228543108242079
country-crop system,USA,beans,2.5,530070.0,0.12356968094308379,0.04368804581510026
country-crop system,USA,chickpea,0.0,181432.0,0.0,0.014953514683580036
country-crop system,USA,coffee_cocoa,0.0,2888.8,0.0,0.00023809313251204863
country-crop system,USA,cotton,19.866666666666667,3856340.0,0.9819670645610393,0.31783718867056
country-crop system,USA,groundnut,5.75,590670.0,0.28421026616909273,0.048682660821410886
country-crop system,USA,lentil,0.0,231076.0,0.0,0.019045142858056686
country-crop system,USA,maize,159.51944444444445,33072806.0,7.884706741687193,2.7258404809967036
country-crop system,USA,millet,0.0,203964.0,0.0,0.016810588368764708
country-crop system,USA,oat_rye,1.0,468146.0,0.04942787237723352,0.03858430753703459
country-crop system,USA,potato,2.333333333333333,381348.0,0.11533170221354487,0.03143046936347436
country-crop system,USA,pulses,0.7666666666666666,373276.0,0.03789470215587903,0.030765180051082617
country-crop system,USA,rapeseed_canola,1.0,804258.0,0.04942787237723352,0.0662864533951382
country-crop system,USA,rice,9.052777777777777,1053650.0,0.44745954465945564,0.08684118979206593
country-crop system,USA,sorghum,3.9,2095568.0,0.19276870227121073,0.17271543530601244
country-crop system,USA,soybean,63.30833333333333,33801414.0,3.1291962204153587,2.785891907572908
country-crop system,USA,sugarbeet,0.9166666666666666,442262.0,0.04530888301246405,0.03645096405810151
country-crop system,USA,sugarcane,3.7,374410.0,0.18288312779576402,0.03085864363882447
country-crop system,USA,sunflower,2.75,564776.0,0.13592664903739218,0.04654849314858238
country-crop system,USA,sweet_potato,1.5,60145.4,0.07414180856585027,0.004957147151824346
country-crop system,USA,wheat,47.94563492063492,15088866.0,2.3698507239025735,1.2436151246173308
country-crop system,UZB,barley,0.0,93430.0,0.0,0.007700443565009937
country-crop system,UZB,chickpea,0.0,4340.8,0.0,0.0003577660861286004
country-crop system,UZB,cotton,4.333333333333333,1053195.4,0.2141874469680119,0.08680372193757963
country-crop system,UZB,groundnut,0.0,1302.0,0.0,0.00010731004518508977
country-crop system,UZB,lentil,0.0,1087.8,0.0,8.96558119449621e-05
country-crop system,UZB,maize,0.3333333333333333,51947.4,0.016475957459077838,0.004281472996350178
country-crop system,UZB,millet,0.0,30641.0,0.0,0.002525412514989505
country-crop system,UZB,oat_rye,0.0,7242.2,0.0,0.0005968977029488918
country-crop system,UZB,potato,0.0,95104.2,0.0,0.007838430106982961
country-crop system,UZB,pulses,0.0,3935.6,0.0,0.0003243697494857445
country-crop system,UZB,rapeseed_canola,0.0,1678.8,0.0,0.0001383656711649222
country-crop system,UZB,rice,0.0,49938.8,0.0,0.004115925410513949
country-crop system,UZB,sorghum,0.0,6517.8,0.0,0.0005371930971638848
country-crop system,UZB,soybean,0.0,7360.8,0.0,0.000606672642548701
country-crop system,UZB,sugarbeet,0.0,202.2,0.0,1.6665200565610717e-05
country-crop system,UZB,sunflower,0.0,9420.4,0.0,0.000776423617251628
country-crop system,UZB,wheat,1.3333333333333333,1294256.8,0.06590382983631135,0.1066718553679798
country-crop system,VCT,banana_plantain,0.0,6059.0,0.0,0.0004993790812415199
country-crop system,VCT,cassava,0.0,15.6,0.0,1.2857424768720432e-06
country-crop system,VCT,coffee_cocoa,0.0,1370.0,0.0,0.00011291456367401919
country-crop system,VCT,groundnut,0.0,56.2,0.0,4.631969692321079e-06
country-crop system,VCT,maize,0.0,39.6,0.0,3.2638078259059563e-06
country-crop system,VCT,sweet_potato,0.0,208.4,0.0,1.717620078077781e-05
country-crop system,VCT,yam,0.0,131.4,0.0,1.0829907785960673e-05
country-crop system,VEN,banana_plantain,0.5,97312.0,0.02471393618861676,0.008020395635216173
country-crop system,VEN,beans,0.0,99215.2,0.0,0.008177256217394561
country-crop system,VEN,cassava,0.0,33591.6,0.0,0.0027685991657753163
country-crop system,VEN,coffee_cocoa,0.0,239282.4,0.0,0.019721509336403015
country-crop system,VEN,cotton,0.0,4168.8,0.0,0.00034358995112719067
country-crop system,VEN,groundnut,0.0,916.6,0.0,7.554561245518685e-05
country-crop system,VEN,maize,0.0,451779.2,0.0,0.037235365872260916
country-crop system,VEN,oilpalm,0.0,44341.4,0.0,0.0036545911194855144
country-crop system,VEN,potato,0.0,21314.8,0.0,0.0017567528042328352
country-crop system,VEN,pulses,0.0,121.0,0.0,9.972746134712644e-06
country-crop system,VEN,rice,0.0,161849.2,0.0,0.013339512262035816
country-crop system,VEN,sorghum,0.0,18399.6,0.0,0.001516483799836849
country-crop system,VEN,soybean,0.0,5172.2,0.0,0.00042628956659471683
country-crop system,VEN,sugarbeet,0.0,1124.2,0.0,9.26558777243302e-05
country-crop system,VEN,sugarcane,0.0,60642.4,0.0,0.004998109588427256
country-crop system,VEN,sunflower,0.0,7273.6,0.0,0.0005994856717805445
country-crop system,VEN,sweet_potato,0.0,1876.0,0.0,0.00015461877478281752
country-crop system,VEN,wheat,0.0,290.4,0.0,2.3934590723310343e-05
country-crop system,VEN,yam,0.0,4864.0,0.0,0.0004008879107375397
country-crop system,VNM,banana_plantain,0.0,136139.6,0.0,0.011220542724639054
country-crop system,VNM,beans,0.0,132469.2,0.0,0.010918030597260136
country-crop system,VNM,cassava,0.0,521743.8,0.0,0.043001805493886665
country-crop system,VNM,coffee_cocoa,3.416666666666667,641690.8,0.16887856395554787,0.05288776401141045
country-crop system,VNM,cotton,0.0,200.4,0.0,1.6516845664433173e-05
country-crop system,VNM,groundnut,0.0,170905.2,0.0,0.014085902253737945
country-crop system,VNM,maize,0.41666666666666663,948686.2,0.0205949468238473,0.07819013747194402
country-crop system,VNM,millet,0.0,1418.4,0.0,0.00011690366212790425
country-crop system,VNM,potato,0.0,20910.8,0.0,0.001723455370857431
country-crop system,VNM,rice,17.5,7310667.6,0.8649877666015866,0.6025407607443716
country-crop system,VNM,soybean,0.0,42681.4,0.0,0.003517774932844002
country-crop system,VNM,sugarcane,1.0,205609.0,0.04942787237723352,0.016946168264563074
country-crop system,VNM,sweet_potato,0.0,105573.4,0.0,0.00870129517998737
country-crop system,VUT,banana_plantain,0.0,1628.6,0.0,0.0001342282178098596
country-crop system,VUT,cassava,0.0,315.0,0.0,2.5962107706070106e-05
country-crop system,VUT,coffee_cocoa,0.0,2297.8,0.0,0.00018938327329208856
country-crop system,VUT,groundnut,0.0,1678.0,0.0,0.00013829973565328773
country-crop system,VUT,maize,0.0,1521.4,0.0,0.00012539285925084145
country-crop system,VUT,potato,0.0,0.5,0.0,4.120969477153985e-08
country-crop system,VUT,sugarcane,0.0,22.5,0.0,1.8544362647192932e-06
country-crop system,VUT,sweet_potato,0.0,740.0,0.0,6.099034826187898e-05
country-crop system,VUT,yam,0.0,1050.0,0.0,8.654035902023369e-05
country-crop system,WSM,banana_plantain,0.0,2784.8,0.0,0.00022952151599956835
country-crop system,WSM,cassava,0.0,37.8,0.0,3.1154529247284123e-06
country-crop system,WSM,coffee_cocoa,0.0,2629.8,0.0,0.000216746510620391
country-crop system,WSM,sugarcane,0.0,1.0,0.0,8.24193895430797e-08
country-crop system,WSM,yam,0.0,280.8,0.0,2.314336458369678e-05
country-crop system,YEM,banana_plantain,0.0,9858.4,0.0,0.000812523309871497
country-crop system,YEM,barley,0.0,28060.0,0.0,0.0023126880705788165
country-crop system,YEM,beans,0.0,27969.2,0.0,0.0023052043900083047
country-crop system,YEM,chickpea,0.0,18444.2,0.0,0.0015201597046104705
country-crop system,YEM,coffee_cocoa,0.0,35710.8,0.0,0.002943262336095011
country-crop system,YEM,cotton,0.0,7216.8,0.0,0.0005948042504544976
country-crop system,YEM,groundnut,0.0,2065.4,0.0,0.0001702290071622768
country-crop system,YEM,lentil,0.0,9974.6,0.0,0.0008221004429364028
country-crop system,YEM,maize,0.0,36943.2,0.0,0.003044835991767902
country-crop system,YEM,millet,0.0,83736.8,0.0,0.0069015359382909565
country-crop system,YEM,potato,0.0,16586.0,0.0,0.00136700799496152
country-crop system,YEM,pulses,0.0,6295.8,0.0,0.0005188959926853212
country-crop system,YEM,sorghum,0.0,297642.6,0.0,0.02453152139401505
country-crop system,YEM,sweet_potato,0.0,39.2,0.0,3.2308400700887245e-06
country-crop system,YEM,wheat,0.0,66921.0,0.0,0.005515587967612437
country-crop system,ZAF,banana_plantain,0.5,6868.6,0.02471393618861676,0.0005661058190155972
country-crop system,ZAF,barley,0.0,117676.0,0.0,0.009698784083871446
country-crop system,ZAF,beans,0.0,61111.4,0.0,0.005036764282122961
country-crop system,ZAF,cotton,0.0,28401.2,0.0,0.0023408095662909153
country-crop system,ZAF,groundnut,0.0,39160.0,0.0,0.003227543294507001
country-crop system,ZAF,maize,6.083333333333333,2703369.0,0.30068622362817055,0.22281002268968583
country-crop system,ZAF,millet,0.0,12936.6,0.0,0.0010662266747630048
country-crop system,ZAF,oat_rye,0.0,27716.2,0.0,0.0022843522844539057
country-crop system,ZAF,potato,1.0,70047.6,0.04942787237723352,0.005773280430957831
country-crop system,ZAF,pulses,0.0,881.4,0.0,7.264444994327044e-05
country-crop system,ZAF,rapeseed_canola,0.0,89726.0,0.0,0.007395162146142369
country-crop system,ZAF,rice,0.0,1086.8,0.0,8.957339255541902e-05
country-crop system,ZAF,sorghum,0.0,41640.0,0.0,0.0034319433805738387
country-crop system,ZAF,soybean,0.0,795020.0,0.0,0.06552506307453923
country-crop system,ZAF,sugarcane,1.5,259917.4,0.07414180856585027,0.021422233439624464
country-crop system,ZAF,sunflower,0.0,553130.0,0.0,0.045588636937963674
country-crop system,ZAF,sweet_potato,0.0,31902.2,0.0,0.002629359849081237
country-crop system,ZAF,wheat,2.5,528690.0,0.12356968094308379,0.043574307057530806
country-crop system,ZMB,banana_plantain,0.0,160.0,0.0,1.3187102326892752e-05
country-crop system,ZMB,barley,0.0,1283.4,0.0,0.0001057770445395885
country-crop system,ZMB,beans,0.0,104053.6,0.0,0.008576034191759799
country-crop system,ZMB,cassava,0.0,153378.2,0.0,0.012641337613216388
country-crop system,ZMB,coffee_cocoa,0.0,8110.2,0.0,0.000668437733072285
country-crop system,ZMB,cotton,0.0,65823.0,0.0,0.005425091477894135
country-crop system,ZMB,groundnut,0.0,234622.4,0.0,0.019337434981132263
country-crop system,ZMB,maize,2.3333333333333335,1157361.8,0.11533170221354488,0.0953890530364799
country-crop system,ZMB,millet,0.0,43443.0,0.0,0.0035805455399200116
country-crop system,ZMB,potato,0.0,2500.8,0.0,0.00020611440936933373
country-crop system,ZMB,rice,0.0,32688.6,0.0,0.002694174457017915
country-crop system,ZMB,sorghum,0.0,23205.4,0.0,0.0019125749021029817
country-crop system,ZMB,soybean,0.0,257087.4,0.0,0.021188986567217547
country-crop system,ZMB,sugarcane,0.0,43524.0,0.0,0.003587221510473001
country-crop system,ZMB,sunflower,0.0,113631.0,0.0,0.00936539765316969
country-crop system,ZMB,sweet_potato,0.0,49660.0,0.0,0.004092946884709338
country-crop system,ZMB,wheat,1.0,26855.0,0.04942787237723352,0.0022133727061794052
country-crop system,ZWE,banana_plantain,0.0,7531.2,0.0,0.0006207169065268419
country-crop system,ZWE,barley,0.0,10574.8,0.0,0.0008715685605401592
country-crop system,ZWE,beans,0.0,82677.6,0.0,0.006814237320886927
country-crop system,ZWE,cassava,0.0,53132.2,0.0,0.00437912348908082
country-crop system,ZWE,chickpea,0.0,254.4,0.0,2.0967492699759475e-05
country-crop system,ZWE,coffee_cocoa,0.0,585.0,0.0,4.821534288270163e-05
country-crop system,ZWE,cotton,0.0,121019.4,0.0,0.00997434507086978
country-crop system,ZWE,groundnut,0.0,180873.8,0.0,0.014907508180337089
country-crop system,ZWE,maize,4.0,1052478.4,0.19771148950893408,0.08674462723527725
country-crop system,ZWE,millet,0.0,125051.6,0.0,0.010306676533385385
country-crop system,ZWE,oat_rye,0.0,296.4,0.0,2.442910706056882e-05
country-crop system,ZWE,potato,0.0,22338.8,0.0,0.0018411502591249489
country-crop system,ZWE,rice,0.0,2157.6,0.0,0.00017782807487814876
country-crop system,ZWE,sorghum,0.0,189048.8,0.0,0.015581286689851766
country-crop system,ZWE,soybean,0.0,34662.6,0.0,0.0028568703319759546
country-crop system,ZWE,sugarcane,0.0,72497.6,0.0,0.005975207935338376
country-crop system,ZWE,sunflower,0.0,19547.6,0.0,0.0016111012590323045
country-crop system,ZWE,sweet_potato,0.0,29397.4,0.0,0.002422915762153731
country-crop system,ZWE,wheat,0.0,40046.0,0.0,0.00330056687364217
country,AFG,,0.0,2585482.8000000003,0.0,0.21309391405013245
country,AGO,,0.0,5651792.2,0.0,0.4658172629483394
country,ALB,,1.0,159734.0,0.04942787237723352,0.013165178769274293
country,ARE,,0.0,1104.0,0.0,9.099100605556e-05
country,ARG,,15.25,36405560.0,0.7537750537528112,3.0005240311739607
country,ARM,,0.5,138183.4,0.02471393618861676,0.011388991472987199
country,ATG,,0.0,738.0,0.0,6.082550948279282e-05
country,AUS,,45.14285714285714,23302719.0,2.2313153816008273,1.9205958746739247
country,AUT,,2.4242424242424243,949192.0,0.11982514515692975,0.0782318251991749
country,AZE,,2.0,1202798.7999999998,0.09885574475446704,0.0991339428391488
country,BDI,,0.0,2022178.5999999999,0.0,0.16666672575907954
country,BEL,,5.625,470006.0,0.2780317821219386,0.03873760760158472
country,BEN,,2.25,3450808.2,0.11121271284877542,0.2844135052742537
country,BFA,,7.699999999999999,6939240.0,0.38059461730469807,0.5719279246929204
country,BGD,,32.66666666666667,13700075.6,1.6146438309896285,1.1291518676460415
country,BGR,,3.2159090909090913,2924351.0,0.15895554412223964,0.24102322422969466
country,BHR,,0.0,4.0,0.0,3.296775581723188e-07
country,BHS,,0.0,3597.2,0.0,0.0002964790280643663
country,BIH,,1.0909090909090908,349648.60000000003,0.053921315320618377,0.028817824166592457
country,BLR,,4.0,3012297.6,0.19771148950893408,0.2482717293140841
country,BLZ,,0.0,95440.8,0.0,0.007866172473503161
country,BOL,,1.0,3494663.0,0.04942787237723352,0.2880279911187875
country,BRA,,93.28333333333333,80706464.0,4.610796694922934,6.651777495060538
country,BRB,,0.0,2858.6000000000004,0.0,0.00023560406694784767
country,BRN,,0.0,2009.85,0.0,0.00016565061007315873
country,BTN,,0.0,31925.4,0.0,0.002631271978918637
country,BWA,,0.5,154787.4,0.02471393618861676,0.012757483016960496
country,CAF,,0.0,1563536.5999999999,0.0,0.1288657321002624
country,CAN,,38.05952380952381,29817825.8,1.8812012855954234,2.457566999937892
country,CHE,,1.5,206101.2,0.07414180856585027,0.01698673508809618
country,CHL,,2.0,572956.7999999999,0.09885574475446704,0.047222749690556405
country,CHN,,252.3095238095238,134555575.4,12.471122942417704,11.089988384085832
country,CIV,,1.0,10435324.4,0.04942787237723352,0.8600730667320045
country,CMR,,2.0,5805368.4,0.09885574475446704,0.47847491960068533
country,COD,,0.0,12787572.4,0.0,1.0539439109459345
country,COG,,0.0,354583.80000000005,0.0,0.02922458033786547
country,COK,,0.0,15.4,0.0,1.2692585989634274e-06
country,COL,,10.75,3766165.6,0.5313496280552603,0.31040506967014647
country,COM,,0.0,48201.200000000004,0.0,0.003972713479243893
country,CPV,,0.0,31032.800000000003,0.0,0.0025577044318124843
country,CRI,,3.0,355860.2,0.14828361713170055,0.02932978044667825
country,CUB,,1.0,942493.2,0.04942787237723352,0.07767971419250373
country,CYP,,3.0,29258.0,0.14828361713170055,0.0024114264992514257
country,CZE,,13.757575757575758,1869184.0,0.6800076987655763,0.1540570042236919
country,DEU,,36.708333333333336,8046000.0,1.8144148151809472,0.6631464082636193
country,DJI,,0.0,38951.8,0.0,0.0032103835776041323
country,DMA,,0.0,14374.4,0.0,0.001184729273048045
country,DNK,,6.833333333333333,1638890.0,0.3377571279110957,0.1350763133282579
country,DOM,,0.0,757216.2,0.0,0.062409296956130546
country,DZA,,6.0,3035320.0,0.2965672342634011,0.25016922146790066
country,ECU,,4.0,1926889.7999999998,0.19771148950893408,0.1588130810327869
country,EGY,,12.75,4043860.8,0.6302053728097273,0.3332925385331899
country,ERI,,0.0,451220.0,0.0,0.037189276949628425
country,ESP,,23.0,7050034.6,1.136841064676371,0.58105954798959
country,EST,,1.0,484720.0,0.04942787237723352,0.03995032649932159
country,ETH,,39.45,12083041.8,1.9499295652818627,0.995876928979515
country,FIN,,5.625,1022672.0,0.2780317821219386,0.08428800194280041
country,FJI,,0.0,46992.799999999996,0.0,0.003873117888920036
country,FRA,,14.517857142857142,11928798.0,0.7175867900480509,0.9831642491427101
country,FRO,,0.0,101.2,0.0,8.340842221759666e-06
country,FSM,,0.0,2616.0,0.0,0.0002156091230446965
country,GAB,,0.0,263317.4,0.0,0.021702459364070937
country,GBR,,16.833333333333332,4033606.2,0.8320358516834309,0.33244736066118147
country,GEO,,0.0,176022.0,0.0,0.014507625786151975
country,GHA,,9.583333333333332,6695147.4,0.47368377694848784,0.5518099616089372
country,GIN,,0.0,4966935.2,0.0,0.4093717670840345
country,GMB,,0.0,216154.80000000002,0.0,0.017815346662806483
country,GNB,,1.0,332938.2,0.04942787237723352,0.027440563199571777
country,GNQ,,0.0,81441.6,0.0,0.00671236695541168
country,GRC,,7.0,1167494.2,0.34599510664063465,0.0962241592590862
country,GRD,,0.0,3580.6,0.0,0.00029511086619795116
country,GTM,,1.0,2152672.2,0.04942787237723352,0.1774219286103584
country,GUY,,0.0,197334.2,0.0,0.016264164299972
country,HKG,,0.0,5.0,0.0,4.120969477153985e-07
country,HND,,1.25,1225168.2,0.061784840471541896,0.10097761513159378
country,HRV,,3.090909090909091,689086.0,0.1527770600750854,0.05679404746268262
country,HTI,,0.0,1050590.4,0.0,0.08658901942781991
country,HUN,,16.09090909090909,3351710.0,0.7953394009791211,0.27624589212543565
country,IDN,,34.875,31699022.2,1.723797049156019,2.6126140588365314
country,IND,,292.59285714285716,169375049.0,14.462242401347263,13.959788142409211
country,IRL,,1.0,300998.0,0.04942787237723352,0.024808071413687904
country,IRN,,49.5,9122869.2,2.446679682673059,0.7519013103453638
country,IRQ,,5.0,2144517.2,0.24713936188616759,0.1767497984886346
country,ISL,,0.0,2620.0,0.0,0.00021593880060286882
country,ISR,,1.0,121996.0,0.04942787237723352,0.01005483584669755
country,ITA,,15.875,3584486.0,0.7846674739885822,0.29543114794571557
country,JAM,,0.0,53108.6,0.0,0.0043771783914876026
country,JOR,,0.0,63418.600000000006,0.0,0.005226922297676755
country,JPN,,10.0,2187198.4,0.49427872377233517,0.18026755693760066
country,KAZ,,18.5,17111390.8,0.9144156389788202,1.4103103839690703
country,KEN,,21.916666666666664,4798827.133333334,1.083294202934368,0.3955164028521005
country,KGZ,,1.0,751315.2,0.04942787237723352,0.061922940138436834
country,KHM,,2.0,4367952.600000001,0.09885574475446704,0.36000398684510787
country,KIR,,0.0,1413.0,0.0,0.00011645859742437161
country,KNA,,0.0,57.199999999999996,0.0,4.714389081864159e-06
country,KOR,,15.0,902418.2,0.7414180856585028,0.0743767571565648
country,KWT,,0.0,2421.4,0.0,0.00019957030983961318
country,LAO,,1.0,1314775.0,0.04942787237723352,0.10836295288650262
country,LBN,,2.25,99260.4,0.11121271284877542,0.008180981573801909
country,LBR,,0.0,527787.0,0.0,0.04349988234877341
country,LBY,,0.0,364965.2,0.0,0.030080208988467992
country,LCA,,0.0,1210.6,0.0,9.977691298085227e-05
country,LKA,,14.5,1282897.8,0.716704149469886,0.10573565352215995
country,LSO,,0.0,137181.6,0.0,0.011306423728542942
country,LTU,,1.0,1732508.0,0.04942787237723352,0.14279225173850194
country,LUX,,1.0,30006.666666666664,0.04942787237723352,0.002473131148889345
country,LVA,,1.0,912280.0,0.04942787237723352,0.07518956069236075
country,MAR,,19.0,4600703.2,0.9391295751674369,0.3791871492128933
country,MDA,,1.0,1380546.0,0.04942787237723352,0.11378375855614051
country,MDG,,1.3333333333333333,2718747.8,0.06590382983631135,0.22407753399759095
country,MDV,,0.0,97.39999999999999,0.0,8.027648541495963e-06
country,MEX,,20.2,13108092.0,0.9984430220201171,1.0803609407145267
country,MKD,,2.0,185270.8,0.09885574475446704,0.015269906236158011
country,MLI,,2.0,7825600.2,0.09885574475446704,0.6449811912922024
country,MLT,,0.0,618.0,0.0,5.093518273762326e-05
country,MMR,,2.1666666666666665,13416698.2,0.10709372348400595,1.1057960753277363
country,MNE,,0.09090909090909091,4298.4,0.004493442943384866,0.00035427150401197373
country,MNG,,1.6666666666666665,458374.2,0.0823797872953892,0.037778921746297524
country,MOZ,,3.25,5198305.0,0.16064058522600894,0.4284411247587389
country,MRT,,1.0,360995.4,0.04942787237723352,0.029753020495859876
country,MUS,,0.0,45113.600000000006,0.0,0.003718235372090681
country,MWI,,5.116666666666667,3974019.2,0.2529059469968449,0.32753623649647795
country,MYS,,14.5,5882740.8,0.716704149469886,0.4848519055761683
country,NAM,,0.5,272529.4,0.02471393618861676,0.02246170678054179
country,NCL,,0.0,4860.6,0.0,0.00040060768481309326
country,NER,,2.5,17322504.400000002,0.12356968094308379,1.4277102380053124
country,NGA,,39.8,51742123.6,1.9672293206138938,4.264554240774578
country,NIC,,0.0,1002578.0,0.0,0.08263186672932175
country,NIU,,0.0,206.0,0.0,1.6978394245874417e-05
country,NLD,,8.291666666666666,424598.6666666667,0.4098394417945613,0.03499516290747225
country,NOR,,2.0,298232.6,0.09885574475446704,0.024580148833845468
country,NPL,,19.166666666666664,3981509.2,0.9473675538969757,0.3281535577241556
country,NZL,,1.0,135036.2,0.04942787237723352,0.01112960117021722
country,OMN,,0.0,7967.0,0.0,0.000656635276489716
country,PAK,,49.266666666666666,19430508.4,2.435146512451705,1.601450640839682
country,PAN,,1.0,271890.0,0.04942787237723352,0.02240900782286794
country,PER,,12.25,2771292.6,0.6054914366211106,0.22840824433725415
country,PHL,,12.0,8732544.0,0.5931344685268022,0.7197309456380834
country,PNG,,0.0,650470.7999999999,0.0,0.05361140625159868
country,POL,,14.0,8264080.0,0.6919902132812693,0.6811204287351741
country,PRI,,0.0,14387.8,0.0,0.0011858336928679222
country,PRK,,2.0,2042503.6,0.09885574475446704,0.16834189985154266
country,PRT,,2.0,244934.0,0.09885574475446704,0.020187310758344682
country,PRY,,0.0,5827952.6,0.0,0.48033629557800417
country,PSE,,0.0,26711.800000000003,0.0,0.0022015702495968366
country,PYF,,0.0,690.0,0.0,5.6869378784724995e-05
country,QAT,,0.0,286.0,0.0,2.3571945409320795e-05
country,ROU,,1.0909090909090908,7324544.0,0.053921315320618377,0.6036844451614272
country,RUS,,12.059523809523808,60250145.4,0.5960766037873517,4.965780203749792
country,RWA,,9.25,1845132.0,0.4572078194894101,0.15207465306640175
country,SAU,,3.0,239959.8,0.14828361713170055,0.019777340230879497
country,SDN,,0.0,14914094.8,0.0,1.2292105890036193
country,SEN,,14.0,3445193.2,0.6919902132812693,0.2839507204019693
country,SLB,,0.0,48374.8,0.0,0.003987021485268572
country,SLE,,3.0,1268033.8,0.14828361713170055,0.10451057171599162
country,SLV,,0.0,650784.4,0.0,0.0536372529721594
country,SOM,,0.25,484759.0,0.01235696809430838,0.039953540855513774
country,SRB,,8.59090909090909,2294975.4,0.42463035814986977,0.18915047148438516
country,SSD,,2.0,1334749.8,0.09885574475446704,0.11000926370874772
country,STP,,0.0,39868.4,0.0,0.003285929190059319
country,SUR,,0.0,61022.600000000006,0.0,0.005029445440331536
country,SVK,,0.09090909090909091,1037002.0,0.004493442943384866,0.08546907179495274
country,SVN,,0.09090909090909091,105068.5,0.004493442943384866,0.00865968163020707
country,SWE,,10.0,1157340.0,0.49427872377233517,0.09538725629378786
country,SWZ,,2.0,155644.19999999998,0.09885574475446704,0.012828099949921004
country,SYC,,0.0,117.39999999999999,0.0,9.676036332357557e-06
country,SYR,,0.25,2980783.8,0.01235696809430838,0.24567438115590137
country,TCD,,0.0,4143422.6,0.0,0.3414983613110001
country,TGO,,0.0,2410557.6,0.0,0.1986766858504313
country,THA,,21.5,16280552.0,1.0626992561105206,1.3418331572643654
country,TJK,,0.0,626892.4,0.0,0.05166808891719614
country,TKM,,0.0,1427768.8,0.0,0.11767583290465546
country,TLS,,0.0,113866.6,0.0,0.00938481566134604
country,TON,,0.0,4326.2,0.0,0.0003565627630412714
country,TTO,,0.0,11178.2,0.0,0.0009213004201904535
country,TUN,,5.0,1258912.0,0.24713936188616759,0.10375875852845755
country,TUR,,14.0,13721102.399999999,0.6919902132812693,1.1308848836660856
country,TUV,,0.0,16.0,0.0,1.3187102326892752e-06
country,TWN,,8.0,355129.39999999997,0.39542297901786816,0.02926954835680017
country,TZA,,12.7,12589235.6,0.6277339791908657,1.0375971129660067
country,UGA,,5.5,8806239.8,0.27185329807478437,0.7258049084859723
country,UKR,,31.016666666666666,24743140.0,1.533087841567193,2.039314494178957
country,URY,,4.416666666666667,1818858.0,0.21830643633278138,0.14990916602554685
country,USA,,327.7261904761905,95054748.2,16.198808317534066,7.834354319815154
country,UZB,,6.0,2711602.0,0.2965672342634011,0.223488581523794
country,VCT,,0.0,7880.2,0.0,0.0006494812734773766
country,VEN,,0.5,1253534.6,0.02471393618861676,0.10331555650312861
country,VNM,,22.333333333333332,10238695.8,1.103889149758215,0.8438670575532942
country,VUT,,0.0,9253.8,0.0,0.0007626925469537509
country,WSM,,0.0,5734.200000000001,0.0,0.0004726092635179277
country,YEM,,0.0,647464.0,0.0,0.053363587631120556
country,ZAF,,11.583333333333332,5369280.4,0.5725395217029549,0.4425328128536228
country,ZMB,,3.3333333333333335,2317387.8000000003,0.16475957459077842,0.1909976878105805
country,ZWE,,4.0,2044171.1999999997,0.19771148950893408,0.16847934242554466
